ID,INCOME_LEVEL,SEX,AGE,TOWN,OCCUPATION,HEIGHT,1SIBLING,2HOME,3EDUC,4TRAVEL,5CREDIT,6CR SUM,7CARD,8PASTIME,9CHANGES,10DAILY TRAVEL,11TRAVEL MODE,12CONSCIOUS,13ACCOUNTS,14SUM,15MOBILE,16MOBTIME,17CAR,18INTERNET,19SPORT,20VEGAN,21CIVIL,22POLIT,23ILL,24MEDICINE,25DOCTOR,26COVID,27ADVERT,28CULTURE,29FOOD,30CHILDREN,31ROOMS,32VALUABLES,33CLOTHS,34JEWELS,35SMOKE,36ALCOHOL,37MUSIC,38FACE,39TWITTER,40ONLINE1,41ONLINE2,42TV,43REFURB,44MOVE,45TRAVDEST
0,l0,male,36,Budakeszi,asztalos ,165,3,0,3,1,1,1,1,1,2,1,1,0,1,590617,1,0,0,0,1,1,1,1,1,1,4,1,0,0,2,0,3,0,2,1,1,2,2,1,0,2,2,1,1,0,1
1,l0,male,32,Nagykanizsa,Szakorvos ,182,0,0,3,0,1,1,1,1,3,0,0,0,1,0,1,0,1,0,1,0,1,1,1,1,1,1,0,1,0,0,0,317,3,3,1,1,1,0,0,1,1,1,0,1,2
2,l1,female,48,Budakeszi,Lakatos ,161,0,2,4,0,1,1,1,1,2,0,0,0,1,0,1,0,0,1,1,1,0,1,1,1,3,1,0,1,2,0,0,106,3,2,1,3,2,1,1,2,2,1,1,1,1
3,l0,male,34,Budakeszi,asztalos ,164,4,0,3,1,1,1,1,2,1,0,0,0,0,282770,0,0,0,0,1,0,1,1,1,1,5,2,0,1,2,2,3,406,2,3,1,3,1,0,0,1,1,1,0,0,3
4,l1,male,44,Nagykanizsa,Szakorvos ,191,3,0,3,0,1,1,1,1,2,3,1,0,0,0,0,0,0,1,1,1,0,1,1,1,1,2,0,1,2,0,1,202,2,3,1,3,2,1,0,2,2,1,0,1,3
5,l0,male,48,Nagykanizsa,asztalos ,160,3,0,3,1,1,1,1,1,2,0,0,0,0,0,1,1,0,0,1,0,0,1,0,0,2,2,0,1,0,0,3,677,2,0,1,3,2,0,1,1,2,1,1,0,3
6,l1,female,41,Nagykanizsa,Lakatos ,179,4,0,4,1,1,1,1,1,2,1,0,0,1,204248,0,0,0,1,0,1,0,0,1,0,1,1,0,1,0,0,4,0,2,3,1,3,1,1,1,2,2,1,1,0,1
7,l1,female,27,Budakeszi,Szakorvos ,155,4,1,3,1,1,2,1,1,3,4,1,0,0,118750,0,0,0,0,1,1,0,0,0,0,1,1,0,1,0,0,0,56130,2,1,1,1,2,0,0,0,0,0,1,1,1
8,l1,male,59,Budakeszi,Lakatos ,171,3,0,3,1,1,1,1,2,2,4,4,0,0,285095,1,0,0,0,1,0,0,1,1,0,3,1,0,1,2,0,4,333,1,1,1,1,1,1,0,1,0,0,1,0,1
9,l0,male,26,Budakeszi,asztalos ,163,1,0,3,1,1,1,1,1,2,2,1,0,0,0,1,0,0,0,1,0,0,1,1,1,1,2,0,0,0,2,4,5968,2,0,1,1,2,1,0,1,0,1,0,0,3
10,l1,male,43,Budakeszi,Szakorvos ,171,4,0,4,1,0,2,1,1,2,1,1,0,0,376594,1,0,0,0,1,0,0,1,0,0,5,1,0,1,0,2,4,633,2,1,1,3,0,1,1,2,2,1,0,0,1
11,l1,male,35,Nagykanizsa,Lakatos ,180,4,0,3,1,1,1,1,2,2,1,0,0,0,24588,1,0,0,0,1,0,0,1,0,0,0,2,0,0,2,0,3,0,2,1,1,2,0,0,1,1,0,1,1,0,1
12,l0,male,28,Nagykanizsa,Lakatos ,171,3,0,4,1,1,1,1,1,3,0,0,0,0,0,1,0,0,0,1,0,0,1,0,0,1,1,0,0,0,0,4,149,2,0,0,2,0,1,1,1,0,1,0,0,1
13,l1,male,65,Budakeszi,asztalos ,190,0,0,3,0,1,1,1,3,2,0,0,0,1,190764,1,0,0,0,1,1,0,1,0,0,1,0,0,1,0,0,4,12789,2,3,1,1,1,1,1,0,0,0,0,0,1
14,l0,female,39,Budakeszi,Szakorvos ,182,1,0,3,0,1,1,1,1,3,0,0,0,0,0,1,0,1,1,1,1,1,1,1,0,5,1,0,1,1,0,3,797,1,3,1,3,2,1,1,2,2,1,1,0,1
15,l0,female,60,Nagykanizsa,Szakorvos ,168,3,0,3,1,1,1,1,1,0,0,0,0,0,351259,1,0,1,0,1,0,1,1,1,1,5,1,0,1,2,2,3,232,2,2,1,3,2,0,1,1,2,1,0,0,1
16,l0,male,58,Nagykanizsa,asztalos ,173,0,0,3,1,1,2,1,3,3,2,1,0,0,0,1,0,1,0,1,1,1,0,1,1,1,1,0,1,0,0,2,376,3,1,1,1,0,1,1,2,0,1,1,1,2
17,l1,female,57,Nagykanizsa,Szakorvos ,169,1,0,4,1,1,2,1,1,2,7,4,0,1,550112,0,0,1,0,1,1,1,1,1,1,3,0,0,1,0,0,0,342,2,0,1,2,2,0,0,1,0,1,0,0,1
18,l0,female,30,Budakeszi,asztalos ,170,3,0,3,0,1,1,1,3,2,4,1,0,1,492131,1,1,1,0,1,0,1,1,1,1,1,1,0,1,0,0,4,418,3,3,1,3,0,0,0,1,0,0,0,0,1
19,l1,male,62,Nagykanizsa,Lakatos ,170,0,1,1,1,1,1,1,2,1,0,0,0,0,152754,1,0,1,0,1,0,1,0,0,0,5,1,0,1,2,1,3,5756,2,1,1,3,2,0,1,1,2,0,1,1,1
20,l1,male,26,Nagybajcs,asztalos ,158,0,0,3,1,1,2,1,1,0,1,0,0,0,116907,1,0,0,0,0,0,0,0,0,0,2,1,0,4,2,0,0,291,1,0,0,1,1,1,1,1,2,0,1,1,3
21,l1,male,29,Nagykanizsa,Szakorvos ,174,2,0,3,0,1,1,1,2,0,1,1,0,0,312010,0,0,0,0,1,0,1,1,0,0,1,1,0,4,2,0,1,102,3,1,1,1,2,1,0,2,2,1,1,1,3
22,l1,male,59,Nagykanizsa,asztalos ,171,4,0,3,1,1,1,1,1,2,0,0,0,1,143312,0,0,0,0,1,1,1,0,1,1,1,2,0,4,0,0,0,269,2,0,1,2,0,0,1,1,0,1,1,0,3
23,l1,male,38,Budakeszi,Lakatos ,161,3,0,3,0,1,1,1,1,2,2,4,0,0,11804891,0,0,1,1,1,0,0,0,0,1,1,1,0,1,2,0,0,0,1,2,1,2,0,1,0,2,2,1,1,0,2
24,l1,male,57,Nagykanizsa,Lakatos ,171,4,2,4,0,1,1,0,1,0,2,1,0,0,101104,1,0,0,0,1,1,0,1,1,1,1,0,0,0,0,0,0,0,2,1,1,3,2,0,0,1,0,1,1,0,4
25,l1,male,38,Nagybajcs,asztalos ,163,0,0,1,0,0,0,1,5,2,3,4,0,1,476574,1,0,1,0,0,0,0,1,1,1,5,1,1,2,0,2,4,27734,2,1,1,1,1,0,1,1,2,0,1,1,4
26,l0,female,45,Nagybajcs,Szakorvos ,156,1,0,2,0,1,1,1,3,0,1,1,0,1,163185,1,0,0,0,1,0,0,1,1,1,1,1,0,1,0,4,4,315,2,1,1,1,2,1,0,1,2,1,1,0,1
27,l1,female,40,Budakeszi,Szakorvos ,170,4,0,4,1,1,1,1,2,3,0,0,0,1,320587,1,0,1,0,1,0,1,1,1,1,1,0,0,1,2,2,1,253,1,1,1,3,2,1,0,0,0,1,1,0,2
28,l1,female,32,Nagykanizsa,Szakorvos ,175,0,0,2,1,1,1,1,0,2,2,1,0,0,9795,1,0,0,0,1,0,0,1,0,0,5,2,0,1,0,0,3,332,2,3,1,1,1,1,0,1,0,1,1,1,3
29,l0,male,58,Budakeszi,Szakorvos ,171,3,0,1,1,1,2,1,1,0,3,1,0,0,13261547,0,0,1,0,0,0,1,1,1,1,3,1,0,4,0,2,4,5186,2,1,0,1,2,1,1,0,0,1,1,1,1
30,l1,male,47,Nagykanizsa,Szakorvos ,171,3,0,3,1,1,1,1,1,3,3,1,0,1,304497,1,0,0,0,1,0,0,1,1,1,0,2,0,4,2,0,4,593,2,1,0,1,2,0,1,2,1,1,0,1,1
31,l0,male,38,Nagykanizsa,Lakatos ,161,3,0,3,0,1,2,1,1,2,0,0,0,1,326016,0,1,0,0,0,0,1,1,1,0,0,2,0,1,2,0,0,0,2,3,1,1,1,0,0,2,2,1,1,1,1
32,l0,female,45,Nagykanizsa,asztalos ,176,3,0,3,1,1,1,1,1,0,0,0,0,1,207838,1,1,0,0,1,0,0,1,1,1,3,0,0,1,0,0,1,0,1,1,1,3,3,1,1,0,0,1,0,0,1
33,l0,female,29,Budakeszi,Lakatos ,187,4,0,3,0,1,1,1,1,2,7,4,0,1,353504,1,0,0,0,1,0,0,1,0,0,5,0,0,1,2,2,1,6704,2,0,1,3,2,1,0,1,1,1,0,0,1
34,l0,male,25,Nagykanizsa,Lakatos ,166,0,0,3,1,1,1,1,1,2,0,0,0,1,426897,1,0,1,0,1,0,1,1,1,1,1,2,0,4,2,1,3,0,2,3,1,1,2,1,1,1,2,1,1,1,2
35,l0,male,35,Budakeszi,asztalos ,169,4,0,3,1,1,1,1,1,2,1,1,0,1,89797,1,0,1,0,1,0,0,1,0,0,5,1,0,1,2,0,3,272,2,0,1,3,1,1,0,1,0,1,1,1,4
36,l1,female,28,Nagykanizsa,Szakorvos ,187,0,2,3,0,1,1,1,2,2,2,1,0,1,25689,1,0,0,0,1,0,0,1,1,0,5,1,0,1,0,3,4,609,3,3,1,3,2,1,1,0,0,1,0,0,0
37,l1,male,58,Nagykanizsa,Lakatos ,168,0,0,4,1,1,1,1,2,2,0,1,0,0,436883,1,0,0,0,1,0,0,1,1,1,5,1,0,4,0,1,4,461,2,1,1,3,2,1,0,1,2,1,0,0,2
38,l0,male,26,Nagykanizsa,asztalos ,169,0,0,1,1,1,2,1,1,1,1,0,0,0,235622,1,0,0,0,1,1,1,1,1,1,1,1,0,0,2,0,3,0,1,0,1,1,2,1,1,1,0,1,1,0,3
39,l1,male,48,Budakeszi,Szakorvos ,190,3,1,3,0,1,1,1,1,0,3,1,0,1,60274,1,0,0,1,1,0,0,1,1,0,2,1,0,4,0,0,3,0,2,1,1,3,2,1,1,1,0,1,1,1,0
40,l0,male,42,Nagybajcs,Lakatos ,178,3,0,1,1,1,1,1,1,1,3,4,0,0,356470,0,0,0,0,1,1,0,1,1,1,0,1,0,1,2,2,4,646,2,1,1,1,2,0,0,1,2,0,1,1,4
41,l0,male,26,Budakeszi,Lakatos ,162,3,0,3,1,1,1,1,2,3,2,4,0,0,0,0,0,0,0,0,1,0,1,1,0,1,1,0,1,1,0,3,310,1,1,1,1,0,0,0,2,2,0,1,0,1
42,l0,male,61,Budakeszi,Lakatos ,157,1,0,3,0,1,1,0,4,2,2,1,0,0,110198,1,0,1,0,1,0,0,1,1,0,5,1,0,0,2,2,4,68,2,0,1,1,1,0,0,0,1,1,1,1,1
43,l0,male,63,Nagykanizsa,asztalos ,165,3,0,3,1,1,1,1,4,0,3,4,0,0,0,1,0,0,0,0,0,0,1,1,0,0,1,0,1,0,0,3,3866,3,1,1,3,1,0,0,0,2,0,0,0,1
44,l0,male,50,Nagykanizsa,asztalos ,168,4,0,3,1,1,1,0,1,1,2,0,0,1,0,1,0,0,1,0,0,1,0,1,0,2,1,0,4,0,4,3,279,2,1,1,3,0,1,0,1,1,1,0,0,3
45,l1,male,39,Nagykanizsa,asztalos ,167,1,1,3,1,1,1,1,2,1,2,1,0,0,0,0,0,1,1,0,0,1,1,1,0,1,3,0,4,0,0,3,0,2,1,1,1,1,1,1,2,2,1,0,0,3
46,l0,male,51,Budakeszi,Lakatos ,170,2,0,3,0,1,1,1,1,2,2,1,0,0,307271,1,1,0,0,0,0,0,1,1,0,0,1,0,0,2,0,4,11,2,1,1,0,1,0,0,0,1,1,0,1,3
47,l1,male,47,Budakeszi,Lakatos ,170,3,0,4,1,1,1,1,2,2,0,4,0,1,408149,1,0,0,1,1,0,0,0,1,1,2,0,0,0,0,0,4,585,2,0,1,0,1,1,1,1,2,1,0,0,1
48,l1,male,38,Nagybajcs,Szakorvos ,161,4,0,3,1,1,1,0,1,2,2,1,0,0,0,1,0,1,1,1,0,0,0,0,0,3,1,0,3,2,0,1,484,2,3,1,2,2,0,1,1,2,0,0,0,3
49,l1,male,61,Budakeszi,Szakorvos ,161,3,0,3,1,1,1,1,1,2,1,0,1,1,0,0,0,0,1,1,0,0,1,1,0,3,1,0,1,0,2,4,5206,2,1,1,3,1,1,1,2,2,1,1,1,0
50,l0,male,63,Nagykanizsa,Lakatos ,168,3,0,1,1,1,2,1,1,3,11,4,0,0,0,0,0,0,0,1,0,1,1,1,1,0,1,0,0,2,0,4,422,0,2,1,1,2,0,0,0,0,0,0,0,2
51,l1,female,34,Nagybajcs,Szakorvos ,164,0,1,3,1,1,1,1,4,3,1,1,0,0,435167,1,1,0,0,0,0,0,1,0,0,2,1,0,0,2,0,1,0,2,0,1,3,1,0,1,2,2,0,0,0,0
52,l0,male,40,Nagybajcs,asztalos ,163,4,0,3,1,1,2,1,1,2,2,4,0,0,204246,1,0,0,1,1,0,1,0,1,0,1,1,1,0,2,0,0,0,2,2,1,3,2,1,0,1,2,0,1,1,2
53,l1,female,42,Nagykanizsa,Szakorvos ,185,0,0,4,1,1,1,1,1,2,1,1,0,0,324588,0,0,1,0,1,1,1,1,1,1,4,2,0,1,4,0,0,476,2,0,1,3,1,1,0,1,0,0,0,0,1
54,l1,male,59,Nagykanizsa,Lakatos ,172,4,1,4,1,1,1,1,1,2,7,0,0,0,0,1,0,0,0,1,1,0,0,0,0,2,1,0,4,2,1,3,0,2,0,1,1,1,0,0,1,0,1,1,0,1
55,l1,male,53,Nagykanizsa,Szakorvos ,166,4,0,2,1,1,1,0,1,3,2,1,0,0,218784,1,0,0,0,1,1,1,1,1,0,3,3,1,1,0,0,3,0,2,3,1,2,2,0,0,1,1,1,0,0,3
56,l1,male,53,Budakeszi,asztalos ,174,3,1,3,1,1,1,1,1,2,0,0,0,0,72019,0,0,1,1,0,1,1,1,1,1,2,1,0,1,2,1,1,784,3,3,1,3,0,1,1,1,2,0,1,0,1
57,l1,female,46,Budakeszi,Lakatos ,178,4,0,1,1,1,1,1,1,2,1,0,0,1,180072,1,0,0,0,0,1,0,1,1,0,1,1,0,0,0,0,0,125,2,1,1,2,1,1,0,2,2,1,1,0,3
58,l0,female,39,Nagybajcs,asztalos ,181,0,0,2,1,1,1,1,1,2,1,0,0,0,0,1,0,0,0,0,1,0,1,1,1,1,2,0,4,0,0,1,228,3,2,1,1,2,0,0,2,2,1,0,0,3
59,l1,female,42,Nagykanizsa,Lakatos ,182,3,0,2,1,1,2,1,1,2,2,1,0,0,79318,0,0,0,0,1,1,0,1,1,1,1,1,0,0,2,0,4,820,1,0,1,2,2,1,1,1,0,1,1,0,1
60,l0,female,52,Nagykanizsa,Lakatos ,175,4,0,1,0,1,1,1,2,0,0,1,0,0,0,1,0,0,0,1,1,1,1,1,1,5,1,0,0,2,2,4,593,2,3,1,2,1,0,0,1,0,0,0,0,1
61,l0,male,32,Nagykanizsa,Szakorvos ,178,1,0,1,1,1,2,1,1,2,1,1,0,0,473613,0,0,0,0,0,0,1,1,1,1,5,0,0,1,0,0,1,504,2,1,1,1,2,1,1,1,0,1,0,0,1
62,l0,male,33,Nagybajcs,asztalos ,170,1,2,1,1,1,2,1,2,2,0,0,0,1,0,1,0,1,0,1,0,0,1,1,0,5,0,0,1,2,0,0,0,1,1,1,3,1,0,0,1,0,1,1,1,0
63,l1,female,57,Nagykanizsa,asztalos ,173,2,1,4,0,1,1,1,2,3,5,4,0,0,0,1,0,0,0,1,1,1,1,0,0,1,2,0,1,1,0,4,0,3,3,1,1,0,1,1,1,0,0,0,0,1
64,l1,female,55,Nagykanizsa,Lakatos ,167,4,0,4,1,1,2,1,2,2,3,1,0,0,326685,1,0,0,1,1,1,0,1,0,0,5,1,0,4,0,0,1,17,2,1,1,3,1,1,1,1,2,1,0,0,3
65,l1,female,47,Nagykanizsa,Szakorvos ,171,0,0,2,1,1,1,1,1,3,3,1,0,1,1141,1,0,0,0,1,0,1,1,0,0,5,1,0,1,0,1,4,275,1,1,1,3,1,0,0,1,1,0,0,1,0
66,l1,male,33,Nagykanizsa,asztalos ,164,3,1,3,1,1,1,1,0,2,3,1,0,0,0,1,0,0,1,1,1,0,1,0,0,5,1,0,2,0,0,3,343,1,0,1,1,2,1,1,2,0,1,1,1,1
67,l0,male,25,Nagykanizsa,Lakatos ,167,0,0,3,0,1,1,1,1,2,5,1,0,0,123846,1,0,1,0,1,0,0,0,0,0,4,1,1,4,0,0,1,6599,3,1,1,1,2,1,1,1,0,0,1,0,1
68,l0,female,25,Budakeszi,Lakatos ,176,4,0,2,0,1,1,1,2,3,5,4,0,0,0,1,0,0,1,0,0,1,1,1,1,1,1,0,1,2,1,4,406,2,1,1,1,1,1,1,2,2,0,0,0,1
69,l0,male,30,Nagykanizsa,asztalos ,158,0,2,3,1,1,2,1,1,2,1,0,0,1,168283,0,0,0,0,0,0,0,1,1,0,2,1,0,1,2,0,0,0,3,1,1,1,2,1,0,2,0,0,1,1,2
70,l1,female,38,Budakeszi,asztalos ,178,3,0,3,0,1,1,1,1,3,1,4,0,0,129512,1,0,1,1,1,1,0,1,0,0,5,1,0,1,2,0,3,59,2,0,1,3,2,1,1,2,2,1,0,0,3
71,l0,male,27,Nagybajcs,Szakorvos ,169,3,0,3,0,1,1,1,2,2,0,1,0,0,12199236,0,0,1,0,1,0,1,1,1,0,3,2,0,1,2,3,3,417,0,1,1,3,1,1,1,1,2,1,0,1,2
72,l0,female,43,Budakeszi,Lakatos ,181,4,0,3,0,1,1,0,1,3,7,1,0,1,440876,1,0,0,0,1,1,0,1,1,1,5,1,0,1,2,0,3,0,3,3,1,1,2,0,0,1,2,0,0,1,2
73,l1,male,65,Nagykanizsa,Lakatos ,170,0,0,4,0,1,1,1,1,2,6,4,0,0,328331,0,0,0,1,0,0,1,1,1,0,1,2,0,1,0,0,3,132,2,3,1,3,2,0,1,2,2,0,1,1,1
74,l1,female,54,Budakeszi,Szakorvos ,186,4,0,1,0,0,1,1,0,3,0,0,0,0,456734,1,0,0,0,1,0,1,1,0,0,0,0,0,1,0,0,3,569,0,3,1,1,2,1,1,1,1,0,1,0,4
75,l0,male,32,Nagykanizsa,Lakatos ,162,4,0,1,1,1,1,1,2,2,2,1,0,1,297618,1,0,0,0,0,0,0,1,1,0,1,0,0,1,2,0,1,606,2,1,0,1,2,1,1,2,2,1,1,0,0
76,l0,male,26,Budakeszi,asztalos ,170,0,0,3,0,1,1,1,1,2,0,0,0,1,326578,1,0,0,0,0,1,0,1,1,1,0,1,0,1,2,1,4,6210,2,3,0,3,1,0,0,1,0,0,1,0,3
77,l0,male,30,Budakeszi,asztalos ,170,4,0,3,0,1,1,1,1,2,1,0,0,1,297852,1,1,1,0,1,1,0,1,0,0,5,1,0,1,2,3,4,530,2,2,1,2,1,0,0,0,0,0,0,0,1
78,l0,male,49,Nagykanizsa,asztalos ,170,0,0,3,1,1,2,1,0,2,1,0,0,0,234835,0,0,1,0,0,1,1,1,1,1,3,2,0,1,0,0,1,580,0,2,1,1,2,0,0,1,0,0,0,0,1
79,l0,female,55,Budakeszi,Szakorvos ,173,0,0,1,1,1,1,1,1,2,2,0,0,0,0,1,1,1,0,0,0,0,0,1,1,4,1,0,1,0,0,3,454,2,1,1,2,1,0,0,1,0,1,1,1,1
80,l0,male,63,Nagykanizsa,Lakatos ,188,3,0,3,1,1,1,0,2,1,0,0,0,1,121448,1,0,1,0,1,1,0,1,1,1,1,2,0,1,1,0,2,0,2,2,1,3,2,1,0,1,0,0,0,0,4
81,l1,male,49,Nagykanizsa,Szakorvos ,189,3,0,4,1,1,1,1,2,2,4,4,0,0,0,1,0,0,0,1,0,1,1,1,1,5,1,0,4,0,2,4,25167,2,1,1,3,0,1,0,1,0,1,1,1,1
82,l1,male,31,Nagykanizsa,Lakatos ,159,3,0,3,0,0,1,1,1,3,2,0,0,0,0,1,0,1,1,1,0,1,1,0,0,1,1,1,1,2,0,4,420,3,3,1,3,2,1,1,0,1,0,1,1,1
83,l0,male,46,Nagykanizsa,asztalos ,177,0,2,3,1,1,2,1,2,2,5,4,0,1,16188144,1,0,1,0,0,1,0,1,1,1,1,0,0,1,1,0,0,0,1,0,1,1,2,0,0,0,0,1,0,0,1
84,l1,female,55,Nagykanizsa,Szakorvos ,166,1,0,2,1,1,2,1,2,2,2,1,0,0,153922,0,0,0,0,1,0,0,1,1,1,1,1,0,3,2,0,3,459,2,1,1,1,2,0,1,2,2,1,0,0,0
85,l0,male,35,Nagybajcs,asztalos ,156,0,1,3,1,1,1,1,1,3,2,1,0,0,274878,1,0,0,0,1,1,0,1,1,0,1,1,0,4,2,1,0,5558,2,1,1,1,1,0,0,1,1,1,1,1,4
86,l1,male,40,Nagykanizsa,Lakatos ,166,4,0,4,0,1,1,1,1,2,3,1,0,0,147664,1,0,1,1,1,1,0,1,0,0,1,2,0,1,0,4,1,336,1,1,1,1,1,1,1,2,2,1,1,0,1
87,l0,female,40,Nagykanizsa,Szakorvos ,171,3,0,3,0,1,2,1,1,3,0,0,0,0,308590,1,0,1,0,1,1,0,1,1,0,0,1,0,1,0,1,3,0,2,0,1,0,2,0,0,1,0,0,1,1,1
88,l0,male,57,Nagybajcs,Lakatos ,156,0,0,1,1,1,1,1,1,2,1,0,0,0,412697,1,0,1,0,0,1,1,0,1,0,1,1,0,0,1,0,0,68,2,3,1,3,0,1,0,0,0,1,1,1,2
89,l1,male,39,Budakeszi,asztalos ,176,2,0,3,1,1,2,1,1,1,2,1,0,0,220970,1,0,0,0,1,1,0,1,1,0,2,1,0,0,0,3,4,729,2,0,1,3,1,1,1,0,0,1,1,0,1
90,l1,female,44,Nagykanizsa,Lakatos ,168,3,2,3,1,1,1,1,2,2,2,1,0,1,0,0,0,1,0,0,0,1,1,1,0,1,3,0,1,2,0,1,0,2,1,1,1,1,1,1,1,0,1,1,0,1
91,l0,female,56,Budakeszi,Szakorvos ,184,4,0,1,0,1,1,1,1,0,6,1,0,0,235999,0,0,1,0,1,0,1,1,0,1,1,1,0,1,2,0,0,631,2,1,1,2,2,1,0,1,2,1,0,0,1
92,l1,female,42,Budakeszi,Szakorvos ,174,3,0,3,1,1,1,1,1,0,0,0,0,1,1015461,1,0,0,0,1,1,0,1,1,1,1,1,0,0,2,0,0,0,1,1,1,3,2,0,0,0,0,1,0,0,4
93,l1,male,46,Nagykanizsa,Szakorvos ,166,0,1,3,1,1,1,1,2,3,0,0,0,0,0,1,0,0,0,1,1,1,0,1,1,1,2,0,4,0,0,0,0,2,1,1,1,2,0,0,1,0,1,1,1,0
94,l0,female,52,Budakeszi,Szakorvos ,183,4,0,4,1,1,1,1,1,2,1,0,0,0,15461927,1,1,1,0,1,0,0,1,1,1,2,1,0,1,2,0,0,0,3,2,0,3,2,1,1,1,0,0,0,1,3
95,l0,male,42,Nagykanizsa,asztalos ,165,1,0,3,1,1,1,1,3,2,0,0,0,0,487908,1,0,0,0,1,0,0,1,1,1,5,2,0,1,0,0,0,0,3,3,1,1,2,1,0,1,2,0,0,0,0
96,l0,male,33,Nagybajcs,asztalos ,162,4,0,1,0,1,1,1,2,2,0,0,0,1,39324,1,0,1,0,1,1,0,1,0,0,5,2,1,1,3,0,0,254,3,3,1,3,1,1,0,2,2,1,0,0,2
97,l1,male,38,Nagybajcs,Szakorvos ,185,0,0,2,1,1,1,1,1,2,3,1,0,0,418647,1,0,1,0,1,1,0,1,1,1,5,1,0,1,4,1,3,279,1,3,1,2,1,1,1,1,0,0,1,1,1
98,l0,male,60,Nagykanizsa,asztalos ,171,4,0,3,0,1,1,1,1,2,2,1,0,1,610912,1,0,1,0,1,1,0,1,1,0,1,0,0,1,0,0,3,279,1,1,1,3,2,1,0,1,0,1,0,0,1
99,l1,female,27,Budakeszi,Lakatos ,182,2,2,4,1,1,1,1,1,3,5,1,0,0,0,1,0,1,0,0,0,0,1,1,0,5,0,0,1,2,0,0,424,2,3,1,2,0,1,1,2,1,0,1,1,1
100,l0,male,60,Nagybajcs,asztalos ,169,4,0,1,1,1,1,1,1,3,1,1,0,1,503854,1,0,0,0,1,1,0,0,0,0,5,3,0,4,2,0,0,182,2,2,1,1,1,1,0,0,0,0,1,1,1
101,l1,male,27,Nagykanizsa,Szakorvos ,156,0,0,4,1,1,2,1,0,0,4,1,0,1,22985,1,0,0,0,1,0,0,0,1,1,5,2,1,4,2,0,3,590,2,3,1,3,0,0,1,1,2,0,1,0,1
102,l1,male,27,Nagykanizsa,Szakorvos ,177,0,2,1,1,1,1,1,2,2,3,1,0,0,163,1,0,1,0,1,1,1,0,1,1,0,1,0,0,1,0,2,529,2,1,1,1,1,1,0,1,0,0,1,0,1
103,l1,male,44,Nagykanizsa,asztalos ,170,0,0,4,0,1,1,0,0,0,0,0,0,0,0,1,1,0,0,0,1,0,0,0,0,4,1,0,1,2,3,3,226,2,2,1,3,0,1,0,1,2,0,1,0,1
104,l0,female,28,Budakeszi,Szakorvos ,183,4,0,2,1,1,2,1,0,0,1,4,0,1,0,0,0,0,0,1,0,0,0,0,0,5,0,0,1,2,0,0,507,2,1,1,1,2,0,0,1,0,1,1,1,1
105,l1,male,55,Nagykanizsa,Szakorvos ,184,3,1,3,1,1,1,1,1,2,3,1,0,0,0,1,0,0,0,1,1,1,1,1,0,5,1,0,1,0,1,1,831,3,2,1,3,1,1,0,1,0,1,0,0,1
106,l0,male,27,Nagybajcs,Lakatos ,167,3,0,1,1,1,2,0,1,2,0,4,0,0,10469854,1,0,0,0,1,0,1,1,1,1,1,1,0,0,0,0,1,398,1,1,1,1,1,0,0,1,0,1,1,0,0
107,l1,male,33,Nagykanizsa,Szakorvos ,166,3,0,3,1,1,1,1,2,2,2,1,0,1,205059,1,0,1,1,1,1,1,1,1,1,5,1,0,1,2,0,3,109,2,1,1,3,0,1,0,2,2,0,1,1,3
108,l1,male,65,Budakeszi,Lakatos ,178,3,0,3,1,1,1,1,1,3,0,0,0,0,483948,1,0,1,0,1,0,0,1,1,1,5,1,0,1,0,0,1,106,2,1,1,1,2,1,0,1,2,0,1,1,4
109,l1,female,28,Nagykanizsa,Szakorvos ,169,4,0,2,0,1,1,1,1,2,5,0,0,1,0,0,0,0,0,1,0,1,0,1,1,3,1,0,0,0,2,3,584,2,1,1,0,2,1,1,2,2,1,0,0,1
110,l1,female,27,Nagybajcs,Lakatos ,152,1,0,2,1,1,2,1,0,3,7,4,0,1,36299,0,0,0,0,1,0,0,1,0,0,0,2,0,0,2,2,3,293,2,0,1,1,2,1,0,1,0,1,1,1,0
111,l1,male,40,Nagybajcs,asztalos ,160,4,0,3,1,1,1,1,0,2,0,0,0,0,149042,0,0,0,0,1,0,0,1,1,1,5,2,0,1,4,2,4,9387,2,1,1,3,2,1,1,1,0,1,1,0,1
112,l0,female,46,Budakeszi,Szakorvos ,180,4,0,3,1,1,1,1,2,3,5,4,0,0,168963,1,0,1,0,1,0,1,1,1,1,5,2,0,3,2,0,0,614,2,3,1,1,2,1,0,0,0,1,1,0,1
113,l1,female,33,Budakeszi,Szakorvos ,179,3,0,2,0,1,1,1,1,2,3,4,0,0,564034,1,0,1,0,0,0,0,1,1,0,1,2,0,1,2,0,3,240,2,1,0,2,2,0,0,2,2,1,1,0,2
114,l1,male,46,Nagykanizsa,asztalos ,161,0,0,3,1,1,1,1,1,2,7,4,0,0,555366,1,0,1,1,1,1,1,0,1,1,1,1,0,4,2,0,1,45,2,0,1,1,0,1,1,1,2,0,1,1,1
115,l1,male,38,Nagykanizsa,Lakatos ,172,3,0,4,1,1,2,1,3,3,10,3,0,0,0,0,0,0,1,0,1,0,1,0,1,1,1,0,1,2,0,0,400,1,3,1,1,2,1,1,1,0,0,1,0,1
116,l0,female,48,Nagykanizsa,Szakorvos ,179,4,0,2,1,1,1,1,2,2,0,0,0,1,326130,1,0,0,1,1,1,0,1,1,0,5,0,0,1,0,0,3,128,2,1,1,3,2,0,0,2,2,0,0,0,4
117,l1,female,48,Nagykanizsa,Szakorvos ,180,0,0,3,1,1,1,1,1,2,10,1,0,1,197213,0,0,1,0,0,1,1,1,0,0,4,2,0,1,2,0,1,295,2,0,1,0,2,1,1,2,0,0,1,0,1
118,l1,male,58,Nagykanizsa,Szakorvos ,163,0,0,3,0,1,1,1,1,2,0,0,0,1,202119,1,0,0,0,1,0,0,0,1,1,5,1,0,1,2,0,3,79,2,0,1,2,2,1,1,1,2,0,0,0,2
119,l0,female,55,Nagybajcs,asztalos ,158,3,0,4,0,1,1,1,1,3,3,1,0,1,135823,1,0,1,0,1,0,1,1,1,1,5,2,0,1,0,0,1,0,2,1,1,3,1,0,0,1,0,0,1,1,1
120,l0,male,34,Nagykanizsa,asztalos ,175,3,0,1,1,1,2,1,1,3,1,0,0,1,340724,0,0,1,0,1,0,0,1,1,0,0,1,0,1,0,0,1,324,2,1,1,0,1,1,1,1,2,0,0,1,1
121,l0,male,32,Nagybajcs,Lakatos ,164,3,0,1,1,1,1,1,2,3,1,4,0,1,423735,1,0,1,0,0,1,0,1,1,0,1,2,0,1,2,0,3,0,3,3,0,3,2,0,0,1,0,1,1,1,3
122,l0,male,28,Nagybajcs,asztalos ,157,0,0,2,0,1,1,1,1,3,7,4,0,1,288184,1,1,0,0,1,1,0,0,0,0,5,1,0,1,1,0,0,114,1,0,1,3,2,1,1,1,0,1,1,1,2
123,l1,female,30,Nagykanizsa,Szakorvos ,180,1,0,3,0,1,1,1,2,3,1,0,0,1,336416,0,0,0,0,1,1,1,1,0,0,1,0,0,1,0,0,0,20,2,1,1,3,0,0,0,1,2,0,1,0,1
124,l0,male,37,Nagykanizsa,asztalos ,165,0,0,3,1,1,1,1,3,2,2,1,0,0,416023,0,0,1,0,1,1,0,1,1,1,0,1,0,0,0,2,0,0,2,2,1,2,2,1,0,1,0,1,0,1,1
125,l1,male,25,Nagybajcs,Lakatos ,172,0,1,1,0,1,1,1,0,2,0,0,0,1,200684,1,0,1,1,0,0,0,1,1,1,1,1,1,0,2,2,3,540,2,3,1,1,1,1,1,2,2,1,0,0,2
126,l1,male,58,Budakeszi,Szakorvos ,150,0,0,4,1,1,2,1,1,2,0,1,0,0,0,1,1,0,0,0,0,0,1,1,1,5,1,1,4,0,1,3,463,3,1,1,1,2,1,0,2,2,1,1,0,3
127,l1,female,26,Nagykanizsa,Szakorvos ,184,4,0,2,1,1,1,1,1,2,10,1,0,0,6500,1,0,0,0,0,0,1,1,1,0,0,0,0,4,0,3,3,902,2,0,1,1,0,1,1,2,1,0,0,0,1
128,l1,male,58,Nagykanizsa,asztalos ,153,4,0,3,1,1,1,1,1,2,0,0,0,1,491185,1,0,1,0,1,0,1,1,1,1,1,1,0,1,1,0,0,823,1,1,1,3,2,1,1,2,0,0,1,1,1
129,l1,male,52,Budakeszi,Szakorvos ,160,0,0,2,0,1,1,1,3,2,4,1,0,0,0,1,0,0,0,1,1,1,0,1,0,5,0,0,4,2,1,4,20024,1,0,1,2,2,1,0,0,0,1,1,1,3
130,l0,male,44,Nagykanizsa,Szakorvos ,167,3,0,3,0,1,1,1,1,2,2,0,0,0,143743,1,0,0,0,1,1,0,1,1,1,5,2,0,4,0,1,4,7120,2,1,1,2,1,1,0,2,0,1,0,0,3
131,l1,male,31,Nagykanizsa,Szakorvos ,173,4,0,3,0,0,0,1,1,3,5,1,0,0,0,1,0,1,0,1,0,1,1,1,0,1,1,0,1,2,0,0,114,1,0,1,3,2,1,0,1,0,1,1,1,0
132,l1,female,61,Nagykanizsa,Szakorvos ,178,2,0,3,1,1,1,1,2,2,5,4,0,0,402705,1,0,0,0,1,0,0,1,1,1,2,1,0,1,2,0,3,764,3,3,1,1,0,0,0,1,0,1,0,0,1
133,l1,female,45,Nagykanizsa,Szakorvos ,178,4,0,3,0,1,1,0,1,3,2,1,0,1,0,0,0,0,0,1,1,0,0,1,0,5,1,1,1,0,0,0,991,3,3,1,2,2,1,0,1,0,1,1,0,1
134,l0,male,51,Nagykanizsa,asztalos ,166,0,0,0,1,1,1,1,1,3,1,4,0,1,0,1,1,0,0,1,1,1,0,1,0,1,1,0,0,0,0,1,394,2,1,1,1,2,1,1,0,0,0,0,0,1
135,l0,male,54,Budakeszi,asztalos ,166,3,0,3,1,1,1,1,3,2,0,0,0,1,453729,1,0,0,1,0,0,1,1,0,0,2,0,0,1,0,0,0,0,3,1,1,1,2,1,1,2,2,1,0,0,1
136,l0,male,34,Nagykanizsa,Szakorvos ,171,4,0,2,0,1,1,1,0,3,1,1,0,0,232253,0,0,0,0,1,1,0,0,1,1,3,2,0,4,2,0,0,322,2,2,1,2,2,0,0,1,2,1,1,0,1
137,l1,male,58,Nagykanizsa,asztalos ,178,1,0,1,1,1,2,1,2,2,1,0,0,0,0,0,0,0,1,0,1,1,1,1,1,0,0,0,1,2,1,3,116,2,1,0,2,1,0,0,1,1,0,0,1,1
138,l0,male,44,Nagykanizsa,asztalos ,175,3,0,3,0,1,1,1,1,2,0,0,0,1,708476,0,1,1,0,0,0,1,1,1,1,0,1,0,1,0,0,3,0,1,0,1,1,2,1,0,1,0,1,1,1,4
139,l0,male,61,Nagykanizsa,asztalos ,169,4,0,3,1,1,1,1,1,0,2,1,0,0,0,1,0,0,0,1,0,0,1,1,1,3,1,0,1,0,0,0,0,1,0,1,1,2,0,0,1,1,0,1,0,0
140,l0,male,25,Budakeszi,asztalos ,160,3,0,3,0,1,1,1,1,2,2,1,0,0,62924,1,0,0,0,0,1,0,1,1,0,0,2,0,4,2,0,4,535,1,1,0,2,2,1,0,1,1,0,1,1,1
141,l1,male,25,Budakeszi,Lakatos ,165,3,0,3,0,1,1,1,1,3,2,1,0,0,0,0,0,0,0,1,1,0,1,1,1,5,0,0,4,2,0,1,327,2,1,1,2,1,0,1,1,2,0,1,1,1
142,l1,female,45,Budakeszi,Szakorvos ,172,0,0,3,1,1,1,1,1,2,3,1,0,0,0,1,0,0,1,0,0,1,0,1,0,0,2,0,1,0,1,4,126,3,1,0,1,2,1,1,2,1,0,0,0,1
143,l0,male,59,Nagybajcs,Lakatos ,165,0,0,1,1,1,2,1,1,3,2,0,0,0,0,1,0,0,0,1,1,0,1,1,1,5,1,0,0,0,1,4,313,3,1,1,1,2,0,0,1,0,1,0,0,1
144,l1,female,46,Nagybajcs,Szakorvos ,170,0,1,4,0,1,1,1,2,2,7,4,0,1,211633,1,0,1,0,0,0,0,0,1,1,5,1,0,4,0,0,1,0,0,0,1,1,2,1,1,1,0,1,0,0,3
145,l1,female,35,Nagybajcs,Lakatos ,174,3,0,4,1,1,2,1,3,3,0,0,0,1,0,1,0,1,0,1,1,0,0,1,1,0,1,0,0,2,0,0,252,0,3,0,2,2,1,1,2,0,0,1,0,1
146,l0,female,53,Budakeszi,Szakorvos ,173,0,0,3,0,1,1,1,1,2,5,4,0,0,0,1,0,1,0,1,0,0,1,0,0,5,1,0,1,2,3,3,5596,1,2,1,3,1,0,0,2,2,0,0,0,0
147,l1,male,34,Nagykanizsa,Lakatos ,178,3,0,3,1,1,1,1,3,3,0,0,0,1,59060,0,0,1,0,1,0,0,0,0,0,5,1,0,0,0,0,4,764,3,1,1,3,2,0,1,1,2,0,1,0,3
148,l1,female,50,Nagykanizsa,Szakorvos ,168,4,0,4,1,1,1,1,1,0,1,0,0,1,0,0,0,1,0,1,1,0,1,1,0,5,1,0,1,0,0,3,26269,2,3,1,1,2,0,0,1,0,1,1,1,4
149,l0,male,34,Nagykanizsa,Lakatos ,171,3,0,4,1,1,2,1,1,3,2,1,0,0,57785,0,0,1,0,0,0,0,1,1,0,0,0,0,0,2,0,3,160,2,0,1,1,1,0,0,1,1,0,0,0,0
150,l1,male,41,Nagykanizsa,Lakatos ,159,4,0,2,1,1,2,1,1,2,2,4,0,1,456404,1,0,1,0,0,0,0,1,1,1,1,1,0,1,0,1,3,0,2,0,1,1,2,1,1,1,0,0,0,1,2
151,l0,male,49,Nagykanizsa,asztalos ,169,4,0,3,0,1,1,1,1,3,0,0,0,1,172851,1,0,0,0,1,1,1,1,0,0,5,1,0,1,1,0,0,734,3,3,1,1,2,0,0,1,2,0,0,1,1
152,l0,male,25,Nagykanizsa,asztalos ,166,4,0,4,0,1,1,1,1,2,5,4,0,0,146697,1,0,0,0,1,1,1,1,0,0,5,0,0,1,0,0,4,0,3,1,1,1,2,1,0,1,2,0,1,1,1
153,l0,male,35,Budakeszi,asztalos ,171,0,0,3,0,1,1,1,1,2,6,0,0,1,242347,0,0,0,0,1,0,0,0,1,0,5,2,0,4,0,0,3,362,3,3,1,3,2,1,1,1,0,0,0,1,3
154,l0,female,56,Nagykanizsa,Lakatos ,175,4,2,3,1,1,1,1,2,3,3,1,0,1,118740,1,0,1,0,1,0,1,1,1,1,1,1,0,1,2,0,0,274,3,0,1,3,2,0,0,0,0,0,0,0,0
155,l0,male,62,Budakeszi,asztalos ,187,3,0,3,1,1,1,1,1,3,0,0,0,1,385959,0,0,0,0,1,0,0,1,1,0,5,1,0,3,1,0,0,225,2,3,1,2,2,0,0,2,2,1,1,1,3
156,l0,female,44,Nagykanizsa,Szakorvos ,174,3,0,2,1,1,1,1,1,2,2,1,0,0,0,1,1,1,0,1,1,1,1,1,0,0,1,0,1,0,1,0,189,2,1,1,1,0,0,0,1,0,0,0,0,1
157,l1,male,29,Nagykanizsa,Szakorvos ,162,0,0,3,1,1,1,0,1,0,10,3,0,0,0,1,0,1,0,1,0,1,1,1,0,1,2,0,4,0,3,3,21687,2,2,1,2,1,0,0,1,1,1,1,0,3
158,l0,male,63,Budakeszi,asztalos ,170,1,0,3,0,1,1,1,2,3,2,1,0,0,253239,1,1,0,0,1,1,0,1,1,1,1,3,0,0,2,0,0,390,3,3,1,1,2,1,1,1,0,0,0,0,1
159,l0,male,38,Nagykanizsa,asztalos ,166,4,0,3,0,1,1,1,1,3,4,4,0,0,5113,0,0,0,0,1,0,1,0,1,0,3,1,0,1,0,0,3,444,3,0,1,2,2,1,0,1,0,1,1,1,4
160,l1,female,49,Budakeszi,Lakatos ,170,3,2,4,1,1,2,0,1,3,1,0,0,1,331724,0,0,0,0,1,1,1,1,1,0,1,0,0,4,0,0,2,0,3,1,1,3,2,0,0,0,0,1,0,0,1
161,l0,male,38,Nagykanizsa,Lakatos ,166,0,1,3,0,1,1,1,4,2,1,0,0,1,308862,0,0,0,0,1,0,0,0,1,0,1,0,1,1,0,0,0,204,3,3,1,3,2,0,0,2,2,0,0,0,1
162,l1,male,61,Nagykanizsa,Lakatos ,156,3,0,3,1,1,1,1,3,2,0,0,0,0,0,1,0,0,1,1,1,0,1,1,1,5,1,0,1,0,0,0,375,2,1,1,2,2,1,0,2,2,0,1,1,1
163,l0,male,39,Nagykanizsa,asztalos ,161,3,0,3,1,1,2,1,1,3,2,1,0,0,0,0,0,0,0,1,1,0,1,1,0,1,1,0,4,2,0,3,23,1,1,1,3,1,0,1,2,2,0,0,0,0
164,l0,male,43,Budakeszi,asztalos ,161,4,0,3,1,1,1,1,2,2,0,0,0,1,570321,1,0,1,0,1,0,0,0,0,0,1,1,0,1,2,0,2,842,2,3,1,3,1,1,1,2,2,0,1,0,1
165,l1,male,33,Budakeszi,Lakatos ,168,3,0,3,1,1,1,1,3,2,0,0,0,0,80112,1,0,0,0,1,0,1,1,1,1,1,1,0,1,1,0,0,261,2,0,1,3,1,1,1,1,0,0,0,0,1
166,l1,male,43,Nagykanizsa,Szakorvos ,168,3,2,3,1,1,1,1,1,3,9,4,0,1,135521,1,0,1,0,0,1,0,0,1,1,0,2,0,1,0,0,0,78,3,1,1,1,2,0,0,0,0,1,1,1,2
167,l0,male,27,Budakeszi,Lakatos ,164,3,2,4,1,1,1,1,2,3,5,4,0,0,0,1,0,1,0,1,1,1,1,0,0,0,1,0,1,0,0,4,0,2,3,1,2,1,1,0,0,0,0,0,0,1
168,l0,male,25,Budakeszi,Lakatos ,167,0,0,1,1,1,1,1,3,2,1,0,0,0,0,1,0,0,0,1,0,1,1,0,0,3,1,0,1,2,3,3,17,1,1,1,2,1,1,1,1,2,0,1,1,1
169,l0,female,27,Budakeszi,asztalos ,186,3,0,3,1,1,1,1,1,2,15,4,0,1,126102,1,1,1,0,1,0,1,0,1,0,5,1,0,0,2,1,3,27268,2,2,1,3,1,0,0,0,0,1,0,0,3
170,l0,male,30,Nagykanizsa,Lakatos ,162,4,0,1,1,1,2,1,2,2,0,0,0,1,151906,1,0,1,0,0,0,0,1,1,1,0,0,0,1,0,0,0,296,2,0,1,1,2,0,1,1,0,1,1,0,3
171,l0,male,26,Budakeszi,Lakatos ,162,0,0,2,1,1,1,1,1,2,1,0,0,1,67037,1,0,0,0,1,1,1,1,1,0,0,2,0,1,1,0,3,298,1,0,1,0,1,1,0,2,2,1,1,1,0
172,l1,male,26,Nagybajcs,asztalos ,183,0,0,2,1,1,1,1,3,0,2,1,0,0,0,0,0,0,0,1,1,0,1,0,0,1,1,0,1,2,0,4,78620,2,3,1,1,2,1,0,2,2,1,1,0,3
173,l0,male,64,Nagykanizsa,asztalos ,163,0,0,3,0,1,1,1,1,2,0,0,0,0,0,1,0,0,0,0,0,0,1,1,1,1,1,0,0,0,0,1,105,1,2,1,1,2,0,0,0,0,1,1,0,3
174,l0,male,45,Nagybajcs,asztalos ,166,4,0,3,0,1,1,1,3,3,5,4,0,1,0,1,1,1,0,1,1,1,0,1,0,0,1,0,4,2,0,0,164,2,3,1,1,1,1,0,2,2,0,1,1,1
175,l0,male,40,Nagykanizsa,Lakatos ,169,0,0,3,1,1,1,0,0,2,0,0,0,0,469569,0,0,0,0,1,1,0,1,1,0,3,2,1,1,0,2,4,462,2,3,1,3,0,0,0,1,0,1,1,1,4
176,l0,male,57,Nagykanizsa,Lakatos ,183,3,0,1,1,1,1,1,1,2,2,4,0,0,0,0,0,0,0,1,0,1,1,1,0,4,1,0,0,0,0,0,0,2,0,1,1,1,0,0,0,0,0,0,1,1
177,l0,male,52,Nagybajcs,Szakorvos ,179,0,0,2,1,1,0,1,1,0,5,4,0,1,0,0,0,0,0,1,1,0,1,1,1,5,2,0,3,2,0,0,342,2,1,1,3,0,0,0,1,1,2,0,0,0
178,l0,male,35,Nagykanizsa,Lakatos ,162,3,2,1,1,1,1,1,3,2,1,1,0,0,480418,1,0,1,0,0,1,0,1,1,1,2,1,0,1,2,1,4,193,2,3,1,2,1,0,0,1,0,0,1,1,3
179,l0,male,28,Nagykanizsa,Lakatos ,152,3,1,4,1,1,2,1,1,0,3,4,0,0,271910,1,0,0,0,1,0,1,1,1,1,4,1,0,1,0,0,1,0,3,1,1,1,2,0,0,0,0,0,0,1,1
180,l0,male,29,Nagybajcs,asztalos ,188,1,2,3,1,1,1,1,3,2,2,1,0,0,0,1,0,0,0,1,1,1,1,1,0,0,0,0,4,3,0,0,91,1,3,1,1,0,0,0,0,1,0,1,1,1
181,l0,female,61,Budakeszi,asztalos ,162,0,0,3,1,1,1,1,2,2,3,4,0,1,306965,1,0,0,0,0,0,0,0,0,0,1,0,0,1,2,0,3,73,2,3,1,0,1,0,0,1,0,1,1,1,1
182,l1,male,58,Nagykanizsa,asztalos ,158,4,0,3,1,1,1,1,3,3,2,1,0,1,0,1,0,1,0,0,0,0,0,1,1,0,1,0,4,0,0,2,282,0,3,1,2,0,0,0,1,2,1,1,1,3
183,l1,male,55,Nagykanizsa,asztalos ,159,0,0,3,1,1,1,1,1,2,2,1,0,1,503138,1,1,0,0,1,0,0,1,1,1,1,1,0,1,0,3,4,315,2,0,1,2,0,0,0,2,2,1,1,1,3
184,l0,male,38,Nagykanizsa,asztalos ,165,4,0,1,1,1,1,1,1,2,0,0,0,0,33384,1,0,1,1,1,0,0,1,1,0,5,1,0,1,0,0,3,76,1,1,1,2,2,1,0,1,2,0,0,0,3
185,l1,male,57,Nagykanizsa,Lakatos ,171,3,0,3,1,1,1,1,1,2,2,1,0,0,337130,0,0,1,0,1,0,0,0,1,1,5,1,0,1,0,2,1,4039,1,1,1,1,2,1,0,0,0,0,1,1,0
186,l0,male,59,Budakeszi,Lakatos ,174,1,0,3,0,1,1,1,2,2,2,0,0,0,144950,1,0,0,0,0,0,1,0,0,0,3,0,0,1,2,0,1,0,3,3,1,2,2,0,1,1,0,1,1,1,1
187,l1,male,50,Nagykanizsa,Lakatos ,180,0,0,3,0,1,1,1,4,0,3,1,0,0,0,1,0,0,0,1,1,0,1,1,0,5,0,0,1,0,0,0,371,2,1,1,2,1,1,0,2,2,0,1,0,0
188,l1,female,53,Budakeszi,asztalos ,165,4,0,3,1,1,1,1,14,2,10,1,0,1,337374,1,1,1,0,1,1,0,1,1,1,3,3,0,1,0,2,4,607,3,0,1,2,1,0,1,0,0,1,0,0,1
189,l1,male,60,Nagykanizsa,asztalos ,161,0,0,1,0,1,1,1,2,0,11,0,0,1,104354,1,1,0,1,0,0,0,0,0,0,4,1,1,1,2,0,3,0,3,3,1,1,0,1,1,2,2,0,1,1,3
190,l1,male,34,Nagykanizsa,Szakorvos ,165,0,0,3,1,1,1,1,1,2,2,1,0,1,501607,0,0,0,0,1,0,0,0,1,0,2,1,0,1,0,0,3,395,3,1,1,3,0,1,0,1,0,0,0,0,1
191,l1,male,30,Nagykanizsa,asztalos ,170,0,2,4,1,1,1,1,1,0,0,0,0,1,195613,0,0,0,1,0,0,0,1,0,0,1,1,1,1,0,0,0,714,3,3,0,1,0,0,1,2,2,1,1,0,1
192,l1,male,29,Nagykanizsa,Lakatos ,154,3,0,4,1,1,1,1,3,1,1,0,0,1,0,1,1,0,0,1,0,0,1,1,0,3,1,0,3,2,0,0,207,3,1,1,1,2,1,0,1,2,0,0,0,3
193,l0,female,28,Nagykanizsa,Lakatos ,173,0,0,3,1,1,1,1,1,3,3,1,0,0,0,0,0,0,0,1,1,0,1,1,0,2,3,0,1,2,1,4,696,2,3,1,0,1,0,0,0,2,1,0,0,0
194,l0,male,27,Nagykanizsa,asztalos ,158,0,1,3,0,1,1,1,4,3,0,0,0,1,193641,0,0,1,0,1,1,1,1,0,0,2,1,0,4,0,0,3,96,2,1,0,1,2,0,0,0,0,0,0,0,3
195,l1,male,45,Nagykanizsa,Lakatos ,166,3,0,2,1,1,1,0,1,2,1,1,0,0,551355,1,0,0,0,1,0,0,1,0,0,1,1,1,1,0,0,1,941,3,3,1,2,2,1,1,0,1,0,1,1,1
196,l1,female,46,Nagykanizsa,Lakatos ,180,4,0,2,0,1,1,1,2,2,8,4,0,0,101400,0,0,0,0,0,0,0,0,1,0,1,1,0,3,0,0,0,19,2,1,1,1,1,0,0,0,0,1,1,1,1
197,l1,male,61,Nagykanizsa,Lakatos ,174,4,0,4,1,1,1,1,1,0,0,0,0,1,0,1,0,0,0,1,0,1,1,0,1,5,1,1,1,2,0,0,728,3,3,1,3,2,0,1,1,0,0,1,1,1
198,l0,male,29,Nagybajcs,Szakorvos ,167,4,0,1,0,1,1,1,1,2,2,1,0,0,36115,0,0,1,0,1,0,1,1,1,0,2,0,0,1,0,2,0,675,2,0,1,3,0,0,0,1,0,1,1,1,1
199,l0,male,40,Nagybajcs,asztalos ,169,4,1,3,1,1,1,1,2,0,1,1,0,0,0,1,0,1,0,1,1,0,1,1,1,0,1,0,4,2,1,3,386,3,2,1,2,1,0,0,2,0,0,1,1,0
200,l1,female,51,Nagykanizsa,Lakatos ,181,4,1,3,1,1,1,1,3,2,2,0,0,0,114819,1,1,0,0,1,0,0,1,1,0,1,1,0,4,4,0,0,0,1,1,1,1,2,0,0,1,0,1,1,0,2
201,l1,female,37,Nagykanizsa,Szakorvos ,174,0,2,4,0,1,1,1,1,2,4,1,0,1,0,1,0,0,1,1,0,0,0,1,0,3,1,0,0,0,0,0,441,2,1,1,2,2,1,1,1,0,0,1,0,1
202,l1,male,44,Budakeszi,Lakatos ,175,4,0,4,1,1,1,1,1,2,0,0,0,0,0,1,0,1,0,0,0,1,1,1,1,0,0,0,4,2,0,4,413,2,1,1,1,0,1,1,1,0,0,1,0,1
203,l0,male,41,Nagykanizsa,asztalos ,159,3,0,1,0,0,0,1,1,2,7,4,0,0,550151,0,0,1,0,1,1,1,1,0,0,5,1,1,4,0,1,4,8038,2,2,1,3,1,1,0,1,2,1,0,1,2
204,l1,male,31,Budakeszi,Lakatos ,166,2,2,2,1,1,1,0,1,3,2,1,0,1,138443,1,0,0,0,1,1,0,1,0,0,5,0,0,4,0,0,0,0,2,0,1,3,2,0,0,1,0,0,1,1,1
205,l0,male,46,Nagybajcs,asztalos ,167,3,0,3,0,1,1,1,4,2,1,1,0,0,87392,1,0,1,0,0,0,0,1,1,0,5,0,0,1,0,1,0,721,0,0,1,3,1,0,0,2,2,0,1,0,0
206,l1,male,30,Nagybajcs,asztalos ,167,4,0,3,1,1,1,1,3,2,2,4,0,1,272898,1,0,0,1,0,0,0,0,1,0,1,1,0,1,0,3,4,9778,3,3,1,1,1,1,1,2,2,1,1,1,3
207,l0,male,57,Nagykanizsa,Lakatos ,173,0,0,4,1,1,1,1,2,3,4,4,0,1,103778,1,0,0,0,1,1,0,1,1,0,1,1,0,0,0,0,0,35,2,1,1,2,2,0,0,0,0,2,1,0,2
208,l1,female,54,Budakeszi,Szakorvos ,162,3,0,3,1,1,1,1,1,3,0,0,0,0,401001,1,0,1,0,1,1,0,1,1,0,2,2,0,0,0,2,4,674,1,0,1,0,1,0,0,1,0,0,1,1,1
209,l0,male,49,Budakeszi,Lakatos ,171,4,1,4,1,1,1,1,1,2,1,0,0,0,0,1,1,0,0,1,1,0,1,1,1,5,1,0,1,0,0,3,420,2,1,1,3,1,0,0,2,2,1,0,1,1
210,l0,male,42,Nagykanizsa,asztalos ,149,0,0,1,0,1,1,0,1,2,0,0,0,1,0,1,0,0,1,1,1,1,0,1,1,2,0,0,4,0,0,0,0,1,1,1,3,2,1,0,2,2,1,0,0,4
211,l1,female,41,Budakeszi,Szakorvos ,168,0,0,3,1,1,1,1,2,3,14,4,0,0,183253,0,0,1,0,0,0,0,1,1,1,2,3,1,1,0,3,2,173,2,3,1,3,2,1,1,1,0,0,0,0,1
212,l1,female,26,Budakeszi,asztalos ,182,4,0,3,0,1,3,1,1,2,7,4,0,0,208857,1,1,0,0,1,0,0,1,0,0,4,1,0,1,0,3,0,662,1,0,1,2,2,0,0,0,2,2,0,0,4
213,l1,female,32,Nagykanizsa,Szakorvos ,188,4,2,4,0,1,1,1,3,2,8,4,0,1,0,1,0,1,1,1,0,0,1,1,1,1,1,0,1,0,1,0,0,1,0,1,1,2,1,1,1,2,0,1,0,0
214,l1,male,45,Budakeszi,Szakorvos ,168,4,2,2,1,1,2,1,2,3,1,0,0,0,151324,1,0,0,1,1,1,0,0,1,1,4,1,0,1,0,0,0,0,3,3,1,1,0,1,1,0,2,1,0,0,1
215,l1,male,42,Budakeszi,Szakorvos ,180,4,0,3,0,1,2,1,1,2,3,1,0,1,147155,1,0,1,0,1,0,0,1,1,0,2,1,0,0,1,2,3,258,3,0,1,2,2,1,0,1,2,1,0,0,1
216,l0,male,65,Nagykanizsa,asztalos ,166,0,0,3,0,1,1,1,2,2,1,0,0,1,175705,1,0,1,0,1,1,0,1,1,0,2,1,0,0,2,0,0,430,2,3,1,0,2,0,0,1,2,1,1,0,2
217,l1,female,44,Nagykanizsa,Szakorvos ,168,0,0,4,1,1,1,1,1,2,4,4,0,1,462209,1,0,0,0,1,1,0,0,1,0,1,1,1,1,2,0,1,546,3,3,1,3,2,0,0,2,2,0,1,0,0
218,l1,female,50,Nagykanizsa,Szakorvos ,175,4,0,4,1,1,1,0,2,2,0,0,0,0,297204,1,0,0,1,1,0,1,1,1,0,4,1,0,0,2,0,0,459,2,1,0,1,2,1,0,2,2,0,1,0,3
219,l0,male,50,Nagybajcs,asztalos ,166,4,0,3,1,1,2,1,1,2,1,0,0,0,91879,1,0,0,0,1,1,0,1,0,0,4,2,0,0,4,0,3,293,2,1,1,2,0,0,0,1,1,1,1,1,2
220,l1,female,57,Nagykanizsa,Szakorvos ,185,0,0,3,1,1,1,1,1,2,2,1,0,0,0,0,0,1,0,1,1,0,0,0,0,1,1,0,1,0,0,3,0,1,0,1,3,2,0,0,0,0,1,0,0,1
221,l1,female,26,Nagykanizsa,Szakorvos ,181,2,0,2,1,1,2,1,1,0,3,4,0,0,0,1,0,0,0,1,1,1,1,1,1,1,1,0,1,2,0,0,258,3,3,1,3,2,0,0,2,2,0,1,1,0
222,l0,female,56,Budakeszi,Lakatos ,174,3,0,3,0,1,2,1,2,2,0,0,0,0,10206468,0,0,1,0,0,1,1,1,0,0,1,1,0,1,0,0,3,24376,1,1,0,1,0,0,1,1,2,2,1,0,2
223,l0,male,60,Budakeszi,Szakorvos ,166,4,0,1,1,1,1,1,2,2,2,1,0,0,41096,1,0,1,0,1,0,1,1,1,1,5,1,0,1,2,0,3,700,3,1,1,3,0,1,1,1,2,0,1,1,1
224,l0,male,29,Nagykanizsa,Szakorvos ,160,0,0,1,1,1,1,0,2,2,1,1,0,1,551821,0,0,0,0,1,1,1,0,1,1,5,3,1,1,0,0,2,420,3,1,1,2,0,0,1,1,0,1,0,0,3
225,l1,male,47,Budakeszi,Lakatos ,172,4,0,3,1,1,1,1,2,2,12,1,0,0,299968,1,0,0,0,0,0,0,0,1,1,1,1,0,1,0,0,1,257,3,3,1,0,2,0,1,1,0,0,0,0,4
226,l1,female,49,Budakeszi,Lakatos ,167,0,0,3,1,1,1,0,1,2,1,0,0,0,0,1,1,0,0,0,1,0,1,0,0,1,1,0,1,2,0,0,0,1,0,1,2,2,0,1,0,0,0,1,1,3
227,l1,female,63,Nagykanizsa,Szakorvos ,179,4,2,3,1,1,1,1,1,3,4,1,0,0,96107,1,0,0,1,1,1,0,1,0,0,5,2,1,1,2,0,3,276,2,1,1,1,0,1,1,1,2,0,1,0,1
228,l0,male,25,Nagykanizsa,Lakatos ,165,4,0,1,1,1,1,1,1,0,0,0,0,1,142172,1,0,0,1,1,0,0,0,1,1,1,0,0,1,2,1,0,330,2,1,1,0,0,1,1,2,2,1,1,1,1
229,l1,female,60,Nagybajcs,Szakorvos ,182,4,2,4,0,1,1,1,2,3,0,0,0,0,166355,0,0,1,0,1,0,1,1,1,0,1,1,0,3,2,0,0,167,3,3,1,3,2,1,0,1,2,0,1,1,2
230,l0,male,25,Budakeszi,asztalos ,171,4,0,1,0,0,1,1,1,3,1,1,0,1,269458,1,0,1,0,1,0,0,1,1,0,3,1,0,3,0,3,4,717,3,1,1,0,0,0,0,0,0,1,0,1,4
231,l1,female,27,Nagybajcs,Lakatos ,179,0,0,4,1,1,1,1,1,2,2,1,0,1,406046,1,0,0,1,1,1,0,0,0,0,5,1,0,1,2,0,3,526,2,1,1,3,2,1,0,2,2,0,1,0,2
232,l0,female,31,Nagykanizsa,asztalos ,186,3,0,1,0,1,1,1,1,2,7,4,0,0,247185,1,0,0,0,1,0,1,1,0,0,4,2,0,1,0,0,0,152,3,0,1,3,1,1,1,1,0,0,1,1,1
233,l1,male,61,Nagykanizsa,Szakorvos ,175,0,2,4,1,1,1,0,1,3,2,1,0,1,348038,1,0,1,0,1,0,1,1,1,1,1,1,0,1,2,0,0,0,2,2,1,1,2,1,0,1,2,1,0,0,3
234,l1,female,44,Budakeszi,Szakorvos ,191,4,0,4,1,1,1,1,1,2,1,1,0,0,36827,0,0,0,0,1,1,1,0,1,1,1,2,1,1,2,0,0,405,3,1,1,3,2,0,0,1,0,0,1,0,1
235,l1,male,27,Budakeszi,Lakatos ,170,4,0,2,1,1,0,0,2,3,2,0,0,1,0,1,0,1,1,1,0,0,1,0,0,1,0,0,3,2,1,3,430,3,0,1,1,1,0,0,2,0,0,1,1,0
236,l0,male,53,Nagykanizsa,asztalos ,158,0,0,3,1,1,1,1,1,3,2,0,0,0,0,0,0,0,0,1,0,0,1,1,1,0,1,0,1,2,0,0,26,1,2,1,3,2,1,1,0,0,0,1,0,1
237,l0,male,25,Nagykanizsa,asztalos ,176,3,0,3,1,1,1,1,1,2,1,1,0,0,54014,0,1,1,0,0,0,0,1,1,1,0,0,0,1,0,0,3,0,2,2,1,1,2,1,0,1,0,1,1,0,3
238,l1,male,25,Nagybajcs,Lakatos ,159,2,0,1,1,1,1,1,2,3,2,0,0,0,45064,0,0,0,1,1,0,0,1,0,0,5,1,0,4,2,0,2,0,2,1,1,3,2,1,1,1,2,0,0,1,3
239,l0,male,45,Nagykanizsa,Lakatos ,176,4,0,3,1,1,1,1,0,2,6,4,0,0,398918,1,0,0,0,1,0,0,0,1,1,5,1,1,0,0,0,0,0,3,3,1,1,2,0,0,1,2,0,0,0,4
240,l1,male,33,Nagykanizsa,Lakatos ,167,4,1,4,1,1,1,1,1,3,7,1,0,0,0,0,0,0,0,1,1,1,1,1,1,1,2,0,0,0,0,4,28196,1,1,1,3,1,1,1,1,0,0,1,0,1
241,l0,male,62,Budakeszi,asztalos ,161,4,0,3,1,1,2,1,1,2,0,4,0,0,0,1,1,0,0,0,1,1,1,1,0,1,1,0,1,0,3,4,0,1,0,1,1,2,0,0,1,1,0,1,1,1
242,l0,male,31,Nagykanizsa,Lakatos ,166,0,0,1,1,1,1,1,1,0,1,0,0,0,0,1,1,0,0,1,1,0,1,1,1,1,1,0,1,0,1,0,105,2,0,1,1,1,0,0,1,0,1,1,1,0
243,l1,male,36,Budakeszi,asztalos ,172,4,0,4,1,1,1,1,1,2,3,4,0,0,45629,0,0,0,1,1,0,0,1,1,1,0,1,0,1,2,0,1,274,2,0,1,1,1,0,1,0,2,0,0,0,2
244,l0,female,58,Nagykanizsa,Szakorvos ,173,4,0,2,1,1,1,1,1,3,2,3,0,0,152423,0,0,1,0,0,0,0,0,1,0,1,0,0,0,2,3,4,241,3,1,1,1,1,1,1,1,2,0,1,1,1
245,l1,male,62,Nagykanizsa,Lakatos ,166,0,0,4,0,1,1,1,1,0,2,1,0,0,0,1,0,0,0,1,1,1,1,1,1,5,1,0,1,0,0,0,679,3,2,1,3,2,0,0,0,0,0,0,1,2
246,l0,male,46,Nagykanizsa,Szakorvos ,154,3,1,4,0,1,2,1,3,2,4,4,0,0,0,0,0,0,0,1,0,0,1,1,1,1,1,0,1,0,0,3,0,3,1,1,1,2,0,0,1,2,0,1,0,1
247,l1,male,41,Nagykanizsa,Szakorvos ,159,0,2,3,1,1,1,0,1,3,0,0,0,1,231507,1,0,0,0,0,0,0,1,1,1,0,1,1,3,2,0,1,183,3,1,0,1,2,0,0,1,0,0,0,0,2
248,l0,male,39,Budakeszi,asztalos ,172,0,0,3,1,1,1,1,1,0,0,0,0,1,497251,0,0,0,0,1,0,1,1,1,0,2,1,0,1,0,3,1,357,0,1,1,1,2,1,1,2,2,0,1,1,4
249,l0,male,25,Budakeszi,asztalos ,169,3,0,3,1,1,2,1,2,2,1,0,0,0,62065,1,0,0,0,0,0,1,1,1,1,1,1,0,1,4,0,0,426,3,2,1,0,2,0,1,1,2,1,1,1,0
250,l0,female,33,Nagykanizsa,Lakatos ,188,0,0,3,1,1,2,1,1,2,2,0,0,0,411386,0,0,1,0,0,1,0,0,1,1,0,1,0,4,2,2,3,408,2,3,1,1,2,0,0,1,2,0,0,0,1
251,l1,male,64,Budakeszi,Lakatos ,161,3,0,4,1,1,1,1,1,2,2,1,0,1,406684,0,0,1,0,0,1,1,1,1,0,1,2,0,0,0,1,4,268,2,0,1,1,2,0,0,1,0,1,0,0,2
252,l1,male,58,Nagykanizsa,asztalos ,171,0,1,3,1,1,1,1,3,2,1,0,0,0,267081,0,0,0,0,1,0,0,1,1,1,4,1,0,0,2,0,4,272,2,1,1,3,2,0,0,1,2,1,1,0,3
253,l0,male,28,Nagykanizsa,asztalos ,175,4,0,3,0,1,1,1,1,0,11,4,0,1,14099245,1,0,1,0,1,1,0,1,0,0,2,1,0,1,0,1,0,181,2,0,1,1,2,1,1,2,0,0,1,0,1
254,l0,male,57,Budakeszi,asztalos ,155,1,0,3,1,1,2,0,3,3,2,4,0,1,599476,0,0,1,0,0,0,0,1,1,0,0,1,0,4,0,0,1,0,2,0,1,2,2,0,0,1,0,0,1,0,1
255,l1,male,30,Budakeszi,Lakatos ,157,0,0,3,1,1,1,1,1,3,1,0,0,0,0,1,0,0,0,0,0,1,1,1,1,1,0,1,0,0,0,4,4241,2,3,0,1,2,0,0,2,2,1,1,1,3
256,l1,male,56,Nagykanizsa,Szakorvos ,157,0,0,4,1,1,1,1,2,2,0,0,0,1,196139,1,1,0,0,1,1,0,1,1,1,4,3,0,1,0,3,4,7619,3,1,1,3,2,0,0,0,0,1,1,1,3
257,l1,male,51,Nagykanizsa,Szakorvos ,164,3,0,3,1,1,2,1,2,2,4,4,0,1,490694,1,0,1,0,1,1,1,1,1,1,1,1,0,4,2,0,0,37,3,1,1,2,2,0,1,2,0,1,1,1,3
258,l1,male,56,Nagybajcs,Lakatos ,162,3,0,3,0,1,1,1,1,3,0,0,0,0,491685,0,0,0,0,1,0,1,1,1,0,5,1,0,4,2,0,3,142,1,0,1,2,2,0,0,1,2,1,1,1,3
259,l0,male,26,Nagykanizsa,asztalos ,162,0,0,1,0,1,1,0,1,0,14,0,0,0,146299,1,0,0,0,1,1,1,1,1,1,1,0,0,3,1,0,0,0,2,1,0,1,2,0,0,1,0,1,1,1,0
260,l0,female,64,Budakeszi,asztalos ,165,0,0,2,0,1,1,1,1,3,2,1,0,0,364995,0,0,0,0,1,1,0,1,1,0,5,1,1,4,0,0,0,0,2,3,1,2,0,1,1,1,0,0,0,0,3
261,l0,male,51,Budakeszi,asztalos ,177,3,1,1,1,1,1,1,1,2,5,4,0,1,303348,1,0,0,0,1,0,1,0,1,0,5,1,0,0,0,0,3,577,2,1,0,1,0,1,0,2,2,1,0,0,3
262,l0,male,45,Nagykanizsa,Szakorvos ,172,0,0,2,1,1,2,1,2,0,0,0,0,0,467329,1,0,1,0,1,1,1,1,0,0,0,2,0,1,0,0,0,249,2,1,1,1,0,1,1,2,2,0,0,0,1
263,l0,male,32,Nagykanizsa,Lakatos ,173,3,0,1,1,1,1,1,1,3,0,0,0,0,0,0,0,0,0,1,1,1,0,1,1,2,1,0,1,2,0,0,844,2,1,1,1,2,1,1,1,0,0,0,0,0
264,l1,female,61,Nagykanizsa,Szakorvos ,185,3,0,2,1,1,1,1,1,2,7,4,0,1,95594,0,0,0,0,1,1,1,1,1,0,4,1,1,1,0,0,3,876,3,2,1,2,2,0,0,1,1,1,0,0,2
265,l1,male,30,Budakeszi,Szakorvos ,160,3,0,3,1,1,1,1,2,3,0,0,0,1,314928,1,0,1,1,1,1,0,0,1,0,5,2,0,4,4,0,3,849,3,1,1,3,2,0,1,2,2,0,1,1,4
266,l1,male,26,Nagykanizsa,asztalos ,163,3,0,2,1,1,1,1,1,2,3,1,0,1,141246,0,0,0,0,1,1,1,1,1,0,1,0,0,1,2,0,0,0,2,1,1,3,1,0,0,1,0,0,1,1,3
267,l1,female,25,Nagykanizsa,Szakorvos ,190,3,0,2,1,1,1,1,1,2,4,1,0,0,554411,0,0,1,0,1,0,0,1,1,0,5,1,0,0,0,0,3,511,3,3,1,3,1,0,0,1,2,1,1,0,1
268,l0,male,63,Budakeszi,asztalos ,172,4,0,1,1,1,1,1,1,2,3,1,0,1,136021,1,1,0,0,1,1,0,1,1,1,1,1,0,1,2,1,4,154,1,3,1,1,0,0,0,1,0,1,0,1,1
269,l0,male,65,Nagybajcs,asztalos ,189,3,2,3,1,1,1,1,1,2,1,0,0,0,382316,0,0,1,1,1,1,1,1,1,0,2,3,0,1,0,0,0,600,2,1,1,1,2,0,0,1,1,0,1,1,4
270,l1,male,28,Budakeszi,Szakorvos ,165,1,0,2,1,1,2,1,1,0,2,1,0,0,0,1,0,0,0,0,1,1,1,0,0,2,0,0,0,2,0,0,0,2,0,1,1,2,0,0,1,0,0,1,0,1
271,l1,male,46,Nagybajcs,asztalos ,166,0,1,3,1,1,1,1,1,3,2,1,0,0,366712,1,1,1,0,1,0,0,1,0,0,1,1,0,4,2,1,4,890,2,2,1,3,1,0,0,0,0,1,1,1,2
272,l0,male,25,Budakeszi,asztalos ,158,4,0,3,0,1,1,1,1,3,3,4,1,0,480490,0,0,1,0,0,0,0,1,1,0,5,0,0,1,0,0,3,467,1,1,1,1,1,1,0,0,0,0,1,1,1
273,l1,female,63,Nagykanizsa,Szakorvos ,182,0,2,3,0,1,1,1,1,2,0,0,0,0,413432,1,0,1,1,1,0,0,1,1,0,1,1,0,1,2,0,3,4075,1,3,1,1,0,1,1,1,2,0,1,0,1
274,l1,male,31,Nagykanizsa,Lakatos ,176,3,0,4,1,1,1,1,2,2,5,4,0,0,299699,0,0,0,1,1,0,1,1,1,1,2,1,0,0,2,1,4,3963,2,1,1,3,2,1,0,1,2,1,1,0,1
275,l1,female,56,Nagykanizsa,Lakatos ,177,3,1,3,0,1,1,1,1,3,2,1,0,0,0,1,0,0,0,1,0,0,1,1,1,1,1,0,1,0,0,0,191,3,1,1,3,1,0,0,1,0,1,1,1,1
276,l1,male,49,Budakeszi,Lakatos ,156,4,0,3,1,1,1,1,1,2,7,3,0,1,484561,1,1,0,1,1,0,0,1,1,1,3,1,1,4,2,0,0,120,3,3,1,1,2,1,1,2,2,0,0,0,1
277,l0,male,52,Nagykanizsa,asztalos ,161,4,0,1,1,1,2,1,1,2,3,1,0,1,102657,1,0,1,0,1,0,0,0,0,0,1,1,0,1,1,2,4,55867,2,0,1,1,1,0,0,0,0,0,0,1,1
278,l1,male,39,Nagykanizsa,asztalos ,166,0,2,3,1,1,1,1,1,3,3,4,0,0,209132,1,0,1,0,1,1,1,1,1,0,5,1,1,1,0,0,4,1088,3,3,1,3,2,1,1,2,2,1,1,1,2
279,l1,male,48,Nagykanizsa,Lakatos ,184,0,2,1,1,1,1,1,1,0,5,4,0,1,350419,1,0,0,0,1,0,1,1,1,0,5,1,0,1,1,0,0,553,3,3,1,3,1,0,0,1,0,0,1,1,1
280,l1,female,61,Budakeszi,Szakorvos ,175,0,1,4,1,1,1,1,0,2,0,0,0,0,136026,1,0,0,0,1,0,0,0,1,1,3,1,0,1,0,0,4,6901,3,3,1,1,2,0,0,1,2,0,0,1,0
281,l0,male,25,Nagykanizsa,asztalos ,162,0,0,1,1,1,1,1,0,2,3,0,0,1,199057,1,0,1,0,1,0,0,1,1,0,3,2,0,3,2,0,0,347,3,3,1,3,0,0,0,2,1,1,1,1,1
282,l1,male,36,Budakeszi,Lakatos ,169,4,1,3,0,1,2,1,2,2,0,0,0,0,0,0,0,0,0,1,1,0,1,1,0,0,3,0,1,3,0,1,179,2,3,1,0,1,1,0,0,0,0,0,0,0
283,l1,male,41,Nagykanizsa,asztalos ,157,4,2,4,1,1,1,1,1,0,0,0,0,0,149031,1,1,0,0,1,0,0,0,1,0,1,1,0,4,0,0,0,0,2,2,1,1,2,1,1,1,1,1,1,1,4
284,l0,female,40,Budakeszi,Lakatos ,170,4,0,3,0,1,1,0,1,2,0,0,0,1,74241,0,0,0,0,0,1,1,0,1,0,3,1,0,0,4,2,3,312,1,2,1,2,2,0,0,1,2,0,0,0,1
285,l1,male,54,Nagykanizsa,Szakorvos ,175,0,2,4,0,1,1,1,1,0,8,2,0,1,61340,1,0,0,0,1,1,0,1,1,1,3,1,0,1,0,0,0,743,3,0,1,2,2,1,1,1,0,1,1,0,1
286,l1,male,64,Nagykanizsa,Lakatos ,183,0,0,4,1,1,2,1,2,3,1,0,0,0,13446705,1,1,1,0,1,0,0,1,1,1,5,3,0,4,2,0,0,0,2,0,1,2,1,1,1,1,0,1,0,0,1
287,l1,female,29,Nagykanizsa,Szakorvos ,189,1,0,4,1,1,1,1,2,2,3,1,0,0,81135,1,1,0,0,1,0,0,1,1,1,1,0,1,4,2,0,2,273,3,3,1,1,2,1,1,1,1,1,1,0,0
288,l0,male,52,Nagykanizsa,Lakatos ,172,3,0,3,1,1,1,1,2,3,0,0,0,0,77144,1,0,0,0,1,1,0,1,1,1,5,1,1,1,2,0,1,453,3,3,1,3,2,1,1,1,0,0,0,0,1
289,l1,female,37,Nagybajcs,Szakorvos ,166,3,0,4,1,1,1,0,2,2,0,0,0,1,661874,1,0,1,0,0,0,0,1,1,1,1,2,0,1,0,0,4,442,2,3,1,1,0,1,0,1,2,0,1,0,3
290,l0,male,33,Budakeszi,asztalos ,166,3,0,3,0,1,1,1,0,3,1,0,0,0,85284,1,0,1,0,1,0,1,0,0,0,1,0,0,4,2,0,1,217,3,1,1,1,1,1,1,1,0,1,0,0,1
291,l0,female,36,Nagykanizsa,Lakatos ,171,3,0,2,1,1,2,1,1,2,4,4,0,1,21489,1,0,0,0,0,0,1,1,1,1,1,0,0,1,0,0,0,0,2,0,1,1,2,1,0,1,1,0,1,1,1
292,l1,female,41,Nagykanizsa,Szakorvos ,180,2,0,3,1,1,1,1,1,2,9,0,0,1,0,1,0,0,0,0,0,1,0,1,1,1,1,0,1,0,1,4,18243,3,1,1,1,0,1,1,0,0,0,1,1,1
293,l0,female,50,Budakeszi,Lakatos ,186,4,0,1,1,1,1,1,2,2,1,0,0,0,6529,1,0,0,0,1,0,1,1,1,1,5,2,0,1,0,0,3,590,1,1,1,3,1,0,0,1,0,1,0,0,1
294,l1,male,61,Nagybajcs,Lakatos ,178,3,0,3,0,1,1,1,3,2,2,0,0,0,120638,0,0,0,0,1,1,1,0,1,0,2,1,0,0,0,0,0,0,2,0,1,1,0,0,1,0,0,0,1,1,1
295,l1,male,55,Nagykanizsa,asztalos ,172,0,0,3,1,1,1,1,2,2,3,1,0,1,184263,1,1,0,0,1,1,1,1,0,0,5,1,0,1,2,0,3,233,2,0,1,1,1,1,1,2,1,1,0,0,1
296,l1,female,49,Budakeszi,Szakorvos ,189,4,1,4,1,1,2,1,1,2,3,4,0,1,320791,0,0,0,0,1,0,1,1,1,0,5,1,0,0,2,0,0,0,2,1,0,2,2,1,1,1,2,0,1,1,1
297,l1,male,37,Nagykanizsa,Szakorvos ,160,0,1,4,1,0,2,1,1,3,1,0,0,1,268507,1,0,0,0,1,0,1,1,1,1,5,1,0,1,0,0,3,555,2,0,1,1,2,0,1,0,0,0,1,1,1
298,l1,male,25,Nagykanizsa,Lakatos ,178,4,0,1,0,1,2,1,3,2,0,0,0,1,276039,1,0,1,0,1,0,0,1,1,0,1,1,0,1,2,2,1,5023,2,2,1,3,2,1,1,2,0,0,1,0,2
299,l1,male,57,Budakeszi,Szakorvos ,163,3,0,3,1,1,1,1,2,2,2,1,0,0,0,1,0,0,0,1,0,0,0,1,1,2,2,1,1,2,0,0,229,3,3,1,3,1,0,0,1,1,1,0,0,0
300,l0,female,46,Nagybajcs,Szakorvos ,160,4,0,2,0,1,1,1,3,2,0,0,0,0,38402,1,0,0,0,1,0,0,1,0,0,0,0,0,1,1,4,1,181,2,3,1,1,2,1,1,1,2,1,0,0,1
301,l1,male,53,Budakeszi,Lakatos ,159,4,2,3,1,1,1,1,1,3,2,1,0,0,231357,1,0,1,0,1,1,0,0,1,1,1,1,0,0,0,0,0,307,2,1,1,1,2,1,1,1,1,0,0,0,4
302,l1,male,31,Nagykanizsa,asztalos ,170,4,0,3,1,1,2,1,1,2,1,0,0,0,0,0,0,0,0,0,0,1,1,1,0,0,1,0,1,3,0,3,224,2,0,1,1,2,1,0,2,2,1,1,1,1
303,l1,male,56,Budakeszi,Lakatos ,171,4,0,4,1,1,1,1,1,2,2,0,0,1,569975,0,0,1,0,0,1,0,1,1,1,0,1,0,1,2,0,3,384,2,3,0,1,0,1,1,2,2,0,1,1,2
304,l0,male,44,Nagykanizsa,asztalos ,164,4,0,3,0,1,2,1,1,3,0,0,0,1,183150,1,1,1,0,0,0,0,1,1,0,1,1,0,1,4,1,3,0,2,3,0,2,0,0,0,2,2,1,0,0,1
305,l1,male,58,Nagybajcs,asztalos ,171,0,0,3,1,1,1,1,1,2,6,1,0,0,0,0,0,0,1,1,0,0,1,1,0,0,1,0,1,0,0,4,165,3,3,1,1,2,0,0,2,2,0,0,0,1
306,l1,female,40,Nagykanizsa,asztalos ,184,0,0,3,1,1,1,1,1,2,5,4,0,1,157635,1,0,0,0,1,0,0,1,1,0,1,1,0,0,2,0,0,486,1,1,1,2,2,0,1,0,0,1,1,0,1
307,l1,female,54,Nagykanizsa,Szakorvos ,169,3,2,4,0,1,1,1,1,0,0,0,0,1,518752,1,0,0,0,0,0,0,0,0,0,0,1,0,1,0,0,4,583,2,1,0,1,2,1,0,2,0,0,0,0,1
308,l0,male,34,Nagykanizsa,asztalos ,166,0,0,3,0,1,1,1,1,3,2,0,0,0,188118,0,0,0,0,1,1,1,1,1,1,2,2,0,0,2,2,0,0,2,3,1,3,2,1,0,1,2,1,0,0,3
309,l1,male,42,Nagykanizsa,Lakatos ,181,0,0,3,1,1,1,1,1,2,3,1,0,0,181635,1,1,0,0,1,0,1,1,1,0,2,2,1,1,0,0,3,594,3,3,1,3,2,0,0,1,1,1,1,0,1
310,l0,male,49,Budakeszi,asztalos ,173,4,0,3,0,1,1,1,0,2,0,0,0,1,156618,1,0,1,0,1,0,0,1,1,0,1,0,0,0,0,0,0,343,3,3,1,3,1,0,0,1,2,0,0,0,1
311,l1,male,53,Budakeszi,Lakatos ,159,3,0,3,1,1,1,0,1,1,2,1,0,0,321899,0,0,1,1,1,0,0,1,1,1,3,2,0,0,0,0,2,683,2,1,1,3,1,1,0,2,2,0,1,1,1
312,l1,male,62,Nagykanizsa,Szakorvos ,163,0,0,3,1,1,2,0,1,0,1,0,0,1,0,0,0,1,0,1,0,1,1,1,0,5,0,0,1,0,0,0,259,3,1,1,1,0,1,1,1,0,0,1,0,3
313,l1,male,37,Budakeszi,asztalos ,170,3,0,3,1,1,2,1,1,0,1,0,0,0,123751,0,0,0,0,1,0,0,1,0,0,5,1,0,4,0,0,0,0,3,1,1,3,1,0,0,0,0,0,1,0,2
314,l1,male,37,Nagykanizsa,asztalos ,152,0,0,3,1,1,1,1,1,0,3,1,0,0,627314,0,0,1,0,1,1,0,1,1,0,0,0,1,1,2,3,3,0,2,3,1,1,1,1,1,2,0,2,0,0,4
315,l0,male,25,Budakeszi,asztalos ,161,3,2,4,1,1,2,1,1,3,2,1,0,0,305395,1,1,0,0,1,0,1,1,1,0,1,1,0,1,2,0,0,0,2,1,1,2,2,0,0,1,0,0,0,0,0
316,l1,male,33,Budakeszi,Lakatos ,170,4,0,4,0,1,1,1,1,3,4,4,0,1,273076,1,1,0,1,1,0,0,1,1,1,1,1,0,4,2,0,0,0,3,1,1,2,2,1,1,1,2,0,1,1,4
317,l1,male,37,Nagykanizsa,Lakatos ,171,0,0,1,0,1,1,0,1,2,2,1,0,0,206204,0,0,0,1,1,0,1,1,1,0,1,1,0,1,0,1,3,190,3,2,0,0,1,1,0,1,2,0,1,0,2
318,l0,male,45,Nagykanizsa,Szakorvos ,164,3,0,2,1,1,1,1,0,3,1,1,0,1,428015,1,0,0,0,1,0,1,1,1,1,5,2,0,3,0,3,3,1109,3,1,1,3,1,1,0,1,0,1,0,0,1
319,l1,male,52,Nagykanizsa,Szakorvos ,173,4,0,1,1,1,1,1,2,0,4,1,1,0,0,0,0,0,1,1,0,1,1,1,1,5,2,0,1,1,0,2,662,3,3,1,1,1,1,1,1,2,0,1,1,1
320,l0,male,64,Budakeszi,asztalos ,176,3,0,3,1,1,1,1,2,2,1,3,0,1,302988,1,0,1,0,1,1,0,1,1,1,2,1,0,0,2,0,1,0,1,0,1,3,2,0,0,2,2,0,1,1,1
321,l0,male,35,Nagykanizsa,Lakatos ,174,0,0,1,1,1,1,1,1,2,4,4,0,0,11508,1,0,0,0,1,0,0,1,1,1,1,1,1,1,0,0,0,252,3,3,1,3,0,1,0,1,0,1,1,1,1
322,l1,female,59,Nagykanizsa,Szakorvos ,172,0,0,2,0,1,2,1,2,3,2,0,0,1,0,1,0,0,1,1,0,1,1,1,1,1,2,0,0,2,0,1,3455,3,3,0,2,1,1,1,1,2,1,1,1,2
323,l1,female,48,Nagykanizsa,Lakatos ,176,4,0,1,0,1,1,1,1,2,4,4,0,1,0,0,0,0,1,1,1,1,1,1,1,1,1,1,1,2,0,0,0,3,3,1,3,2,1,1,1,0,0,1,1,1
324,l0,male,45,Nagykanizsa,Lakatos ,164,3,0,1,1,1,1,1,1,2,3,1,0,0,95199,0,0,1,1,1,0,1,1,0,0,1,1,0,4,2,0,1,264,3,0,1,1,2,0,1,1,2,0,1,1,2
325,l0,female,52,Nagykanizsa,asztalos ,184,4,0,3,1,1,1,1,3,2,4,1,0,1,0,1,0,0,0,1,1,0,1,0,0,3,1,0,1,2,1,0,0,2,0,1,2,1,1,0,2,2,0,0,0,3
326,l1,female,26,Nagykanizsa,Szakorvos ,157,0,0,3,1,1,2,1,1,2,5,4,0,0,269921,0,0,0,0,1,0,0,1,1,1,1,1,0,0,2,2,3,409,2,0,0,1,2,0,0,1,2,0,1,0,1
327,l0,male,60,Nagykanizsa,asztalos ,166,0,0,2,0,1,1,1,1,2,2,0,0,0,18808,0,0,1,0,0,0,1,1,0,0,1,1,0,4,0,0,0,72,1,1,0,0,2,1,0,1,0,1,1,0,1
328,l0,female,48,Budakeszi,Szakorvos ,175,3,0,1,1,1,1,1,0,0,2,4,0,0,0,0,0,0,0,1,0,0,1,1,1,1,2,0,1,1,0,1,151,1,0,1,3,2,1,0,0,0,0,1,1,1
329,l0,female,36,Budakeszi,asztalos ,174,4,1,3,1,1,1,1,1,2,1,0,0,1,133502,1,1,0,0,1,0,0,1,1,1,1,1,0,1,0,2,4,9217,2,0,1,3,1,0,0,1,2,1,0,1,0
330,l0,male,52,Nagykanizsa,asztalos ,166,4,0,3,1,1,1,1,1,3,1,1,0,0,52750,1,0,0,1,1,0,1,1,1,1,5,1,0,1,0,0,0,267,3,2,1,0,2,1,0,1,0,1,1,1,3
331,l0,male,43,Nagybajcs,Lakatos ,164,3,0,1,1,1,1,1,1,1,0,1,0,1,196034,1,0,1,1,1,0,0,1,1,1,0,2,0,0,4,3,4,633,2,0,1,1,0,1,1,2,2,0,1,1,3
332,l0,female,60,Nagykanizsa,Lakatos ,166,4,0,3,0,1,1,1,2,2,7,1,0,1,0,1,1,1,0,0,0,0,0,1,1,5,2,0,1,0,0,1,94,2,0,1,1,1,0,0,0,0,1,1,1,1
333,l1,male,57,Budakeszi,Szakorvos ,148,4,1,4,1,1,1,1,1,2,1,0,0,0,575948,1,0,0,0,1,0,0,1,0,0,3,1,0,4,2,0,0,176,2,1,0,3,1,1,0,2,1,0,1,1,2
334,l1,female,26,Budakeszi,Szakorvos ,171,0,0,2,1,1,1,1,1,3,1,1,0,0,266935,1,0,0,0,1,0,0,1,1,0,4,2,0,0,2,0,0,53,3,1,1,3,2,0,0,0,2,1,0,0,3
335,l1,female,56,Nagybajcs,Szakorvos ,186,4,0,3,0,1,1,1,1,0,0,0,0,1,704220,1,0,1,0,1,1,1,1,1,1,1,2,0,0,0,0,0,546,2,3,1,2,2,0,0,0,0,1,1,0,3
336,l1,male,63,Nagykanizsa,Szakorvos ,184,4,0,2,1,1,1,1,1,0,1,0,0,0,87126,0,0,1,0,1,0,0,0,1,0,0,0,0,1,2,0,1,0,2,0,1,0,2,1,1,2,2,1,1,1,1
337,l1,male,37,Nagykanizsa,Lakatos ,165,3,0,1,0,1,1,1,1,2,0,0,0,0,147190,1,1,1,0,1,0,1,1,1,1,5,2,0,0,2,0,1,330,2,1,1,1,2,1,1,2,2,1,1,1,3
338,l0,male,41,Budakeszi,Szakorvos ,173,4,0,2,1,1,2,1,2,1,1,0,0,1,418688,1,0,0,1,0,1,0,1,1,0,3,2,0,1,2,0,0,6,3,3,1,1,1,1,1,1,2,0,1,1,3
339,l1,male,41,Nagykanizsa,Lakatos ,158,0,0,1,1,1,1,0,1,2,2,1,0,0,176116,1,1,0,0,0,0,0,1,0,0,1,2,0,0,2,3,3,38,3,3,1,0,1,1,1,2,2,0,1,1,1
340,l1,female,58,Nagybajcs,Szakorvos ,182,0,0,2,1,1,1,1,1,2,1,1,0,0,382971,0,0,0,0,0,0,1,1,1,0,1,1,0,0,2,0,0,552,2,0,1,1,2,0,0,1,0,0,1,1,1
341,l1,female,32,Nagykanizsa,Szakorvos ,173,0,1,4,1,1,1,1,1,2,4,4,0,1,164826,1,1,0,0,0,1,0,1,1,0,0,1,0,0,0,0,0,382,2,2,0,1,1,1,0,1,2,1,0,0,1
342,l1,male,61,Nagykanizsa,Lakatos ,163,0,2,3,0,1,1,1,1,2,0,0,0,0,0,1,0,0,0,1,0,1,1,0,0,2,1,1,4,2,0,3,325,3,3,1,3,2,1,0,1,0,1,1,1,3
343,l1,female,33,Nagybajcs,Lakatos ,189,3,0,4,1,1,1,1,2,2,2,1,0,0,0,0,0,0,0,1,0,0,1,1,1,1,0,0,1,0,0,3,310,2,0,1,1,1,1,0,2,1,1,1,1,1
344,l1,male,43,Budakeszi,Lakatos ,161,4,2,3,1,1,1,1,3,2,5,4,0,0,339697,1,0,1,0,1,0,0,0,1,1,5,2,0,1,0,2,3,450,2,2,1,1,2,0,0,1,0,0,1,0,2
345,l0,female,56,Nagybajcs,Lakatos ,180,3,0,3,1,1,1,1,3,2,1,0,0,1,11271,1,0,0,0,1,1,1,1,1,1,5,1,0,1,2,1,3,228,1,0,1,1,2,0,0,1,0,0,0,0,2
346,l1,male,49,Nagykanizsa,Szakorvos ,183,0,0,3,1,1,1,1,0,0,5,4,0,1,22594,1,1,1,0,1,0,0,1,0,0,3,1,1,1,0,0,0,380,2,1,1,3,2,1,1,1,2,1,1,0,3
347,l0,male,54,Budakeszi,asztalos ,181,2,0,3,1,1,1,1,3,0,0,0,0,1,572977,1,0,0,0,1,1,0,0,1,1,5,3,0,1,2,0,0,0,0,1,1,2,2,0,0,1,0,0,0,1,3
348,l0,male,48,Nagykanizsa,asztalos ,172,0,0,3,1,1,1,1,1,2,2,1,0,0,63192,0,0,0,0,1,1,0,1,1,1,5,1,0,1,0,0,1,297,1,1,1,3,2,1,0,2,2,1,0,0,3
349,l0,male,56,Budakeszi,asztalos ,168,0,0,3,1,1,1,1,1,2,0,0,0,0,0,1,0,0,0,1,1,1,1,0,0,0,2,0,1,0,0,0,0,3,1,1,3,1,0,0,1,0,0,0,0,1
350,l0,male,37,Budakeszi,Szakorvos ,165,2,0,3,1,1,1,1,2,2,3,1,0,0,0,0,0,0,1,1,1,0,0,1,1,4,1,0,1,1,0,3,150,2,1,1,1,2,0,0,2,0,1,1,0,4
351,l1,male,54,Budakeszi,Szakorvos ,155,3,0,3,1,1,1,1,2,2,0,0,0,0,0,0,0,0,0,1,0,1,1,1,1,5,0,0,3,0,1,4,52759,2,1,1,3,0,0,1,0,2,1,1,0,3
352,l0,male,61,Nagykanizsa,asztalos ,164,2,0,3,0,1,1,1,2,2,0,0,0,0,177367,0,0,0,1,0,0,0,1,0,0,0,1,0,1,2,0,3,21,3,3,0,0,1,1,0,1,0,0,1,1,2
353,l1,female,64,Budakeszi,Szakorvos ,195,4,0,4,1,1,1,1,1,3,0,0,0,1,363173,1,0,0,0,1,1,1,1,1,0,5,0,1,3,2,0,4,0,3,3,1,3,2,1,0,1,2,0,1,1,2
354,l0,female,56,Nagykanizsa,asztalos ,180,0,2,3,1,1,1,1,1,2,4,1,0,0,340983,1,0,0,0,1,0,0,1,1,0,3,2,0,1,0,0,4,0,2,0,1,2,1,0,0,1,0,1,1,1,1
355,l0,female,55,Nagykanizsa,asztalos ,171,3,0,3,0,1,1,1,1,2,0,0,0,0,297148,0,0,1,0,1,0,0,1,1,1,0,1,1,1,0,0,0,0,3,3,1,2,0,0,0,0,1,0,0,0,2
356,l1,female,38,Nagybajcs,asztalos ,182,4,0,3,0,1,1,1,1,2,0,0,0,0,89650,1,0,0,0,1,0,0,1,1,1,1,1,0,1,0,2,3,6126,3,3,1,3,1,1,1,2,2,1,1,0,1
357,l0,male,54,Budakeszi,asztalos ,173,4,1,3,1,1,1,1,3,2,5,4,0,0,169686,0,0,0,0,0,0,1,0,1,1,3,1,0,1,0,0,1,27,2,1,1,1,0,0,0,1,0,1,1,0,1
358,l1,male,54,Budakeszi,Lakatos ,169,0,0,3,1,1,1,1,2,2,1,1,1,1,0,1,0,0,0,1,0,0,1,1,0,0,3,0,1,2,1,4,59310,2,1,1,3,2,0,0,0,0,1,0,1,3
359,l1,male,26,Budakeszi,Lakatos ,165,0,0,2,0,1,1,1,2,2,1,0,0,0,0,0,0,0,0,1,0,0,1,1,1,5,1,0,1,2,2,4,5961,2,1,1,3,2,0,1,0,0,1,1,1,3
360,l0,female,60,Budakeszi,asztalos ,191,4,0,3,1,1,1,1,1,3,7,4,0,0,221735,0,0,1,0,0,0,1,1,1,1,1,1,0,1,2,0,4,5190,0,0,1,0,1,1,0,1,0,0,1,1,0
361,l0,male,32,Budakeszi,asztalos ,162,3,0,3,0,1,1,1,3,2,5,4,0,0,148287,1,0,0,0,1,0,0,1,1,1,5,1,0,1,2,0,0,0,1,1,1,1,0,0,0,1,2,0,0,1,0
362,l1,male,60,Nagykanizsa,Lakatos ,169,0,0,4,0,1,1,1,1,3,2,0,1,1,172378,0,0,0,0,0,1,0,1,1,0,0,0,0,1,2,1,0,672,1,1,1,1,1,0,0,1,0,0,1,0,1
363,l0,male,29,Budakeszi,asztalos ,165,0,0,1,1,1,1,1,1,2,1,0,0,0,0,1,0,1,0,1,0,0,1,1,1,0,2,0,1,0,2,0,441,3,1,1,3,2,1,1,2,0,0,1,1,1
364,l1,female,29,Budakeszi,Szakorvos ,177,4,0,4,1,1,2,1,5,1,4,1,0,0,0,0,1,0,1,1,1,0,1,0,0,4,1,0,4,2,2,0,173,2,1,1,3,1,1,0,2,2,1,0,0,0
365,l0,male,43,Nagykanizsa,Lakatos ,168,3,2,4,0,1,1,1,2,3,2,0,0,0,0,1,0,0,0,1,0,1,1,1,1,1,1,0,4,0,0,1,82,2,0,1,3,1,1,0,0,0,1,0,0,1
366,l1,male,58,Nagybajcs,asztalos ,170,1,0,3,0,1,1,0,1,2,4,0,0,1,17554905,0,0,1,0,0,0,0,1,1,1,1,0,0,1,2,1,1,358,2,1,1,1,2,0,0,0,0,1,1,1,4
367,l0,male,58,Nagykanizsa,asztalos ,169,0,0,4,1,1,1,1,2,2,1,0,0,0,0,1,0,0,0,1,0,0,1,0,0,3,2,0,0,0,0,0,0,2,1,1,1,2,1,0,0,0,0,0,0,0
368,l0,male,27,Nagykanizsa,asztalos ,159,4,0,1,1,1,1,1,3,3,3,1,0,0,67880,1,0,0,0,1,1,0,1,1,0,3,1,0,0,2,0,2,308,3,3,1,1,1,1,0,1,1,0,0,1,1
369,l0,male,44,Budakeszi,asztalos ,171,1,0,3,0,1,1,0,1,0,1,0,0,0,187940,1,0,0,0,1,1,0,1,1,0,2,0,0,1,2,0,2,775,2,1,1,0,1,1,1,2,2,1,0,0,2
370,l1,male,34,Nagybajcs,Szakorvos ,157,0,1,3,0,1,1,1,2,3,2,1,0,1,458152,1,0,1,0,0,0,1,1,0,0,1,0,0,1,2,0,0,574,0,1,0,1,2,1,1,1,0,1,1,0,2
371,l1,male,43,Nagybajcs,Lakatos ,167,0,2,4,1,1,1,1,2,2,2,1,0,1,0,1,1,0,1,1,0,0,1,1,1,5,1,0,3,2,1,3,303,2,0,1,2,0,1,0,2,2,0,1,1,3
372,l0,male,42,Nagykanizsa,Lakatos ,178,3,0,2,1,1,1,1,1,2,0,0,0,0,140991,0,0,0,1,1,0,1,1,1,1,1,2,1,1,2,0,3,195,3,3,1,3,1,1,0,2,2,1,1,0,3
373,l0,male,36,Nagykanizsa,asztalos ,166,4,0,4,0,1,0,1,5,1,2,1,0,1,363661,1,0,0,0,1,0,0,1,1,1,1,0,1,1,0,2,1,667,2,3,1,3,0,1,1,1,0,1,1,1,1
374,l1,male,27,Nagykanizsa,Szakorvos ,185,4,2,4,1,1,1,1,1,3,0,0,0,0,63532,0,1,1,1,1,0,0,1,1,0,4,1,0,0,0,2,1,259,3,3,1,1,1,1,1,1,2,1,1,1,3
375,l0,male,33,Budakeszi,asztalos ,176,1,0,1,1,1,2,1,2,3,5,1,0,0,197173,0,0,0,0,1,0,1,0,1,1,0,1,0,4,0,0,0,546,2,2,1,1,1,0,0,0,0,1,1,0,0
376,l0,female,44,Nagybajcs,Szakorvos ,172,2,0,3,1,1,2,1,2,2,0,0,0,1,263483,1,0,1,1,1,1,1,1,1,0,1,2,0,1,2,3,4,0,2,1,0,1,2,0,0,1,2,0,0,0,2
377,l0,male,29,Nagykanizsa,Lakatos ,160,0,0,1,1,1,1,1,2,2,3,1,0,1,270782,1,0,0,0,1,0,1,1,1,0,4,0,0,1,2,0,0,6453,2,2,1,3,0,1,0,1,0,0,1,1,1
378,l1,female,28,Nagykanizsa,Szakorvos ,165,3,0,3,0,1,1,1,2,3,3,1,0,0,191261,1,1,1,0,0,0,0,0,0,0,0,0,0,4,2,0,0,391,1,1,1,0,1,0,0,1,0,0,1,0,1
379,l0,male,59,Budakeszi,Lakatos ,170,0,0,2,1,1,1,1,2,2,0,0,0,0,0,0,0,0,1,1,1,0,0,1,0,1,1,0,1,0,0,0,530,3,0,1,3,0,1,1,2,2,1,1,0,1
380,l0,male,35,Nagykanizsa,Lakatos ,173,0,0,4,1,1,2,1,2,0,2,1,0,0,64217,1,0,0,0,1,1,0,1,1,1,5,0,0,1,2,2,4,354,2,2,1,3,2,0,0,1,0,1,1,1,1
381,l1,male,38,Nagykanizsa,Szakorvos ,169,4,0,2,1,1,2,1,1,3,4,4,0,0,102198,0,0,0,1,1,1,1,0,1,0,0,1,0,1,2,1,4,2628,2,1,1,2,2,0,1,2,2,1,0,0,1
382,l0,female,36,Budakeszi,Lakatos ,178,4,0,2,1,1,2,1,3,3,2,1,0,0,0,0,1,1,0,0,0,1,0,1,0,1,1,1,0,0,0,3,646,2,1,0,2,0,0,0,1,0,0,1,1,1
383,l1,female,56,Nagybajcs,Lakatos ,188,4,0,3,1,1,2,1,1,2,2,4,0,1,749584,0,0,1,0,1,1,0,1,1,0,3,1,0,0,2,3,4,3711,2,1,1,2,2,0,0,1,0,0,1,0,3
384,l1,male,61,Nagykanizsa,Szakorvos ,172,1,0,3,1,1,1,1,2,2,1,1,0,0,245146,1,0,0,0,1,0,0,1,1,1,2,1,0,0,2,3,2,230,2,1,1,3,2,0,0,0,0,0,0,0,3
385,l1,male,39,Budakeszi,Lakatos ,169,3,0,4,1,1,1,1,1,2,4,1,0,1,364460,0,0,0,0,0,0,1,0,1,1,1,0,0,0,0,0,3,131,3,3,1,1,2,1,0,1,2,0,1,0,1
386,l1,male,39,Budakeszi,Lakatos ,159,4,0,4,1,1,2,1,2,2,7,4,0,0,0,1,0,0,0,1,1,1,1,1,1,0,1,0,4,0,3,4,0,2,1,1,2,2,1,0,1,2,0,0,0,2
387,l0,female,35,Nagybajcs,Lakatos ,183,3,0,1,1,1,1,0,2,2,1,1,0,0,496562,0,0,0,0,1,1,0,1,0,0,5,1,0,1,2,1,0,282,2,3,1,1,2,0,0,1,0,1,0,0,3
388,l1,male,26,Nagykanizsa,asztalos ,164,3,0,3,1,1,2,1,2,0,2,1,0,0,0,0,0,0,0,1,0,1,0,0,1,5,1,1,0,0,0,1,8554,3,1,1,1,2,0,0,1,0,0,1,0,1
389,l1,male,45,Budakeszi,Lakatos ,162,3,0,3,1,1,2,1,1,3,2,0,0,1,0,0,0,1,0,1,1,1,0,0,0,1,3,0,3,0,1,1,309,3,0,1,1,1,1,0,0,0,1,1,0,0
390,l0,male,39,Nagybajcs,Lakatos ,164,3,0,1,0,1,1,1,1,3,0,0,0,0,0,1,1,0,0,1,0,0,1,1,0,3,2,0,1,2,0,0,342,2,0,1,1,2,0,0,0,0,0,1,1,0
391,l0,female,54,Budakeszi,asztalos ,171,0,0,1,1,1,1,1,2,2,5,4,0,0,253620,1,0,0,0,0,1,1,0,1,1,1,1,0,1,0,0,1,318,1,2,1,3,0,1,1,2,2,0,1,1,4
392,l1,male,51,Nagykanizsa,Szakorvos ,166,3,0,3,1,1,1,1,1,3,0,0,0,1,856962,1,0,0,0,1,1,0,1,1,1,0,1,0,1,1,0,2,541,3,3,1,1,2,1,1,0,0,1,1,0,3
393,l0,male,29,Nagykanizsa,asztalos ,165,0,0,3,0,1,1,1,2,3,0,0,0,1,385444,1,0,0,0,0,0,1,1,1,1,4,3,0,4,0,2,4,6843,2,3,1,3,1,0,0,0,0,1,1,1,4
394,l0,female,62,Budakeszi,Szakorvos ,183,3,0,2,1,1,1,1,2,3,2,4,0,0,195020,0,0,0,0,0,1,0,1,0,0,1,1,0,0,0,0,0,248,2,1,1,1,2,1,0,2,0,0,1,0,0
395,l0,male,56,Nagykanizsa,Lakatos ,160,3,0,1,1,1,2,0,2,2,3,1,0,0,0,1,0,1,0,1,1,0,0,1,0,1,1,0,0,2,0,3,638,2,0,1,2,2,0,0,0,2,0,1,1,1
396,l1,female,26,Nagykanizsa,Szakorvos ,173,4,2,4,1,1,1,1,1,0,8,4,0,1,201326,0,0,1,0,1,0,1,1,1,0,1,1,0,1,2,1,0,268,3,0,1,1,2,0,0,0,0,0,1,0,1
397,l0,male,56,Nagykanizsa,asztalos ,160,1,2,1,0,1,2,0,2,2,3,1,0,0,0,0,0,0,0,1,0,0,0,1,0,1,1,0,4,0,2,3,268,3,1,0,2,2,0,0,1,2,0,1,1,3
398,l1,male,31,Nagybajcs,Lakatos ,176,0,0,3,1,1,1,0,2,2,3,1,0,0,215245,0,0,0,1,1,0,0,0,1,0,1,1,1,0,2,2,4,9425,2,3,1,3,2,1,1,1,2,1,0,0,1
399,l0,male,32,Budakeszi,asztalos ,151,3,2,3,0,1,1,1,1,2,1,1,0,1,448037,1,0,1,0,1,0,1,1,1,0,5,1,0,1,0,0,3,315,3,1,1,3,0,0,0,1,0,1,1,1,2
400,l0,male,39,Budakeszi,asztalos ,168,0,0,3,1,1,1,0,1,3,10,0,1,0,0,1,0,0,0,1,1,1,1,1,0,1,1,0,1,1,0,3,42,2,0,0,3,2,1,1,1,0,0,0,0,1
401,l1,female,60,Budakeszi,asztalos ,174,4,0,3,1,1,1,1,1,2,0,0,0,0,13302,1,0,0,0,1,1,1,1,0,1,5,1,0,0,0,0,1,237,3,3,1,2,2,1,0,2,0,1,0,0,1
402,l1,male,53,Nagybajcs,Szakorvos ,167,4,1,4,0,1,1,1,1,3,2,0,0,1,0,1,1,0,0,1,0,0,1,0,0,5,1,0,0,0,1,0,0,2,1,1,1,2,0,0,1,2,1,0,0,1
403,l1,male,36,Budakeszi,Lakatos ,159,3,0,4,1,1,2,1,1,2,2,0,0,1,448791,0,0,1,1,1,0,1,1,0,1,2,1,0,0,0,1,4,270,2,1,1,2,0,1,1,1,2,2,0,0,1
404,l0,female,26,Nagykanizsa,asztalos ,166,4,0,1,1,1,1,1,2,2,2,4,0,1,506871,0,0,1,0,0,0,0,0,1,0,1,0,1,1,2,2,4,195,3,3,1,2,2,1,1,0,0,1,0,0,1
405,l0,male,50,Nagybajcs,asztalos ,167,1,0,1,1,1,1,1,2,2,1,0,0,1,227668,0,0,1,0,1,0,0,1,0,0,1,1,0,1,2,0,4,618,2,1,1,1,1,0,0,0,0,1,1,1,1
406,l1,female,57,Nagykanizsa,Szakorvos ,167,0,0,2,0,1,1,1,1,2,1,0,0,0,91476,1,0,0,0,1,1,0,1,1,0,2,1,1,4,2,1,3,421,2,3,1,3,2,0,0,1,0,1,0,0,0
407,l1,female,59,Budakeszi,Szakorvos ,166,4,0,3,0,1,1,1,2,3,7,4,0,0,0,1,0,0,0,1,0,1,1,1,0,5,3,0,1,2,0,3,130,2,1,1,1,0,1,0,1,2,0,0,0,1
408,l0,male,28,Nagykanizsa,Lakatos ,166,0,2,4,1,1,1,1,1,2,1,1,0,0,0,1,1,0,0,0,0,1,0,1,1,1,1,0,4,0,0,0,0,2,0,1,1,0,1,0,0,0,1,0,0,1
409,l1,female,43,Budakeszi,Lakatos ,187,4,0,3,1,1,2,1,2,2,1,0,0,1,0,0,0,0,0,1,0,0,1,1,1,2,1,0,3,2,0,0,842,3,1,1,3,2,0,1,1,0,1,1,0,1
410,l1,male,60,Budakeszi,Szakorvos ,173,1,0,3,1,1,2,1,2,2,2,1,0,1,316687,0,0,0,0,0,1,0,1,1,1,2,1,0,0,0,1,3,566,3,3,0,1,0,1,0,2,2,1,1,0,2
411,l0,male,31,Nagykanizsa,asztalos ,170,0,0,3,0,1,1,1,1,1,0,0,0,0,196739,0,0,0,0,1,0,0,1,1,0,0,1,0,1,2,0,4,491,2,1,1,0,2,0,0,1,2,1,0,1,1
412,l0,male,64,Nagykanizsa,asztalos ,182,1,0,4,1,1,1,1,2,3,0,0,0,0,0,0,0,1,0,1,1,1,1,1,1,3,0,0,0,0,3,0,282,1,1,1,2,2,0,0,1,1,1,0,0,1
413,l0,male,41,Nagykanizsa,asztalos ,169,0,0,0,0,1,1,1,3,2,1,1,0,0,174208,1,1,0,0,0,0,0,1,1,1,0,1,1,4,1,1,0,0,3,2,1,1,2,0,0,2,0,0,1,0,1
414,l0,male,56,Nagybajcs,asztalos ,150,0,2,1,1,1,2,1,1,2,0,0,0,1,259906,1,0,0,0,1,0,1,1,0,0,2,1,0,1,2,0,1,619,1,0,1,1,2,1,0,0,0,0,0,0,4
415,l0,male,27,Budakeszi,asztalos ,164,3,2,3,1,1,2,1,2,3,1,1,0,0,94164,0,0,0,0,1,0,0,1,1,1,5,2,0,1,0,0,1,327,1,0,1,1,1,1,1,2,2,1,1,0,1
416,l1,male,50,Nagykanizsa,asztalos ,160,4,2,4,1,1,2,1,1,0,0,4,0,1,290452,1,0,1,0,1,1,1,0,1,1,1,2,0,0,0,3,4,369,1,1,1,2,0,1,0,0,0,1,1,0,3
417,l0,male,47,Budakeszi,Szakorvos ,172,4,0,4,1,1,1,1,2,2,1,1,0,1,635836,1,0,0,0,1,1,0,1,1,1,5,2,0,1,3,0,0,0,3,3,1,1,1,1,1,1,0,1,0,0,1
418,l0,female,58,Nagybajcs,asztalos ,156,4,0,3,1,1,1,1,2,2,5,4,0,0,11317,1,0,0,0,0,0,0,1,1,1,4,1,0,1,2,0,0,216,2,0,1,0,1,1,1,1,2,0,1,1,1
419,l1,male,48,Nagykanizsa,asztalos ,172,4,2,1,1,1,1,1,1,3,1,0,0,1,480785,1,0,1,0,1,1,1,1,0,0,1,1,0,1,0,0,4,6303,2,1,1,0,2,1,1,2,0,1,1,0,0
420,l1,male,59,Budakeszi,Lakatos ,178,4,0,3,1,1,1,1,1,3,1,1,0,0,302843,0,0,1,0,1,1,0,1,1,1,2,1,0,4,0,3,1,0,2,0,1,3,0,0,0,1,2,1,1,0,0
421,l0,female,51,Budakeszi,Szakorvos ,166,1,0,4,1,1,1,1,1,2,2,1,0,1,0,1,1,0,0,1,1,0,0,1,0,1,1,0,1,0,0,0,206,2,0,1,1,2,0,0,1,0,1,1,0,1
422,l1,male,36,Budakeszi,asztalos ,161,1,2,3,1,1,1,1,1,2,1,1,0,1,606335,1,1,1,0,1,0,0,0,1,1,5,2,0,1,0,0,0,92,2,3,1,3,1,0,1,1,1,1,1,1,3
423,l1,male,40,Nagykanizsa,Szakorvos ,160,4,2,4,1,1,1,1,4,2,3,1,0,1,0,0,1,0,1,1,0,0,0,1,0,1,2,0,1,0,0,2,0,2,1,1,1,0,1,0,2,2,0,1,1,0
424,l0,male,42,Budakeszi,asztalos ,159,1,2,1,0,1,1,1,1,0,3,1,0,0,303439,0,0,0,0,0,0,1,1,1,0,5,1,0,1,0,2,4,8668,2,3,1,2,1,0,0,2,0,1,1,0,1
425,l1,female,27,Nagykanizsa,Szakorvos ,175,4,0,4,0,1,1,1,4,2,1,0,0,1,275626,1,0,0,0,1,0,0,1,1,1,5,2,0,3,3,0,0,568,2,0,1,1,1,1,1,2,1,1,0,0,1
426,l1,female,39,Nagybajcs,Lakatos ,174,3,0,1,1,1,1,1,3,1,3,1,0,0,16909,0,0,0,0,1,1,1,1,1,1,4,0,0,1,0,3,4,4683,3,3,1,1,2,1,1,0,2,1,1,1,1
427,l1,male,31,Nagykanizsa,Lakatos ,163,4,0,4,0,1,1,1,1,0,1,0,0,1,0,0,0,0,1,1,0,0,1,0,0,1,1,0,4,2,3,2,796,2,3,1,3,2,1,0,2,2,1,1,1,1
428,l1,female,49,Nagykanizsa,Lakatos ,179,3,0,3,1,1,2,1,1,0,0,0,0,0,0,1,0,0,1,0,0,0,1,1,1,3,1,0,0,2,0,4,395,2,1,1,1,0,1,0,2,0,1,1,0,2
429,l0,female,39,Nagykanizsa,Lakatos ,177,3,0,4,1,1,1,1,1,2,2,1,0,0,0,1,0,0,0,1,1,1,1,1,0,2,0,0,0,2,0,0,303,2,0,1,1,1,0,0,0,0,0,0,0,1
430,l0,male,40,Nagykanizsa,Szakorvos ,189,3,0,3,0,1,1,1,4,0,2,1,0,1,0,0,0,0,0,1,0,1,1,0,0,2,0,0,0,0,2,3,3719,1,1,1,1,2,0,0,1,0,0,1,1,0
431,l0,male,43,Nagykanizsa,asztalos ,170,4,0,3,0,1,2,1,1,2,1,0,0,0,528372,1,0,0,0,0,0,0,1,1,1,3,1,0,1,2,0,0,403,1,0,1,3,2,0,0,0,0,0,0,0,1
432,l0,male,32,Nagykanizsa,Lakatos ,176,0,0,4,0,1,1,1,2,2,5,0,0,1,280897,1,0,0,0,1,0,1,1,0,0,0,1,0,1,0,0,1,0,2,3,1,0,2,0,0,0,0,1,1,1,2
433,l1,male,57,Budakeszi,asztalos ,176,0,2,3,0,1,1,1,2,3,0,0,0,1,153854,0,0,1,0,1,0,0,0,1,1,1,1,0,0,2,0,0,234,3,1,1,1,2,0,1,0,2,0,1,0,4
434,l1,male,56,Nagykanizsa,Lakatos ,159,3,0,3,0,1,1,1,2,2,1,1,0,0,153926,1,0,0,1,1,0,0,1,1,1,2,1,0,1,2,0,0,0,1,0,1,2,2,1,1,1,2,0,1,1,3
435,l0,female,53,Nagykanizsa,Lakatos ,180,3,0,3,1,1,1,1,1,3,0,0,0,0,0,0,0,0,0,1,0,1,1,1,1,5,2,1,0,2,0,0,510,2,3,1,1,0,1,1,2,2,1,0,0,1
436,l0,male,28,Nagykanizsa,Szakorvos ,166,3,0,1,1,1,1,1,1,2,3,1,0,1,698600,1,0,0,0,0,0,0,1,1,0,2,1,0,1,0,3,3,680,1,1,0,1,2,1,1,2,0,0,1,0,1
437,l0,male,47,Nagykanizsa,Lakatos ,169,4,0,3,1,1,1,1,2,2,0,0,0,0,0,1,0,1,0,1,1,0,1,1,1,2,1,0,1,2,4,4,61,1,0,1,2,0,0,0,1,1,1,1,1,1
438,l1,male,37,Nagykanizsa,Lakatos ,172,4,0,2,1,1,1,1,1,2,3,1,0,0,0,1,0,0,0,0,1,0,0,1,1,0,1,0,4,1,0,4,364,1,1,1,0,2,0,0,1,0,1,1,0,1
439,l1,male,25,Budakeszi,Lakatos ,170,3,0,3,1,1,1,1,1,2,2,1,0,1,10949290,1,0,1,1,1,1,0,1,0,0,1,1,1,1,0,0,1,323,1,1,1,3,1,1,1,2,2,1,1,0,1
440,l0,male,56,Nagybajcs,asztalos ,162,0,0,3,1,1,1,1,2,0,2,1,0,1,906177,1,0,1,0,1,0,0,1,1,1,1,2,0,2,0,0,0,728,2,3,1,1,2,0,0,1,0,1,0,0,1
441,l1,male,65,Budakeszi,Lakatos ,156,0,1,4,0,1,1,1,2,3,4,4,0,0,248338,1,1,0,0,1,1,0,1,1,1,2,1,0,4,2,0,0,0,2,1,1,2,1,0,0,1,0,0,1,0,0
442,l1,male,60,Budakeszi,Lakatos ,161,3,0,4,1,1,1,1,1,3,1,0,0,0,146394,1,0,0,0,1,1,1,0,1,1,1,1,0,1,1,2,4,7913,1,1,1,1,2,0,0,0,0,1,1,0,4
443,l0,male,57,Budakeszi,asztalos ,169,4,0,3,1,1,1,1,1,3,2,1,1,1,128012,1,0,1,0,1,0,0,1,1,1,0,2,0,1,2,0,1,213,3,0,1,0,2,0,0,1,0,0,1,1,1
444,l1,female,62,Nagykanizsa,Lakatos ,174,1,0,4,0,1,1,1,1,3,0,0,0,1,0,0,0,0,1,1,0,0,1,0,0,1,0,0,1,2,0,0,43,1,0,1,1,1,0,0,2,2,0,1,0,1
445,l1,male,46,Budakeszi,asztalos ,161,0,0,3,1,1,1,1,2,2,4,1,0,0,0,0,0,1,0,1,0,0,1,1,1,0,2,0,1,0,3,4,92,2,1,1,0,1,1,1,1,1,1,1,0,3
446,l1,male,49,Budakeszi,Szakorvos ,158,4,1,3,1,1,1,1,1,2,0,0,0,0,13552,0,0,0,0,1,0,1,1,1,1,5,1,0,1,2,0,3,0,3,0,1,1,2,1,1,1,1,0,0,0,1
447,l1,male,27,Nagykanizsa,asztalos ,168,3,0,3,1,1,0,1,2,2,1,1,0,0,151015,0,0,0,0,1,1,0,1,1,0,1,1,0,1,0,3,4,3444,1,0,1,3,2,1,1,2,2,1,1,1,0
448,l0,male,43,Nagykanizsa,asztalos ,161,1,1,1,0,1,1,1,1,3,2,0,0,0,5688,0,0,1,1,1,0,0,1,1,1,4,1,0,4,0,0,4,268,1,1,1,3,2,0,0,1,2,0,1,0,3
449,l0,male,27,Nagybajcs,Lakatos ,168,0,0,3,0,0,0,1,1,3,8,4,0,0,8986,1,0,0,0,1,0,0,1,1,0,0,1,0,1,2,0,3,758,3,0,1,1,2,1,1,0,0,0,1,0,0
450,l0,male,58,Budakeszi,Lakatos ,158,0,0,0,0,1,1,1,1,2,4,1,0,0,0,0,0,0,0,1,0,0,1,1,1,0,3,0,2,2,0,0,0,3,1,1,1,2,0,0,1,0,0,0,1,1
451,l1,male,63,Nagykanizsa,Lakatos ,162,0,0,2,1,1,2,1,1,2,0,0,0,0,256557,1,0,0,0,1,1,1,1,1,0,5,1,0,0,2,0,1,188,2,0,1,1,2,0,0,1,0,1,1,1,1
452,l0,male,35,Nagykanizsa,asztalos ,174,3,1,3,0,1,1,1,2,2,6,1,0,0,82816,1,1,0,0,0,0,0,1,0,0,1,0,0,1,0,0,4,0,2,0,0,1,1,0,0,0,0,0,0,0,1
453,l0,male,35,Budakeszi,asztalos ,171,3,0,3,1,1,1,1,2,3,1,4,0,0,166911,0,0,0,0,0,0,1,1,1,0,0,0,0,3,0,0,3,525,1,1,0,0,2,0,0,1,2,0,0,0,1
454,l1,male,34,Budakeszi,Lakatos ,163,3,1,1,1,1,2,1,3,2,4,1,0,0,14271,1,1,0,0,1,1,1,0,1,1,1,1,0,1,2,2,4,381,3,1,1,1,2,1,0,1,0,1,0,0,3
455,l0,female,29,Nagykanizsa,Szakorvos ,153,2,1,4,0,1,1,1,1,2,2,0,0,0,527567,1,0,1,0,0,0,0,0,0,0,3,0,0,1,0,0,3,0,3,3,1,3,1,0,0,1,1,1,0,0,0
456,l0,male,52,Budakeszi,asztalos ,164,3,0,3,1,1,1,1,1,2,0,0,0,0,0,0,0,0,0,1,0,1,1,1,0,1,3,0,1,2,0,0,720,3,1,1,1,1,1,1,0,0,1,1,0,1
457,l0,male,39,Nagykanizsa,asztalos ,166,3,0,1,1,1,1,1,3,2,0,0,0,1,290807,1,1,1,0,1,0,0,0,0,0,3,1,0,1,2,0,3,0,3,0,0,1,1,0,0,1,1,1,0,0,2
458,l1,male,59,Nagykanizsa,Lakatos ,177,4,0,3,0,1,1,1,2,2,0,0,0,0,0,1,0,0,0,1,1,1,1,1,1,2,0,0,0,2,3,4,4424,1,1,1,2,0,0,0,2,0,1,1,1,1
459,l1,female,38,Nagybajcs,Szakorvos ,196,0,0,2,0,1,1,1,1,3,1,0,0,0,136805,1,0,0,0,1,1,0,1,1,0,1,1,0,1,0,0,0,10,2,1,1,3,2,1,1,1,1,1,1,1,0
460,l1,male,47,Nagykanizsa,Lakatos ,170,4,0,3,1,1,1,0,1,0,1,4,0,0,223093,1,1,1,0,1,0,1,0,1,0,1,1,0,4,2,0,3,0,2,1,1,1,2,1,1,1,2,0,1,1,1
461,l1,female,62,Nagybajcs,Lakatos ,169,0,0,3,0,1,1,1,1,2,0,1,0,0,489553,1,1,1,0,0,1,0,1,1,0,1,1,0,1,2,0,0,785,2,0,1,1,1,0,0,2,1,0,0,0,3
462,l0,male,57,Nagykanizsa,asztalos ,158,4,0,2,0,1,1,1,2,3,0,0,0,1,20109,1,0,1,0,1,1,1,0,0,0,1,1,0,0,0,0,0,518,2,2,1,2,0,1,0,2,2,1,0,0,2
463,l0,male,37,Nagybajcs,asztalos ,161,3,0,1,1,1,1,1,3,2,3,0,0,1,0,1,0,0,0,1,1,1,1,1,0,2,1,0,1,1,3,2,6156,2,0,1,2,1,1,1,1,2,1,1,1,3
464,l1,male,31,Nagykanizsa,asztalos ,156,1,0,1,1,1,1,1,2,3,8,4,0,1,705834,1,0,1,0,1,1,0,1,1,0,4,1,0,1,0,0,0,5633,3,0,1,3,1,1,0,0,0,1,1,1,4
465,l1,male,38,Nagybajcs,asztalos ,170,4,2,3,0,1,1,1,11,0,3,4,0,0,133257,1,1,0,1,1,1,0,1,0,0,1,1,0,1,1,0,3,95,1,1,1,1,0,1,1,2,2,0,0,0,0
466,l0,female,29,Nagybajcs,asztalos ,173,3,2,4,1,1,1,1,1,2,11,1,0,0,0,1,0,0,0,1,1,0,1,1,1,4,2,0,4,0,3,0,289,1,2,1,1,2,0,1,1,0,1,1,1,1
467,l1,male,46,Budakeszi,Szakorvos ,168,4,2,4,0,1,1,1,1,2,3,1,0,0,276344,1,0,0,0,1,1,0,0,0,0,0,1,1,1,2,3,0,599,3,3,1,2,2,0,0,1,0,1,0,0,1
468,l0,female,47,Nagykanizsa,asztalos ,169,0,2,3,1,1,1,1,1,2,12,4,0,1,581788,1,1,0,0,0,0,0,1,1,0,1,2,0,4,0,0,0,21,3,1,1,1,2,1,0,1,2,0,1,1,1
469,l1,female,45,Nagybajcs,Lakatos ,190,4,1,3,1,1,1,1,0,2,1,4,0,1,194991,1,1,1,0,0,0,0,0,1,0,1,1,0,1,0,0,0,447,1,1,1,1,1,1,0,0,0,1,0,0,3
470,l1,female,56,Nagykanizsa,Szakorvos ,169,2,0,3,0,1,1,1,1,2,1,1,0,0,0,1,0,0,0,1,1,1,1,1,1,2,0,0,4,0,0,3,0,2,0,1,1,1,1,0,1,0,1,0,0,1
471,l1,male,45,Nagykanizsa,Szakorvos ,161,1,1,2,1,1,1,1,1,2,3,1,0,0,0,1,0,0,1,1,0,0,1,0,0,3,2,0,4,3,0,0,3760,1,1,1,3,2,1,1,2,2,0,0,0,2
472,l0,male,29,Nagybajcs,asztalos ,166,4,0,1,0,1,1,0,2,2,3,1,0,1,0,0,1,0,0,1,1,0,1,1,0,2,2,0,1,2,2,4,5825,1,1,1,3,2,0,1,1,0,0,0,0,2
473,l1,male,35,Nagybajcs,Szakorvos ,173,4,2,3,1,1,1,1,2,2,4,0,0,1,134955,1,0,0,0,0,1,0,1,0,0,0,1,1,1,0,3,4,9640,2,3,1,0,1,1,0,0,0,1,1,1,3
474,l0,male,51,Nagykanizsa,Lakatos ,161,3,0,1,0,1,1,1,1,2,0,4,0,0,10913,1,0,0,0,1,0,0,0,1,0,4,2,1,0,0,0,3,351,0,1,1,1,0,0,0,0,0,1,0,0,1
475,l0,male,33,Nagykanizsa,asztalos ,165,3,0,1,0,1,1,1,1,3,0,0,0,1,309167,0,0,1,0,1,1,1,1,1,0,3,3,0,0,0,1,1,235,2,1,1,1,2,1,0,0,0,0,1,1,2
476,l1,female,62,Budakeszi,Szakorvos ,171,4,0,2,1,1,2,1,3,2,1,1,0,0,11747305,1,0,0,0,1,1,0,0,1,0,5,0,1,1,4,0,0,5,3,3,1,2,0,0,1,1,2,0,1,1,4
477,l1,male,47,Nagykanizsa,asztalos ,167,4,0,3,1,1,1,1,3,0,0,0,0,1,0,0,0,0,0,1,1,0,1,1,0,0,0,1,1,1,0,0,0,3,3,1,2,2,1,0,1,1,1,1,0,1
478,l0,male,61,Nagykanizsa,asztalos ,165,4,0,1,0,1,1,1,1,0,0,0,0,0,0,0,0,0,1,0,0,1,1,1,1,3,3,0,4,0,0,4,0,2,1,1,2,1,1,1,2,1,0,1,1,1
479,l1,female,32,Nagykanizsa,Lakatos ,168,0,0,3,1,1,1,0,1,3,3,4,0,0,59779,0,0,0,0,1,0,1,1,0,0,5,0,0,1,0,0,3,3358,2,1,1,1,1,0,0,0,2,1,1,0,2
480,l0,male,29,Nagykanizsa,Lakatos ,181,3,0,1,1,1,1,1,1,0,1,1,0,0,16886416,1,1,0,1,1,0,0,1,1,1,1,2,0,1,2,0,0,536,1,1,0,3,0,1,0,1,0,1,1,0,3
481,l1,female,62,Nagykanizsa,Lakatos ,178,0,0,3,1,1,1,1,1,3,2,1,0,0,244231,1,0,0,0,1,0,0,1,1,1,5,2,0,0,2,0,0,412,3,3,1,3,1,0,0,1,0,1,1,0,1
482,l0,male,54,Nagykanizsa,asztalos ,149,4,1,3,1,1,1,1,2,2,2,1,0,1,0,1,0,1,0,1,0,0,1,1,0,1,1,0,1,1,0,4,0,2,0,1,1,1,0,0,0,2,0,1,1,1
483,l1,male,53,Budakeszi,Lakatos ,154,4,0,3,1,1,1,1,3,1,5,4,0,1,0,0,0,0,0,1,0,0,1,1,0,5,1,0,1,0,0,0,123,1,0,1,1,2,1,0,1,0,1,1,0,1
484,l1,female,43,Nagykanizsa,Lakatos ,188,1,0,3,1,1,1,1,2,3,1,1,0,1,14701084,0,0,1,0,1,0,0,0,1,1,5,2,0,1,0,0,4,4145,3,1,1,1,2,1,0,2,0,1,0,0,3
485,l1,female,28,Nagykanizsa,Szakorvos ,176,4,2,4,1,1,1,1,1,2,2,0,0,0,0,0,0,0,0,1,1,0,1,1,0,5,1,0,4,0,1,4,157,2,1,1,1,1,0,1,1,2,0,0,0,2
486,l1,male,41,Nagybajcs,asztalos ,166,4,0,3,0,1,1,1,1,2,1,0,0,1,314277,1,1,1,0,1,0,0,1,0,0,5,2,0,1,0,3,4,0,2,1,1,2,0,0,0,2,1,1,1,1,2
487,l1,male,47,Nagykanizsa,Szakorvos ,166,3,0,3,1,1,1,1,3,0,0,0,0,0,0,1,0,1,0,1,0,1,1,0,1,0,0,0,4,1,0,4,605,3,0,1,3,2,0,0,0,2,1,1,0,1
488,l1,male,64,Budakeszi,Lakatos ,169,4,0,1,0,1,1,1,2,2,0,0,0,1,214214,1,0,0,0,1,1,1,1,1,0,5,1,0,1,2,0,1,0,1,1,1,3,1,0,0,1,1,0,1,0,1
489,l0,male,41,Nagybajcs,asztalos ,183,2,0,4,0,1,1,0,2,0,2,0,0,1,141285,1,0,1,1,1,0,1,1,1,1,5,1,0,0,2,0,3,590,2,3,1,1,2,1,0,2,0,1,0,0,2
490,l1,male,59,Nagykanizsa,Lakatos ,158,0,0,2,0,1,1,1,1,2,2,0,0,0,0,1,1,0,0,1,0,1,1,0,0,4,1,0,1,2,4,4,9742,2,1,1,3,2,0,0,1,2,0,0,0,1
491,l1,male,60,Budakeszi,Szakorvos ,166,0,2,4,1,1,1,1,2,2,0,0,0,0,0,1,0,0,0,1,0,1,1,1,1,2,1,0,4,2,2,4,256,2,0,1,2,1,0,0,1,2,1,1,1,1
492,l0,male,55,Nagykanizsa,Lakatos ,172,3,0,3,1,1,1,1,1,2,4,4,0,1,91691,0,0,1,0,0,1,0,1,1,1,3,1,1,4,2,0,0,100,2,1,1,2,0,0,0,1,0,1,0,0,2
493,l0,female,31,Nagybajcs,Szakorvos ,171,3,0,4,0,1,1,1,2,2,5,4,0,0,37863,1,0,0,0,1,1,0,1,1,1,2,2,0,4,0,0,0,28,0,3,1,3,1,0,0,1,2,1,1,1,1
494,l1,male,44,Nagykanizsa,Lakatos ,170,3,0,4,1,1,1,0,2,0,0,0,0,1,336947,1,0,1,1,1,0,1,0,1,1,5,1,0,1,2,0,1,169,2,0,1,1,1,1,1,0,0,0,0,1,3
495,l0,male,35,Nagykanizsa,asztalos ,171,1,0,3,1,1,1,1,1,1,0,0,0,0,95040,0,0,0,0,1,1,0,1,1,1,5,2,1,1,2,0,0,570,3,1,1,1,2,1,1,1,1,1,0,0,1
496,l1,male,36,Nagybajcs,Lakatos ,179,3,0,4,1,1,1,1,2,2,5,4,0,1,72030,1,0,1,0,1,0,0,1,0,0,3,1,0,1,0,0,3,106,2,1,1,1,2,1,1,2,2,1,1,1,4
497,l1,male,40,Nagykanizsa,Lakatos ,175,3,0,3,1,1,2,1,0,2,1,1,0,0,0,0,0,0,0,1,1,0,0,1,0,1,1,0,0,2,3,4,826,2,0,1,1,2,0,1,0,0,0,1,1,0
498,l1,female,32,Budakeszi,Szakorvos ,161,4,0,3,1,1,1,1,3,2,2,0,0,0,4983,1,0,0,0,1,0,0,1,0,0,5,0,0,4,3,0,3,122,2,1,1,3,2,0,0,2,2,0,1,0,1
499,l1,male,56,Nagykanizsa,asztalos ,169,1,0,3,1,1,1,1,1,2,1,0,0,0,0,1,0,0,0,0,0,0,1,1,1,0,1,0,1,2,1,3,491,1,1,1,1,1,0,0,0,0,0,1,0,1
500,l1,female,39,Budakeszi,Lakatos ,173,4,2,4,0,1,1,1,1,0,1,0,0,0,138310,0,0,1,0,1,0,1,1,1,0,1,3,0,1,2,0,1,380,0,1,1,1,2,0,0,2,2,1,1,1,1
501,l0,male,40,Budakeszi,asztalos ,157,1,0,3,1,1,1,0,1,2,1,1,0,0,0,1,1,1,0,1,0,0,1,0,0,5,1,0,1,2,0,1,0,2,1,1,3,1,0,1,0,2,0,0,0,0
502,l0,male,26,Nagykanizsa,asztalos ,169,4,0,3,0,1,1,1,2,2,0,0,0,1,0,1,0,0,0,0,0,0,0,0,0,2,0,0,1,2,3,3,6188,2,1,1,3,2,0,0,1,2,1,0,1,1
503,l1,female,38,Nagykanizsa,Szakorvos ,180,4,1,0,1,1,1,1,3,3,7,3,0,1,418273,1,0,0,0,1,1,0,1,1,1,3,1,0,1,0,0,3,348,2,1,1,3,1,0,0,1,0,0,1,0,4
504,l1,male,65,Nagykanizsa,asztalos ,169,4,0,3,1,1,1,1,2,2,2,1,0,1,326497,1,0,1,0,1,1,1,1,1,1,4,0,0,1,0,3,4,952,1,3,1,2,2,0,0,1,0,0,1,1,1
505,l1,female,48,Nagykanizsa,Szakorvos ,179,4,0,3,0,1,1,1,2,3,5,4,0,0,193785,1,0,1,0,1,1,0,0,1,1,5,2,0,0,2,0,0,316,2,1,1,2,2,0,0,1,0,0,1,0,3
506,l1,female,59,Budakeszi,Szakorvos ,189,4,0,2,1,1,1,1,1,2,1,1,0,1,391889,0,0,1,0,1,0,0,1,1,0,1,1,1,1,2,0,3,5536,2,3,1,1,2,0,0,0,2,0,1,1,2
507,l0,male,53,Nagykanizsa,Lakatos ,166,2,0,3,1,1,1,1,1,2,0,0,0,0,22883,1,0,0,0,1,1,0,0,1,0,1,1,0,3,0,3,3,675,2,0,1,3,1,0,0,1,0,0,0,0,4
508,l1,female,54,Budakeszi,Szakorvos ,190,4,0,2,1,1,2,0,5,2,1,0,0,1,0,1,0,0,0,1,0,0,1,1,1,4,1,0,0,0,1,3,627,2,0,1,3,2,0,0,1,0,0,1,0,1
509,l0,male,35,Budakeszi,Lakatos ,165,0,2,4,1,1,1,0,1,2,0,0,0,0,0,1,0,0,0,1,1,0,1,1,0,4,1,0,4,2,0,0,326,2,1,1,2,2,0,0,1,0,0,0,0,0
510,l0,female,50,Nagykanizsa,Lakatos ,169,3,0,1,1,1,2,1,3,2,1,0,0,0,87494,1,1,0,0,1,1,1,1,1,1,5,1,0,1,2,1,1,0,2,1,1,1,1,1,0,1,1,0,0,0,3
511,l0,male,50,Nagykanizsa,asztalos ,171,0,0,3,1,1,1,1,1,2,3,1,0,0,0,1,1,0,0,1,0,1,1,1,0,1,0,0,4,0,0,0,251,2,1,1,2,2,0,0,1,0,0,0,0,3
512,l0,male,50,Nagykanizsa,Lakatos ,188,3,1,3,1,1,1,0,0,2,0,0,0,0,390534,1,0,1,0,0,1,1,1,1,1,5,1,1,3,2,0,0,300,3,1,1,1,1,0,0,1,1,0,1,0,3
513,l0,male,35,Nagybajcs,Lakatos ,190,4,0,1,1,1,1,1,1,2,0,0,0,1,30713,0,0,1,0,1,0,1,1,1,1,1,2,0,1,0,2,3,4905,2,0,1,1,2,0,0,0,0,1,0,1,1
514,l1,female,58,Budakeszi,Szakorvos ,159,4,2,4,1,1,2,1,1,3,3,1,0,1,320552,1,0,1,0,1,0,0,1,1,0,1,1,0,0,0,0,0,0,1,0,1,3,2,0,0,1,0,0,1,1,4
515,l0,male,30,Budakeszi,asztalos ,169,4,0,3,1,1,1,1,1,2,2,4,0,1,287097,0,0,1,0,1,1,1,0,1,1,0,1,0,1,2,0,1,0,2,1,1,2,0,1,0,1,1,1,0,1,2
516,l1,male,52,Nagykanizsa,Szakorvos ,156,4,2,3,1,1,1,0,1,3,1,0,0,0,0,1,0,0,0,1,1,0,0,0,0,5,1,0,1,0,4,0,666,2,3,1,1,2,0,0,0,0,1,0,0,0
517,l1,female,61,Nagybajcs,Szakorvos ,164,0,0,2,1,1,1,1,3,2,3,4,0,0,346666,1,0,1,1,1,1,1,1,1,0,5,1,0,3,3,0,0,0,2,0,1,1,2,0,0,2,2,0,0,0,1
518,l0,male,48,Nagykanizsa,asztalos ,174,0,0,1,1,1,1,1,2,3,5,4,0,0,0,1,0,0,0,1,0,0,1,1,0,5,0,0,1,0,0,3,224,2,1,1,1,2,1,0,1,0,0,1,1,1
519,l1,male,59,Budakeszi,Lakatos ,167,3,0,3,1,1,2,1,1,3,1,1,0,0,0,1,0,0,0,1,0,0,1,1,0,1,1,0,1,2,0,0,0,2,0,1,1,2,0,1,2,2,1,1,1,1
520,l1,female,30,Nagykanizsa,Szakorvos ,177,0,0,2,0,1,1,1,0,0,1,1,0,0,11660082,0,0,0,0,0,0,0,1,1,0,0,1,0,3,0,0,0,72,2,1,1,3,0,1,0,0,2,1,0,0,0
521,l0,male,54,Budakeszi,asztalos ,171,4,1,3,1,1,1,1,1,2,1,1,0,1,452243,1,1,0,0,1,1,1,0,1,0,1,1,0,4,2,0,0,531,2,0,1,1,2,0,0,1,0,1,1,1,1
522,l0,male,52,Nagykanizsa,asztalos ,167,4,0,3,1,1,1,1,2,2,0,4,0,0,437004,1,1,0,0,1,0,1,0,0,0,1,0,0,1,2,0,4,892,2,0,1,1,1,1,1,2,0,0,0,0,1
523,l0,male,26,Nagybajcs,Lakatos ,171,3,0,0,1,1,1,1,2,2,2,1,0,0,250174,1,0,0,0,1,1,0,0,1,1,5,2,1,1,0,0,3,648,3,3,1,3,0,1,0,2,2,0,1,0,1
524,l0,male,28,Nagykanizsa,Szakorvos ,171,0,0,4,1,1,1,1,7,3,1,0,0,0,226457,0,1,0,0,1,1,1,1,1,0,3,3,0,0,0,0,1,317,1,1,1,2,1,1,1,1,2,1,0,0,2
525,l1,female,60,Nagybajcs,asztalos ,174,0,0,3,1,1,2,1,1,2,0,0,0,1,0,0,0,0,0,0,1,0,1,1,1,2,2,0,0,2,1,4,3728,2,1,1,0,0,0,0,1,1,0,1,1,1
526,l1,male,30,Budakeszi,Szakorvos ,165,3,0,3,1,1,1,1,2,2,8,1,0,0,0,1,0,0,0,1,0,1,1,1,0,5,1,0,4,0,3,4,597,1,1,1,2,1,0,1,1,2,0,0,0,2
527,l0,male,28,Budakeszi,Lakatos ,169,0,0,1,1,1,1,1,1,3,0,0,0,0,129748,0,0,0,0,0,0,0,0,1,0,5,0,0,1,2,0,0,21221,2,1,1,3,1,0,0,0,0,0,0,0,1
528,l1,male,52,Nagykanizsa,Szakorvos ,167,3,0,4,0,1,1,1,1,2,5,0,0,0,571684,0,0,1,0,1,0,1,1,1,0,5,1,0,0,2,0,3,0,1,0,0,3,1,0,0,1,2,1,1,1,0
529,l1,male,52,Nagykanizsa,Szakorvos ,179,4,0,3,0,1,2,1,1,2,1,0,0,1,299120,1,0,0,0,1,0,0,1,1,0,4,3,1,1,0,0,0,160,3,3,1,2,2,0,0,0,0,0,1,1,1
530,l0,male,57,Nagykanizsa,asztalos ,165,4,0,1,1,1,2,1,1,2,2,1,0,1,166827,1,0,0,0,1,0,0,0,0,0,3,2,0,1,0,0,0,0,2,1,1,2,2,1,1,1,0,1,0,0,2
531,l1,male,25,Budakeszi,Szakorvos ,168,4,0,1,1,1,1,1,2,2,1,1,0,0,0,1,1,0,1,1,1,0,1,1,1,1,1,0,1,0,3,4,8776,2,1,1,3,0,1,1,2,2,1,0,0,1
532,l1,male,35,Nagykanizsa,Lakatos ,171,3,0,4,1,1,1,1,3,1,5,4,0,0,0,0,0,0,0,0,0,0,0,1,0,2,2,0,1,4,0,3,669,2,1,0,1,0,1,0,2,0,0,1,0,4
533,l1,female,40,Nagykanizsa,Lakatos ,184,3,0,2,1,1,1,1,2,2,2,0,0,1,391309,1,0,1,0,0,0,1,0,0,0,4,1,0,1,2,0,1,567,3,1,1,1,0,0,0,1,2,1,0,0,3
534,l1,female,42,Nagykanizsa,Lakatos ,180,4,0,2,0,1,1,1,1,3,0,0,0,1,166540,0,0,0,1,1,1,0,0,1,1,1,1,1,3,2,0,1,86,2,2,1,2,1,1,0,2,2,1,1,0,3
535,l0,male,33,Budakeszi,asztalos ,168,4,0,3,1,1,1,1,1,0,2,1,0,0,88196,0,0,1,0,1,0,0,0,1,0,1,1,0,1,0,1,3,48,3,1,1,1,1,1,0,1,0,1,0,0,1
536,l0,male,61,Nagykanizsa,asztalos ,172,3,0,3,0,1,1,1,1,2,0,0,0,0,0,1,0,0,0,1,1,1,1,0,0,1,0,1,4,1,1,1,381,3,3,1,1,0,0,0,1,0,1,1,0,1
537,l1,male,65,Budakeszi,Szakorvos ,158,3,0,2,1,1,0,1,1,2,11,4,0,1,60704,0,0,1,0,1,0,1,1,0,0,3,0,0,1,0,2,0,603,1,1,0,3,2,1,0,0,0,0,1,1,3
538,l0,male,52,Nagykanizsa,asztalos ,163,0,0,1,1,1,1,1,2,0,1,1,0,1,0,0,0,1,0,1,1,0,1,1,0,5,2,0,4,2,0,2,0,2,3,1,2,2,1,1,1,0,1,1,0,1
539,l0,male,31,Budakeszi,Lakatos ,168,0,0,1,1,1,1,1,1,2,2,1,0,0,106855,0,0,0,0,1,1,1,1,0,0,4,1,0,4,0,2,1,5643,2,1,1,1,1,1,1,1,2,0,1,1,2
540,l0,male,40,Nagykanizsa,asztalos ,161,1,0,3,0,1,1,1,1,0,3,1,0,1,264469,1,0,0,0,1,1,0,0,1,0,5,1,0,4,2,0,0,20,1,2,1,2,2,1,0,1,1,0,1,1,1
541,l0,female,45,Nagybajcs,Szakorvos ,188,0,0,1,1,1,1,0,4,3,1,1,0,0,0,0,0,1,0,1,0,0,1,1,0,4,2,0,1,0,2,1,365,2,0,1,2,1,0,0,0,0,1,0,1,0
542,l1,female,41,Nagykanizsa,Szakorvos ,185,4,0,2,1,1,1,1,1,2,4,0,0,1,355032,1,0,1,0,1,1,1,0,0,0,2,1,0,1,2,1,3,274,2,1,1,1,1,0,0,1,2,0,0,1,1
543,l1,male,61,Nagykanizsa,Lakatos ,176,1,0,3,0,1,1,1,2,0,3,1,0,0,0,1,1,1,0,1,0,0,1,1,1,0,1,0,1,0,0,3,220,2,1,0,1,0,1,1,2,0,1,1,1,1
544,l0,male,27,Budakeszi,Lakatos ,158,0,0,1,1,1,1,1,2,2,0,1,0,0,0,0,1,0,0,1,1,1,1,1,0,1,1,0,1,0,2,4,628,1,1,1,2,2,1,0,1,2,0,0,0,0
545,l1,female,43,Budakeszi,Szakorvos ,161,1,0,2,1,1,1,1,1,0,2,1,0,0,0,1,0,0,1,1,0,0,1,1,0,1,1,0,1,2,3,3,0,2,2,1,3,2,0,1,2,2,0,1,1,3
546,l1,male,51,Nagykanizsa,Szakorvos ,169,4,0,4,1,1,1,1,1,2,1,0,0,0,0,1,0,0,1,1,0,1,1,0,0,5,1,0,1,0,0,1,52,3,1,1,3,2,1,1,2,2,1,0,0,2
547,l1,male,56,Budakeszi,asztalos ,165,4,0,3,0,1,1,1,1,1,6,4,0,0,37797,1,0,0,0,0,0,1,1,1,1,5,1,0,3,2,1,0,602,2,2,1,3,2,1,1,1,0,0,1,1,1
548,l1,male,29,Nagykanizsa,Lakatos ,171,0,0,4,1,1,1,1,1,0,2,1,0,0,0,1,0,0,1,1,0,1,0,1,1,5,1,1,1,0,0,3,278,2,3,1,2,2,1,1,2,2,1,1,1,1
549,l1,male,35,Nagykanizsa,Szakorvos ,162,4,0,4,1,1,1,1,1,2,0,4,0,0,517509,1,0,1,1,0,1,0,1,1,0,0,1,0,0,2,0,0,0,2,1,1,3,1,1,1,2,2,0,1,1,1
550,l1,female,34,Nagykanizsa,Szakorvos ,173,3,0,4,1,1,2,1,1,2,1,0,0,0,0,0,0,0,0,1,0,1,1,1,1,2,3,0,4,0,0,3,246,0,1,1,1,2,0,0,0,0,1,1,0,1
551,l0,male,34,Nagykanizsa,Lakatos ,173,0,0,4,0,1,2,1,1,2,2,1,0,1,473475,1,0,1,0,1,0,1,1,1,0,5,1,0,1,2,0,0,0,1,0,1,3,2,0,0,1,0,0,0,0,1
552,l1,male,57,Nagykanizsa,asztalos ,188,1,2,3,1,1,1,1,3,2,0,0,0,1,0,0,0,1,0,1,0,0,0,1,0,0,1,0,4,2,0,1,291,2,0,1,1,2,1,1,1,0,1,1,1,1
553,l1,male,60,Budakeszi,Lakatos ,177,3,1,3,1,1,2,1,1,2,5,1,0,0,147028,1,0,1,0,1,0,0,1,1,0,0,1,0,4,2,0,2,785,3,0,0,1,2,1,1,2,2,0,0,0,0
554,l1,female,39,Nagykanizsa,Szakorvos ,194,3,0,4,1,1,2,1,1,3,3,1,0,0,56725,1,0,0,1,1,0,1,1,1,1,5,1,0,1,2,2,4,0,3,1,1,3,2,1,1,2,2,1,1,1,2
555,l1,female,41,Budakeszi,Szakorvos ,164,0,0,3,1,1,1,1,2,0,2,1,0,0,0,1,0,0,0,1,1,0,0,1,0,2,1,0,1,1,2,4,16,1,1,1,1,2,0,0,2,0,0,0,0,4
556,l0,female,37,Budakeszi,Szakorvos ,185,0,0,4,1,1,1,1,1,2,2,1,0,0,59354,1,1,0,0,0,0,0,1,1,0,5,1,0,1,2,0,4,367,2,1,1,0,0,0,0,1,0,1,0,0,4
557,l1,male,53,Nagykanizsa,asztalos ,168,4,0,3,1,1,2,1,2,2,2,0,0,1,0,1,0,1,1,1,0,0,0,1,1,5,2,1,1,2,0,3,0,3,3,1,1,2,1,1,0,0,0,0,0,4
558,l1,female,58,Nagykanizsa,Szakorvos ,169,0,0,4,1,1,1,1,1,3,0,0,0,0,316715,1,0,0,0,0,0,0,1,0,0,1,1,0,0,2,0,0,582,2,1,0,2,0,0,1,0,1,1,1,0,1
559,l0,male,36,Nagykanizsa,Lakatos ,156,3,0,4,1,1,1,1,1,3,2,1,0,1,426527,1,0,0,0,1,1,0,1,1,1,1,0,0,1,2,1,3,308,2,1,0,1,2,1,0,1,0,0,0,0,1
560,l1,male,64,Nagykanizsa,Szakorvos ,178,1,0,4,1,1,0,0,2,2,2,0,0,0,0,1,0,0,0,1,0,0,1,1,0,5,1,0,3,2,1,0,92,1,1,1,3,2,0,0,0,0,0,0,0,3
561,l1,male,54,Nagykanizsa,asztalos ,157,0,0,3,0,1,1,1,4,2,1,1,0,0,0,1,1,0,0,1,1,0,0,1,0,0,1,0,0,2,0,3,164,2,1,1,2,1,0,0,0,0,2,0,0,0
562,l1,male,52,Nagykanizsa,asztalos ,172,3,0,3,0,1,1,1,2,3,2,1,1,0,315445,1,0,0,0,1,0,1,1,0,0,5,1,0,1,0,2,4,400,3,1,1,1,2,1,0,1,2,0,1,0,2
563,l0,male,52,Nagykanizsa,asztalos ,157,3,0,2,1,1,2,1,2,1,1,1,0,1,210232,1,0,1,1,0,0,0,0,1,0,0,1,0,1,0,0,1,27,2,1,1,1,2,1,1,2,2,0,0,0,1
564,l1,male,31,Budakeszi,Lakatos ,174,0,2,2,1,1,1,1,1,2,1,1,0,1,202884,1,1,0,0,1,1,0,0,1,0,5,2,0,1,0,0,3,533,2,0,1,3,2,0,1,1,2,1,0,0,1
565,l0,female,54,Nagykanizsa,asztalos ,178,1,0,1,0,1,1,1,3,0,3,1,0,1,77297,1,0,0,1,1,0,0,1,1,1,3,0,0,4,2,2,4,724,2,1,1,3,0,1,1,2,0,1,1,1,1
566,l1,male,26,Budakeszi,Szakorvos ,171,3,0,3,0,1,2,1,1,2,0,0,0,0,0,1,0,0,0,1,1,0,1,1,1,4,1,0,1,2,2,3,166,2,1,1,1,2,1,1,1,2,0,1,1,0
567,l1,female,25,Nagykanizsa,Szakorvos ,172,4,0,2,1,1,1,1,2,0,4,4,0,0,0,0,0,0,0,1,1,1,1,0,0,1,1,0,3,2,0,0,0,2,1,1,1,1,0,0,0,0,1,0,0,1
568,l1,female,47,Nagykanizsa,Szakorvos ,184,3,0,2,0,1,1,1,1,2,5,0,0,0,199686,1,0,0,0,1,0,1,0,1,1,5,2,0,1,0,0,0,3,1,0,1,3,0,1,1,1,0,1,0,0,3
569,l1,male,37,Budakeszi,Lakatos ,162,4,0,4,1,1,2,1,1,2,11,0,0,0,407322,0,0,0,0,1,0,1,0,1,0,5,3,0,1,0,0,1,0,2,1,1,1,2,0,0,2,1,0,1,0,3
570,l1,female,25,Nagykanizsa,Lakatos ,165,3,0,4,1,1,1,1,2,2,1,0,0,1,2757,0,0,0,0,1,1,1,1,1,0,2,1,0,1,0,0,3,391,1,1,1,3,1,0,0,1,2,1,0,0,0
571,l1,male,60,Nagykanizsa,asztalos ,166,1,2,3,0,1,1,1,1,2,7,0,0,0,429954,1,1,1,0,1,0,0,0,1,1,5,1,0,1,4,0,3,67,2,1,1,1,1,1,1,1,0,0,0,1,1
572,l1,male,44,Nagykanizsa,Szakorvos ,171,3,0,3,1,1,1,1,1,3,3,1,0,1,146637,0,1,0,1,1,1,0,1,0,0,5,1,0,3,1,0,0,0,2,3,1,3,1,1,0,1,2,1,1,0,2
573,l1,female,62,Nagykanizsa,Szakorvos ,170,3,0,4,1,1,1,1,2,0,0,0,0,0,73914,1,0,1,0,1,1,1,1,1,0,5,1,0,4,4,3,4,40,2,1,1,1,2,0,0,1,1,0,1,1,1
574,l0,male,47,Nagykanizsa,Lakatos ,160,0,0,1,1,1,1,1,2,2,3,1,0,0,0,1,0,0,0,1,1,1,1,1,1,1,1,1,4,0,0,0,645,2,3,1,2,2,1,0,2,1,0,1,1,1
575,l0,male,44,Budakeszi,Lakatos ,161,0,0,1,1,1,1,1,1,1,1,0,0,0,157486,1,0,1,1,0,0,0,1,1,0,0,1,0,0,2,1,3,428,2,0,1,1,2,1,0,1,1,0,1,1,3
576,l1,male,58,Budakeszi,asztalos ,155,0,0,2,0,1,2,1,2,2,4,1,0,0,331261,1,0,0,0,1,1,1,1,0,0,3,1,0,4,0,0,0,309,2,1,0,1,0,0,0,0,0,0,0,0,1
577,l1,male,52,Nagykanizsa,Szakorvos ,172,3,0,3,1,1,1,1,1,2,0,0,0,1,106341,1,0,0,0,1,0,0,1,1,1,1,1,0,1,0,0,3,0,1,1,1,1,2,1,1,1,2,1,1,1,1
578,l0,female,28,Budakeszi,Szakorvos ,184,0,0,2,1,1,1,1,2,2,2,1,0,1,261719,1,0,1,0,1,0,0,1,0,0,1,0,0,0,2,3,1,951,2,3,1,2,2,1,1,2,0,1,1,0,1
579,l1,male,42,Nagybajcs,Lakatos ,182,4,0,3,1,1,1,1,1,2,4,1,0,1,266401,1,0,1,1,1,0,1,1,1,1,5,2,1,0,1,0,1,351,3,3,1,2,2,1,1,1,0,1,1,0,1
580,l0,male,39,Budakeszi,asztalos ,180,3,2,3,1,1,2,1,1,3,2,4,0,0,53386,1,0,0,0,1,0,0,1,1,0,5,0,0,3,0,0,3,0,2,1,1,1,2,0,0,0,2,0,1,1,1
581,l0,male,51,Budakeszi,Szakorvos ,180,0,0,3,1,1,2,1,1,2,2,1,0,0,0,0,0,0,0,0,0,0,1,0,0,1,1,0,3,2,0,0,469,2,3,1,1,0,1,1,1,0,0,0,0,2
582,l0,male,49,Budakeszi,asztalos ,176,3,0,3,0,1,1,1,2,3,5,1,0,0,186250,1,1,1,0,0,1,0,0,1,0,1,0,0,1,0,3,4,135,2,1,1,1,2,0,0,1,2,1,1,1,1
583,l0,male,30,Budakeszi,asztalos ,172,0,0,3,1,1,1,1,1,2,1,1,0,0,0,1,0,0,0,1,0,1,1,1,1,2,1,0,0,0,0,2,18273,1,0,1,2,2,1,0,1,0,1,0,1,3
584,l1,male,27,Nagykanizsa,Szakorvos ,165,0,2,3,1,1,1,1,2,0,3,1,0,1,0,1,0,0,1,1,0,1,1,1,0,0,1,0,1,1,1,4,5264,2,3,1,1,2,1,0,1,2,1,1,1,3
585,l1,male,26,Nagykanizsa,Lakatos ,176,4,2,3,1,1,1,0,1,2,3,1,0,1,110089,1,0,0,1,1,0,0,1,0,0,1,1,0,4,0,1,3,0,2,0,1,3,2,0,0,1,2,0,0,0,3
586,l1,female,61,Nagykanizsa,Szakorvos ,188,3,0,2,0,1,1,1,2,0,1,1,0,0,0,1,1,0,1,1,0,0,1,1,0,0,2,0,1,2,0,0,272,2,1,1,1,1,1,0,2,2,0,1,1,1
587,l1,female,39,Budakeszi,Szakorvos ,167,4,0,4,1,1,2,1,1,3,2,1,0,1,0,1,1,0,0,1,0,0,1,1,0,2,1,0,1,2,3,4,0,2,3,1,1,2,0,0,0,1,1,0,1,1
588,l1,male,26,Nagykanizsa,Lakatos ,189,1,2,3,0,1,1,1,1,2,0,0,0,1,444645,1,0,0,0,1,0,0,0,0,0,5,1,0,1,0,0,2,200,2,3,1,2,2,1,1,0,0,2,1,1,1
589,l1,male,46,Budakeszi,Szakorvos ,169,4,1,3,1,1,1,1,1,2,2,1,0,0,535133,1,0,0,0,1,1,0,1,0,0,5,2,0,1,0,0,1,398,2,2,0,1,1,0,0,2,2,0,0,0,3
590,l1,female,26,Budakeszi,Szakorvos ,166,0,0,4,1,1,2,1,0,2,0,0,0,0,31277,1,0,0,0,1,1,1,1,1,0,3,1,0,1,1,0,0,825,2,1,1,3,2,0,0,1,2,1,1,0,1
591,l0,male,46,Budakeszi,asztalos ,178,4,0,1,1,1,1,1,2,3,1,0,0,0,89029,1,0,0,0,1,0,0,1,1,0,1,1,0,0,0,0,0,0,2,3,1,2,2,0,0,0,0,1,1,1,0
592,l0,female,30,Nagykanizsa,Lakatos ,187,4,2,4,1,1,1,1,1,0,0,0,0,0,434920,1,0,1,0,1,0,0,1,1,1,5,1,0,1,2,0,0,0,2,0,1,3,1,1,1,2,2,0,0,0,1
593,l0,male,51,Nagykanizsa,asztalos ,160,0,0,3,1,1,1,1,2,2,0,0,0,1,309084,1,1,0,0,1,1,1,1,1,1,1,1,0,1,0,4,3,467,2,0,1,1,2,0,1,2,2,1,1,1,1
594,l0,female,61,Budakeszi,asztalos ,165,3,0,2,1,1,1,1,1,2,0,1,0,0,0,1,0,1,1,1,1,1,1,0,0,2,2,0,0,2,0,1,437,2,3,1,3,1,0,1,2,2,1,0,0,1
595,l1,female,36,Budakeszi,Szakorvos ,184,4,0,3,1,1,1,1,2,3,0,0,0,0,141133,1,0,0,0,1,0,0,1,1,0,0,0,0,1,1,0,4,81,3,0,1,1,2,0,0,1,0,1,0,0,3
596,l1,male,50,Nagykanizsa,asztalos ,167,3,0,4,1,1,1,1,2,0,0,0,0,0,0,1,0,0,1,1,0,0,1,1,1,1,2,1,4,2,0,0,819,3,3,1,1,0,1,1,2,2,1,0,1,0
597,l1,female,30,Budakeszi,Szakorvos ,185,4,0,2,1,1,1,0,2,1,0,0,0,0,0,0,0,0,0,1,1,0,1,1,1,5,1,0,0,0,0,3,512,2,1,1,2,2,1,1,1,0,0,1,1,1
598,l1,female,62,Nagykanizsa,Szakorvos ,194,4,0,4,0,1,1,0,1,3,0,0,0,1,213596,1,0,1,0,1,0,0,1,1,0,5,3,0,1,2,0,1,71,3,3,1,3,2,1,0,2,2,0,1,1,3
599,l1,male,28,Nagykanizsa,asztalos ,160,4,0,1,0,1,3,1,0,3,0,0,0,0,0,1,0,1,1,1,0,1,1,0,0,1,1,0,1,2,0,1,701,3,2,1,2,1,0,0,1,2,0,1,1,1
600,l0,male,27,Nagybajcs,Lakatos ,159,4,0,1,0,1,1,1,2,3,1,0,0,1,135302,0,0,0,0,1,0,0,1,1,1,1,0,0,1,2,0,4,535,2,3,1,1,2,0,0,0,0,1,1,1,3
601,l0,male,34,Nagykanizsa,Lakatos ,160,3,2,4,0,1,2,1,1,2,6,4,0,1,193254,0,0,1,0,1,0,0,1,0,0,4,0,1,1,2,0,0,0,3,1,1,3,2,0,0,1,1,0,0,0,3
602,l0,male,65,Nagykanizsa,asztalos ,186,0,0,1,1,1,1,1,1,2,2,0,0,0,233663,0,0,0,0,1,1,0,1,1,1,1,2,0,1,0,0,0,182,1,3,1,2,0,0,0,1,2,1,0,0,3
603,l1,male,63,Nagykanizsa,asztalos ,167,3,0,3,1,1,1,1,2,2,17,1,0,1,218523,1,1,0,1,1,0,0,1,0,0,2,2,0,4,4,2,4,277,2,1,1,3,2,0,0,2,2,0,1,0,1
604,l1,male,54,Budakeszi,Lakatos ,166,4,0,4,1,1,1,1,2,2,2,1,0,0,321102,1,1,1,0,1,0,1,1,1,1,1,1,0,1,0,0,2,534,2,3,1,2,0,0,0,0,0,1,1,1,3
605,l1,male,29,Nagykanizsa,Szakorvos ,165,3,0,4,0,1,2,1,1,2,3,1,0,1,206873,0,0,0,0,1,1,1,1,1,1,3,2,0,1,2,0,0,0,1,0,1,1,2,1,0,0,0,1,1,1,0
606,l0,male,61,Budakeszi,asztalos ,181,3,0,1,1,1,2,1,2,3,3,1,0,0,0,1,0,0,0,1,1,0,1,1,1,5,1,0,0,0,0,1,258,3,1,1,2,2,1,0,1,0,0,1,1,1
607,l0,male,26,Nagykanizsa,asztalos ,174,0,1,3,1,1,1,1,1,2,4,2,0,1,101698,1,0,1,0,1,1,0,1,1,0,1,0,0,3,2,0,0,83,3,1,1,1,2,0,0,2,1,0,0,0,0
608,l0,male,41,Nagykanizsa,asztalos ,174,0,0,3,1,1,2,1,1,2,0,0,0,0,0,1,0,0,0,1,1,0,0,0,0,1,1,0,1,2,1,4,864,2,0,1,2,1,1,0,0,0,1,1,0,3
609,l1,male,63,Nagykanizsa,Szakorvos ,169,4,0,3,1,1,1,1,0,2,1,1,0,0,0,0,0,0,1,1,0,0,0,0,0,5,0,0,4,0,0,0,0,2,1,1,2,2,1,0,1,0,1,0,0,0
610,l0,female,55,Budakeszi,Szakorvos ,170,4,0,2,0,1,1,1,2,0,2,1,0,0,354968,0,0,1,0,0,0,0,0,1,0,1,0,0,4,0,0,0,168,1,0,1,2,2,0,1,0,0,0,1,1,3
611,l0,male,60,Budakeszi,asztalos ,167,0,0,3,0,1,1,0,2,0,1,0,0,1,344894,1,0,0,0,1,0,0,1,0,0,0,2,0,1,0,0,0,805,1,3,1,2,2,0,0,2,2,1,0,0,1
612,l0,male,42,Budakeszi,Lakatos ,155,0,2,3,0,0,1,0,1,2,7,1,0,0,0,1,0,1,0,1,1,0,1,1,1,3,0,0,0,0,1,4,1813,2,1,1,3,2,1,1,1,0,1,0,1,2
613,l1,male,56,Nagykanizsa,Lakatos ,171,4,0,3,1,1,1,1,1,2,1,0,0,1,224138,1,1,0,1,1,1,0,1,0,0,1,1,0,1,2,0,4,0,3,1,1,2,0,1,1,2,2,1,0,0,1
614,l1,male,62,Nagybajcs,asztalos ,179,4,0,2,1,1,1,0,1,2,3,0,0,1,64496,1,0,1,0,0,0,1,1,1,1,1,1,0,1,0,0,3,449,2,3,1,1,2,1,0,1,0,0,1,0,2
615,l0,male,45,Budakeszi,Lakatos ,167,0,0,1,0,1,1,1,3,2,1,0,0,0,226838,0,0,0,1,1,1,1,1,1,0,1,1,0,1,0,0,3,0,2,3,1,2,1,1,0,2,2,1,1,1,1
616,l0,female,33,Nagykanizsa,Szakorvos ,174,0,0,2,0,1,1,0,1,2,0,1,0,0,7453685,1,0,0,0,1,0,1,1,1,1,3,1,1,1,0,2,0,4620,3,3,1,1,1,1,1,1,0,0,1,1,0
617,l0,female,49,Nagykanizsa,asztalos ,179,0,0,2,0,1,1,1,2,3,2,0,0,0,0,1,0,1,0,1,1,1,0,1,0,3,0,1,1,0,0,4,352,3,1,1,1,1,0,1,1,0,1,1,1,1
618,l0,male,54,Nagybajcs,asztalos ,162,4,0,1,0,1,1,1,2,0,1,0,0,0,151823,1,0,0,0,1,0,0,1,1,0,1,0,0,1,0,3,3,4185,1,1,1,2,2,1,0,2,0,0,1,0,1
619,l0,male,58,Budakeszi,Szakorvos ,171,3,0,3,1,1,1,1,1,2,1,0,0,1,94784,0,0,1,0,0,0,1,1,0,0,4,2,0,0,1,3,1,152,3,1,0,1,0,1,1,0,0,1,0,0,1
620,l1,male,60,Nagykanizsa,Lakatos ,172,4,0,4,1,1,1,1,2,3,5,4,0,1,13485,1,0,0,0,1,0,1,1,1,1,0,3,0,1,2,0,0,0,2,1,1,2,2,0,0,1,0,1,0,0,3
621,l1,male,56,Nagykanizsa,Szakorvos ,159,0,0,3,0,1,1,1,1,3,2,1,0,0,90763,1,0,0,0,1,0,0,1,1,1,3,1,0,1,2,0,0,599,2,0,1,3,1,1,0,1,0,1,0,0,1
622,l1,male,58,Budakeszi,Lakatos ,169,3,0,3,1,1,1,1,1,3,0,0,0,0,0,1,0,0,0,1,0,0,1,0,0,1,1,0,4,4,0,3,228,2,3,1,1,2,0,0,2,2,0,1,1,1
623,l1,male,38,Nagykanizsa,Lakatos ,174,0,0,3,0,1,1,1,3,0,2,4,0,0,72336,0,0,0,0,1,0,0,1,1,0,1,0,0,1,2,1,3,205,2,0,1,1,1,1,0,0,0,1,1,0,1
624,l0,male,61,Budakeszi,asztalos ,161,4,0,3,1,1,2,1,3,2,1,0,0,0,0,1,0,0,1,1,1,0,1,1,0,1,1,0,1,2,0,0,128,2,3,1,1,1,1,1,2,2,0,1,1,1
625,l1,female,55,Nagykanizsa,Szakorvos ,167,0,0,0,1,1,1,1,3,0,1,0,0,0,0,1,1,1,0,1,1,0,1,1,1,5,0,0,1,1,0,4,320,3,2,1,2,0,0,0,1,2,1,1,1,1
626,l0,male,35,Nagykanizsa,asztalos ,163,0,0,3,1,1,1,1,1,2,3,1,0,0,0,1,0,1,0,1,1,1,1,0,0,5,1,0,1,0,0,0,386,1,0,1,2,0,1,1,2,2,1,0,0,3
627,l0,female,25,Budakeszi,asztalos ,168,3,2,3,1,1,1,1,1,2,4,0,0,1,72673,1,1,1,0,1,1,1,0,1,0,5,0,0,1,2,2,3,7498,2,0,1,3,2,0,0,0,0,0,0,0,1
628,l1,male,32,Nagykanizsa,asztalos ,163,4,0,3,1,1,2,1,2,2,3,1,0,0,274511,1,0,1,1,1,0,0,0,0,0,5,1,1,1,0,0,0,239,2,0,1,3,1,0,1,1,2,0,1,0,0
629,l1,male,60,Nagykanizsa,Lakatos ,164,3,0,3,1,1,1,1,4,2,3,1,0,0,3860,1,0,1,0,1,0,1,0,0,0,2,0,0,1,2,2,4,403,2,1,1,1,2,1,1,2,0,1,1,0,1
630,l1,female,49,Nagykanizsa,Lakatos ,165,4,0,3,1,1,1,0,1,2,1,0,0,0,119234,1,0,1,0,0,1,0,1,1,0,2,1,0,0,0,3,4,118,2,2,1,1,1,0,0,1,0,0,1,1,3
631,l0,female,53,Nagykanizsa,asztalos ,168,0,1,3,0,1,1,1,2,0,5,0,0,0,86020,0,0,1,0,1,1,0,0,0,0,4,1,1,1,0,0,0,256,3,3,1,1,2,1,1,1,0,1,0,0,1
632,l0,male,25,Budakeszi,asztalos ,159,3,0,1,0,1,1,0,2,2,0,0,0,0,0,1,0,0,0,0,0,1,1,1,0,1,1,0,1,2,1,3,271,2,1,1,3,2,1,1,0,0,1,0,0,0
633,l1,male,61,Nagykanizsa,asztalos ,165,3,2,3,1,1,1,1,3,2,3,1,0,0,526076,0,0,1,0,1,1,1,0,0,0,0,1,0,4,0,3,4,259,2,1,1,1,2,0,0,0,0,0,1,1,1
634,l1,male,50,Budakeszi,Szakorvos ,178,0,0,4,1,1,1,1,1,2,3,1,0,1,248314,1,0,0,1,0,0,0,1,0,0,2,1,1,0,2,3,4,734,1,0,0,0,2,1,0,1,2,0,1,1,3
635,l0,female,58,Budakeszi,Szakorvos ,195,4,0,1,1,1,2,1,1,2,0,0,0,0,0,1,0,1,0,0,1,0,0,1,0,5,1,0,0,0,0,0,300,2,2,1,2,0,1,0,1,0,0,0,1,1
636,l0,female,60,Nagykanizsa,Szakorvos ,203,1,0,2,0,1,1,1,4,2,1,1,0,1,542115,1,1,1,0,1,1,0,1,1,0,1,1,0,0,0,4,4,348,2,1,1,1,2,1,0,1,2,0,0,0,2
637,l1,male,42,Budakeszi,Szakorvos ,174,4,2,4,1,1,2,1,1,2,1,0,0,0,86391,1,0,0,0,1,1,0,0,0,0,5,1,1,1,2,0,1,5,2,1,1,3,1,0,0,1,0,1,0,0,1
638,l0,male,28,Budakeszi,asztalos ,176,4,0,3,1,1,2,1,2,0,1,0,0,1,541126,1,1,1,0,1,0,0,1,1,0,1,1,0,1,0,4,2,0,2,0,1,1,2,0,1,2,2,0,0,0,0
639,l1,female,56,Budakeszi,Lakatos ,193,0,2,4,1,1,1,1,2,2,0,0,0,1,0,1,0,0,0,1,0,0,1,1,0,1,1,0,1,0,3,4,6994,2,0,1,1,2,0,0,1,0,0,1,0,1
640,l1,male,61,Nagykanizsa,Lakatos ,155,0,0,4,1,1,1,1,1,2,1,0,0,0,251114,1,0,0,0,1,0,1,1,0,0,5,1,0,4,2,0,0,54,2,0,1,3,2,1,0,1,0,1,1,0,3
641,l1,male,25,Budakeszi,Szakorvos ,186,4,2,4,1,1,1,1,1,2,0,0,0,1,0,1,0,0,0,1,0,0,0,1,1,5,1,0,1,0,0,3,386,2,0,1,2,2,0,0,1,2,0,0,0,1
642,l1,male,54,Nagykanizsa,Lakatos ,174,4,2,3,1,1,2,1,3,2,0,0,0,1,0,1,0,0,1,0,1,0,1,1,1,2,0,0,1,0,0,2,8,2,1,1,1,0,1,0,1,0,0,0,0,3
643,l1,male,32,Nagykanizsa,Szakorvos ,154,4,2,3,1,1,1,1,1,2,1,0,0,1,0,1,0,0,1,1,0,0,1,0,0,0,1,0,1,0,1,2,24003,2,1,0,3,2,1,0,2,2,1,1,1,2
644,l0,male,51,Budakeszi,asztalos ,165,4,2,4,1,1,1,1,1,2,5,4,0,0,0,0,0,0,0,0,1,0,1,1,1,0,1,0,1,4,0,3,0,2,1,0,1,0,1,1,1,2,1,1,0,1
645,l0,male,43,Nagybajcs,Szakorvos ,167,4,0,2,1,1,2,1,1,2,2,0,0,1,210833,0,0,0,0,0,0,1,1,1,0,0,2,0,3,0,1,4,608,3,2,0,1,2,0,0,1,1,0,1,1,1
646,l1,female,57,Budakeszi,asztalos ,173,3,0,3,0,1,1,1,3,2,4,1,1,0,41135,1,0,0,0,1,1,1,1,1,1,5,0,0,1,0,3,3,16,2,3,1,3,0,1,0,1,2,0,0,0,1
647,l1,male,33,Nagykanizsa,Szakorvos ,186,3,2,4,0,1,1,1,2,3,0,1,0,0,238935,1,0,0,0,1,0,1,1,1,0,0,1,0,1,0,0,0,314,1,0,0,0,0,1,1,1,2,0,0,0,1
648,l0,male,45,Budakeszi,Szakorvos ,175,4,0,3,1,1,2,1,1,2,0,0,0,1,453844,1,0,0,1,1,0,0,1,1,1,0,2,0,1,0,0,0,0,1,1,1,0,2,1,1,1,2,1,1,1,0
649,l1,male,30,Nagykanizsa,Szakorvos ,180,3,0,2,0,1,1,1,1,0,5,4,0,1,288066,1,0,0,1,0,1,0,1,1,0,1,1,1,1,0,1,3,253,3,2,1,2,2,1,1,2,2,1,0,1,0
650,l0,male,47,Budakeszi,Lakatos ,178,1,0,1,1,1,2,1,1,2,2,1,1,1,0,0,0,0,0,0,0,0,1,0,0,1,2,0,1,0,0,0,474,1,1,1,1,0,1,1,1,1,1,0,0,1
651,l1,male,27,Nagykanizsa,Lakatos ,161,0,0,4,0,1,1,1,1,3,3,1,0,1,0,1,0,0,0,1,1,0,0,0,0,5,1,0,1,0,0,0,0,2,3,1,1,2,1,1,0,0,0,0,0,3
652,l0,male,32,Nagykanizsa,asztalos ,160,4,2,3,0,1,2,1,3,3,3,1,0,0,0,1,0,1,0,1,0,0,1,1,1,5,3,0,0,0,0,3,0,3,3,1,1,2,1,1,1,2,0,0,1,3
653,l0,male,57,Budakeszi,Lakatos ,164,3,0,1,1,1,1,1,2,2,1,4,0,0,0,1,0,0,0,1,0,1,1,1,1,3,0,1,1,0,0,3,373,2,0,1,1,1,0,0,1,1,1,0,0,1
654,l1,male,62,Nagykanizsa,Lakatos ,173,4,2,4,1,1,1,1,1,2,2,1,0,0,0,1,0,0,1,1,0,1,1,1,0,1,1,0,1,0,0,3,0,3,3,1,1,0,1,1,2,2,1,1,1,3
655,l1,male,63,Budakeszi,Lakatos ,169,0,0,3,1,1,1,1,2,3,6,0,0,1,0,0,0,0,0,0,0,0,1,1,1,0,1,0,1,2,0,1,829,1,2,1,0,2,1,1,1,0,0,1,1,2
656,l1,female,31,Budakeszi,asztalos ,170,0,0,3,1,1,1,1,2,2,0,0,0,1,0,0,0,1,0,1,0,0,1,1,1,0,1,1,1,2,1,4,6902,3,3,1,1,1,1,0,1,0,1,1,0,3
657,l1,male,52,Budakeszi,asztalos ,180,0,0,2,1,1,1,1,2,3,5,4,0,1,367127,1,0,1,0,1,0,1,0,1,0,4,1,0,1,0,2,0,227,2,1,1,1,2,0,0,1,0,0,1,1,3
658,l1,female,31,Budakeszi,Lakatos ,171,1,0,1,1,1,1,1,1,0,3,1,0,0,214742,1,0,0,0,1,0,0,0,0,0,3,2,1,1,2,3,1,382,2,3,1,3,1,1,1,2,2,0,1,1,1
659,l0,male,62,Nagykanizsa,Lakatos ,185,4,0,1,1,1,1,1,1,2,2,0,0,0,0,1,0,0,0,0,1,1,1,0,0,5,2,0,1,2,0,0,253,1,3,1,1,0,1,0,1,2,0,1,0,1
660,l1,male,33,Budakeszi,Lakatos ,157,3,0,4,1,1,1,1,2,3,3,1,0,0,0,1,0,1,0,1,0,0,0,1,1,4,1,0,4,2,0,0,303,2,1,1,1,1,0,0,0,0,0,0,0,3
661,l1,male,43,Nagybajcs,Szakorvos ,172,4,2,3,0,1,1,0,2,2,0,0,0,1,95240,1,0,1,0,0,0,0,1,0,0,3,1,0,1,2,1,3,451,1,1,1,1,1,0,0,2,2,0,0,1,0
662,l0,female,25,Nagykanizsa,Lakatos ,170,0,0,3,0,1,1,1,2,2,0,0,0,0,41113,1,0,1,1,1,1,0,0,1,1,5,1,0,1,2,0,0,0,3,1,1,3,0,1,1,1,2,0,0,0,3
663,l0,male,27,Nagykanizsa,Lakatos ,182,0,0,3,1,1,1,1,1,2,3,1,0,0,119164,1,0,0,0,0,0,0,0,1,1,0,1,0,1,2,1,3,162,2,0,0,1,0,0,0,0,0,0,0,0,1
664,l0,female,52,Nagybajcs,asztalos ,174,4,0,3,1,1,1,1,1,3,3,4,0,1,66037,1,0,0,0,0,1,0,0,1,1,3,1,0,1,2,0,0,275,2,1,1,2,2,0,0,1,0,0,1,0,1
665,l0,male,27,Budakeszi,Lakatos ,180,1,0,1,0,0,2,1,1,2,1,1,0,0,0,0,0,1,0,1,1,1,1,1,0,1,1,1,3,2,0,1,236,3,0,1,0,2,1,1,1,0,0,1,0,3
666,l1,male,53,Nagykanizsa,asztalos ,161,4,0,3,1,1,1,1,1,3,1,0,0,0,4147,1,0,0,0,1,1,0,1,0,0,1,0,0,1,0,1,0,272,2,1,1,2,2,0,0,0,2,1,1,1,3
667,l0,male,27,Nagykanizsa,asztalos ,165,3,0,3,1,1,2,1,1,3,8,4,0,0,0,1,0,0,0,1,0,0,1,1,1,1,1,0,1,0,0,0,0,2,1,1,1,2,0,0,0,0,1,1,1,1
668,l1,male,27,Nagykanizsa,Lakatos ,163,3,0,4,1,1,1,1,1,3,2,1,0,1,170755,1,0,0,0,1,0,0,0,1,0,1,1,0,4,1,0,0,5003,1,1,1,1,1,0,0,1,2,1,1,0,1
669,l0,male,58,Budakeszi,asztalos ,164,4,0,1,0,1,1,1,1,2,1,1,0,0,107479,0,0,0,0,1,0,1,1,1,1,5,1,1,4,0,0,1,623,3,2,1,1,2,1,1,1,0,1,0,0,1
670,l0,female,62,Budakeszi,asztalos ,179,1,0,3,0,1,1,1,3,3,0,0,0,0,437854,1,1,0,0,1,1,0,1,1,1,5,1,1,0,0,0,0,0,3,3,1,1,1,0,0,2,2,1,1,0,1
671,l0,male,37,Nagykanizsa,asztalos ,151,0,0,3,1,1,1,1,2,2,1,0,0,1,15741154,1,1,1,0,1,1,0,1,0,0,5,0,0,1,0,2,0,30019,3,0,1,1,2,1,0,1,0,0,0,1,1
672,l1,male,38,Nagybajcs,Szakorvos ,175,0,0,4,0,1,1,0,2,3,2,4,0,1,0,1,0,1,0,1,1,0,1,1,0,1,1,0,1,2,0,1,89,1,0,1,3,2,1,1,1,0,0,0,0,1
673,l1,male,47,Nagykanizsa,Lakatos ,168,1,0,4,1,1,1,1,1,0,0,0,0,1,139981,0,0,0,1,0,0,0,1,1,1,1,1,0,0,3,0,2,279,3,2,1,1,1,1,1,2,2,1,1,1,1
674,l1,female,39,Nagykanizsa,Szakorvos ,182,4,0,2,1,1,1,1,1,3,1,0,0,0,103562,0,0,0,0,1,0,0,1,1,0,0,1,0,1,0,0,1,0,2,1,1,3,2,1,0,2,2,0,0,0,2
675,l1,male,51,Nagybajcs,Szakorvos ,176,0,0,4,0,1,2,1,1,3,1,0,0,1,100200,1,0,0,0,0,0,1,0,0,0,5,1,0,0,1,0,4,19355,2,0,1,1,1,0,0,1,1,1,1,1,1
676,l0,female,53,Nagykanizsa,Lakatos ,169,0,0,2,0,1,1,1,2,3,4,4,0,0,126678,1,1,0,0,1,0,0,0,1,1,5,0,0,4,2,2,4,357,3,1,1,2,1,0,0,1,2,0,0,0,1
677,l1,male,49,Nagykanizsa,asztalos ,166,3,0,3,1,1,2,1,0,3,0,0,0,1,384416,1,0,1,0,0,1,0,0,0,0,1,0,0,4,2,0,1,398,2,1,1,2,1,0,0,2,2,1,1,0,3
678,l1,female,36,Budakeszi,Szakorvos ,176,1,0,2,0,1,1,1,2,2,5,1,0,0,254736,0,0,1,0,1,1,1,1,1,1,5,3,0,1,2,0,0,631,1,1,1,1,2,0,1,1,0,0,1,0,3
679,l1,male,51,Nagykanizsa,Lakatos ,160,3,2,1,0,1,1,1,2,1,5,1,0,1,0,1,0,0,1,1,1,0,1,1,1,0,2,0,1,0,4,4,29166,2,0,1,3,2,1,1,2,0,1,0,0,3
680,l1,male,27,Nagykanizsa,Lakatos ,186,3,0,3,1,1,2,1,0,3,0,0,0,1,500604,1,0,1,1,1,1,1,1,1,1,4,1,0,1,0,0,4,6943,2,1,1,3,2,1,0,1,0,0,1,1,2
681,l0,male,48,Budakeszi,asztalos ,167,4,0,1,1,1,1,1,1,2,1,0,0,0,0,0,0,0,0,1,0,0,1,1,1,0,1,0,0,0,0,1,377,2,1,1,2,1,1,0,2,0,0,1,0,2
682,l0,male,58,Budakeszi,asztalos ,181,4,0,2,1,1,1,1,2,3,10,1,0,0,0,1,0,0,0,1,1,1,1,1,1,4,2,1,0,2,1,4,408,3,1,1,3,2,1,1,1,2,1,1,0,1
683,l0,male,52,Nagykanizsa,asztalos ,167,1,0,3,0,1,1,1,1,2,0,0,0,1,82551,1,0,0,0,1,1,0,0,1,0,1,2,0,0,0,0,0,718,2,0,1,1,2,1,0,1,2,1,1,0,3
684,l1,female,57,Nagykanizsa,Szakorvos ,176,4,0,2,1,1,2,1,4,0,0,0,0,0,177992,1,1,1,0,1,0,0,1,1,1,5,2,0,1,0,3,0,693,3,0,1,2,2,0,1,1,0,0,1,1,1
685,l1,male,43,Nagykanizsa,Lakatos ,159,0,2,4,1,1,1,1,3,3,9,4,0,1,625449,1,1,0,0,1,0,0,0,1,1,1,1,0,1,2,0,1,0,2,2,1,1,2,1,0,1,2,0,1,1,3
686,l1,male,45,Budakeszi,Lakatos ,166,0,2,4,0,1,1,1,1,2,0,0,0,1,0,0,0,0,1,1,1,0,1,1,0,1,1,0,3,2,0,0,0,2,3,1,3,2,1,1,1,1,0,1,1,3
687,l1,male,45,Nagykanizsa,Lakatos ,167,1,0,4,1,1,1,1,7,3,1,0,0,1,0,1,0,1,1,1,1,0,1,1,0,5,1,0,1,0,3,4,9009,2,1,1,3,2,1,1,1,1,0,0,0,3
688,l0,female,36,Budakeszi,Lakatos ,194,0,0,2,1,1,1,1,1,2,1,0,0,1,269256,0,0,0,0,1,1,0,0,0,0,1,1,0,1,2,0,3,398,2,3,1,2,2,1,1,1,0,1,0,0,1
689,l0,female,30,Budakeszi,Lakatos ,172,0,0,3,0,1,1,1,14,2,2,1,0,1,167018,1,0,0,0,1,0,0,1,1,1,0,2,0,1,2,0,4,0,2,1,1,1,2,0,0,0,0,0,0,0,0
690,l0,male,40,Nagykanizsa,asztalos ,180,4,0,1,0,1,1,1,1,2,2,0,0,0,0,1,0,0,0,1,0,0,1,1,0,3,1,0,1,2,0,0,360,1,0,1,1,2,0,0,1,2,1,1,0,1
691,l1,female,55,Nagykanizsa,Szakorvos ,170,4,2,0,0,1,1,1,1,0,0,0,0,0,0,1,0,0,0,1,1,0,1,0,0,5,1,0,0,0,0,0,0,3,1,1,2,1,0,0,1,1,1,1,0,0
692,l1,male,58,Nagykanizsa,Szakorvos ,170,4,0,3,0,1,1,1,1,3,3,1,0,1,187375,0,0,0,0,1,0,1,0,0,0,3,0,0,1,2,0,0,72,3,1,1,1,2,1,1,1,0,0,1,1,1
693,l1,male,42,Budakeszi,Lakatos ,168,4,2,3,1,1,1,1,1,2,6,4,0,0,611043,1,0,1,0,0,0,1,1,1,0,1,0,0,0,0,0,3,212,3,1,1,1,2,0,0,0,0,1,1,0,1
694,l1,male,56,Nagykanizsa,Lakatos ,176,3,2,3,1,1,1,1,4,3,2,1,0,0,0,1,1,1,1,1,0,1,1,1,0,5,1,0,1,2,0,0,291,2,3,1,3,1,1,1,0,2,0,1,1,1
695,l1,male,60,Nagykanizsa,Lakatos ,181,4,0,4,1,1,1,1,2,3,3,4,0,0,0,0,0,1,0,1,0,1,1,1,0,1,3,0,1,2,0,3,201,2,1,1,2,2,0,0,1,1,1,1,0,4
696,l0,male,53,Nagykanizsa,Lakatos ,163,3,0,3,0,1,1,0,1,0,1,0,0,1,0,1,0,1,0,1,0,1,1,1,0,1,1,0,0,2,0,4,505,1,1,1,1,1,1,0,1,2,1,0,0,1
697,l1,female,50,Budakeszi,Szakorvos ,169,0,0,4,0,1,1,1,3,2,4,4,0,0,5638,1,0,0,0,1,1,0,0,1,0,1,1,0,1,0,1,3,407,2,1,1,2,0,0,1,2,2,1,0,0,2
698,l1,male,44,Nagykanizsa,Szakorvos ,179,0,0,2,1,1,1,1,2,0,0,0,0,1,579491,1,0,0,0,1,1,0,1,1,0,5,0,0,1,2,0,0,0,1,1,1,1,2,1,0,2,0,0,0,0,3
699,l0,male,45,Nagykanizsa,Lakatos ,165,0,0,1,1,1,2,1,1,2,8,0,0,1,611479,1,0,1,0,1,1,1,1,1,0,5,2,0,3,0,0,0,252,2,3,1,3,2,1,1,1,0,0,0,0,1
700,l1,female,42,Nagykanizsa,Szakorvos ,182,1,0,2,1,1,1,1,1,2,1,1,0,0,15507003,0,0,1,0,0,0,0,1,1,1,0,1,0,0,2,0,1,514,2,1,1,1,2,1,1,1,2,0,1,0,1
701,l1,male,54,Nagykanizsa,asztalos ,172,3,2,1,0,1,1,1,1,2,1,0,0,1,464689,1,0,0,1,0,0,0,0,1,1,1,1,0,4,2,0,2,10,2,1,1,1,0,1,1,2,2,1,1,0,3
702,l1,female,39,Budakeszi,Szakorvos ,183,1,0,2,1,1,1,1,0,0,1,1,0,1,172434,1,0,0,0,1,0,0,1,1,1,5,1,0,1,0,0,3,130,2,3,1,2,2,1,1,1,2,0,0,0,0
703,l1,male,45,Budakeszi,Lakatos ,172,3,0,4,1,1,2,1,2,2,0,0,0,0,250052,1,0,1,0,1,1,1,1,1,1,1,1,0,1,2,2,3,8935,2,1,1,2,0,0,0,1,0,1,1,1,3
704,l1,male,41,Budakeszi,Lakatos ,159,4,0,1,0,1,1,0,3,2,5,0,0,1,111179,1,0,0,0,1,0,0,0,0,0,5,2,0,0,2,4,4,0,2,1,1,1,1,0,0,0,1,0,0,0,2
705,l0,male,55,Nagykanizsa,Lakatos ,170,4,2,3,1,1,1,1,2,2,3,1,0,0,0,0,0,0,0,1,0,1,1,1,1,1,1,0,4,0,0,0,515,2,1,1,3,1,0,0,0,2,1,0,0,1
706,l0,male,25,Nagybajcs,asztalos ,168,4,0,3,1,1,1,1,1,0,2,1,0,0,114214,1,0,1,0,1,0,1,1,1,1,1,1,0,1,0,0,3,92,1,0,1,1,2,0,0,0,0,1,1,0,0
707,l1,male,44,Nagykanizsa,Szakorvos ,157,0,0,3,1,1,1,1,1,0,5,4,0,1,747802,1,0,0,0,0,1,0,1,0,0,1,1,0,1,2,0,0,406,2,0,1,1,2,0,0,1,0,1,1,1,4
708,l1,female,46,Nagykanizsa,asztalos ,160,0,0,3,1,1,1,1,1,2,0,0,0,0,0,0,0,1,0,1,1,1,0,0,0,3,1,0,1,2,2,3,4641,1,1,1,1,2,1,1,1,0,1,0,0,1
709,l0,male,56,Nagykanizsa,asztalos ,172,4,0,3,1,1,1,1,1,2,0,0,0,1,0,0,0,0,1,1,0,0,1,0,0,1,1,0,0,2,1,3,26915,1,3,1,3,2,1,1,2,2,1,1,1,2
710,l1,female,45,Budakeszi,Szakorvos ,181,3,0,4,1,1,1,1,2,2,3,1,0,0,0,1,0,0,0,1,0,0,0,1,1,1,1,0,1,0,0,0,0,2,0,1,3,2,0,1,2,2,1,0,0,1
711,l0,male,47,Budakeszi,asztalos ,164,4,0,3,1,1,1,1,1,2,0,4,0,0,415838,1,0,0,0,1,0,0,1,0,0,1,1,0,1,1,4,4,648,2,1,1,2,2,0,0,2,2,1,1,1,0
712,l1,female,31,Nagykanizsa,Szakorvos ,178,3,2,3,0,1,1,1,1,2,3,1,0,0,37875,1,0,1,0,1,0,0,0,1,0,5,0,0,1,2,0,3,0,0,0,1,3,1,1,0,1,2,2,1,1,4
713,l1,male,51,Budakeszi,Lakatos ,179,4,1,4,1,1,1,1,2,2,2,1,0,1,199111,1,0,1,0,1,1,0,0,1,0,1,1,0,1,1,0,0,315,2,0,0,1,2,1,0,2,2,0,1,1,2
714,l0,female,57,Budakeszi,asztalos ,161,1,0,1,0,1,1,1,1,2,0,0,0,0,49355,1,1,1,0,1,1,1,1,1,0,5,1,0,0,2,0,0,608,1,2,1,3,2,1,1,1,0,1,1,0,1
715,l0,male,57,Budakeszi,asztalos ,171,0,0,3,1,1,0,0,2,3,9,4,0,1,0,1,0,0,0,1,1,0,0,0,1,5,2,0,0,3,0,0,178,3,0,1,1,2,0,1,2,0,0,1,0,2
716,l1,male,63,Nagybajcs,Szakorvos ,166,0,1,3,1,1,1,1,1,2,1,4,0,0,292662,1,1,0,0,1,1,0,1,0,0,3,2,0,1,2,1,3,351,2,3,1,0,0,1,0,1,2,1,0,0,3
717,l1,male,34,Nagybajcs,Szakorvos ,184,0,0,3,1,1,1,1,1,3,2,1,0,1,15105550,1,0,1,0,1,1,1,1,1,0,1,1,0,1,0,0,0,122,2,1,1,2,1,1,0,1,0,0,1,0,3
718,l1,male,32,Nagykanizsa,Szakorvos ,185,3,2,4,1,1,1,1,3,2,0,0,0,1,12264771,0,1,0,0,1,1,1,1,1,1,1,0,0,1,0,1,4,0,2,0,1,1,1,1,0,1,0,1,0,0,1
719,l0,female,64,Budakeszi,Lakatos ,171,0,1,4,1,1,1,1,1,2,5,0,0,0,305621,1,0,0,0,0,0,0,0,1,0,0,2,0,3,0,0,0,228,2,1,1,0,1,1,1,2,2,0,1,0,1
720,l0,male,50,Nagykanizsa,Lakatos ,164,0,0,1,1,1,2,1,1,3,3,1,0,0,0,1,0,0,0,1,1,0,0,0,1,1,1,0,3,2,0,3,99,1,0,1,2,0,1,0,0,1,0,1,0,1
721,l1,male,65,Nagykanizsa,Lakatos ,162,4,0,4,0,1,1,1,4,2,0,1,0,0,19423,1,0,1,0,1,0,0,0,0,0,3,2,0,1,2,0,0,0,3,1,1,1,0,0,0,1,0,1,0,0,3
722,l0,male,58,Budakeszi,asztalos ,170,4,0,2,1,1,2,1,1,3,1,0,0,1,321298,1,0,1,0,1,1,1,1,1,1,5,1,0,3,2,0,3,238,3,2,1,3,0,0,0,0,0,0,0,0,3
723,l0,male,45,Nagybajcs,asztalos ,167,4,0,3,0,1,1,1,2,2,0,0,0,0,251653,1,0,1,0,1,1,0,0,0,0,3,1,0,1,2,0,0,228,3,2,0,3,2,1,0,1,1,0,0,1,1
724,l1,female,58,Nagybajcs,Lakatos ,176,0,0,3,1,1,1,1,2,3,0,0,0,0,0,1,0,1,0,1,0,0,1,1,1,5,1,0,1,0,0,3,375,3,2,1,2,0,1,0,2,2,0,1,1,0
725,l1,male,49,Budakeszi,Lakatos ,169,3,0,3,1,1,2,1,2,3,1,0,0,0,0,1,0,1,1,1,0,1,1,0,0,5,1,0,1,0,0,3,189,1,0,1,1,2,1,1,2,2,1,0,0,3
726,l0,male,40,Budakeszi,asztalos ,169,4,0,3,0,1,1,1,1,2,2,1,0,1,161172,1,0,0,0,1,0,1,1,1,0,5,1,0,1,0,0,3,273,2,3,1,3,0,1,1,1,2,1,1,0,0
727,l1,male,34,Nagykanizsa,Lakatos ,161,3,0,1,1,1,2,1,1,2,1,0,0,0,0,1,1,0,0,1,1,1,1,0,0,5,1,0,4,2,0,4,513,2,1,1,3,0,0,0,1,2,0,1,0,3
728,l0,male,34,Nagykanizsa,asztalos ,176,0,0,3,0,1,1,1,2,2,0,0,0,1,0,1,0,0,0,1,1,0,0,1,1,5,2,0,4,0,0,0,24,2,3,1,1,2,1,1,2,1,1,1,1,1
729,l0,male,43,Budakeszi,asztalos ,185,3,0,1,1,1,2,1,2,2,1,1,0,1,110426,1,0,0,0,1,1,1,1,1,0,3,1,0,1,0,0,0,186,3,0,1,3,2,0,0,0,0,1,0,1,4
730,l1,male,50,Nagykanizsa,asztalos ,174,4,0,3,0,0,0,1,2,2,7,4,0,1,292619,1,0,1,1,0,1,0,1,1,1,0,1,1,1,4,1,1,34,3,3,1,1,2,1,0,2,2,0,1,0,1
731,l0,male,31,Nagykanizsa,Lakatos ,172,1,0,1,1,1,1,1,1,3,1,0,0,1,312007,1,0,1,0,1,0,0,1,0,0,5,1,0,1,2,0,3,25,2,1,1,3,1,1,1,0,0,1,1,1,1
732,l0,male,28,Nagybajcs,Lakatos ,165,1,0,1,0,1,1,1,1,2,4,1,0,1,147487,1,1,0,0,1,1,0,1,1,0,5,1,0,4,0,3,4,54314,3,0,1,1,1,1,1,2,0,1,0,0,1
733,l1,male,55,Nagykanizsa,asztalos ,165,1,0,3,1,1,1,1,0,2,8,0,0,1,15629782,1,0,1,0,1,0,1,1,1,1,5,0,0,0,4,2,4,5026,2,0,1,3,2,0,0,0,0,1,1,0,3
734,l1,female,25,Budakeszi,Szakorvos ,174,0,0,4,1,1,1,1,1,3,2,1,0,0,126704,0,0,0,0,1,1,0,1,0,0,5,2,0,1,0,2,0,380,3,1,1,3,0,0,0,1,0,1,1,0,1
735,l1,male,51,Nagykanizsa,Szakorvos ,153,4,2,3,0,1,2,1,1,0,3,1,0,0,77464,0,0,0,0,1,1,0,1,1,1,1,1,0,0,2,0,3,518,3,3,1,1,1,1,1,1,1,1,1,1,1
736,l1,female,50,Budakeszi,Lakatos ,185,0,1,4,1,1,1,1,2,1,0,4,0,0,245002,1,0,0,0,1,0,0,0,1,1,1,2,0,1,0,1,3,0,0,1,1,1,2,0,0,1,2,0,1,0,3
737,l0,female,32,Budakeszi,Szakorvos ,168,1,0,1,1,1,1,1,1,3,5,1,0,1,0,1,0,0,0,1,0,0,0,1,1,3,1,0,1,2,1,0,7905,1,0,1,0,2,1,1,1,2,0,1,0,0
738,l1,female,65,Nagykanizsa,Szakorvos ,162,3,0,3,1,1,1,1,1,2,5,4,0,1,69317,1,0,0,0,1,1,1,1,0,0,1,0,0,4,0,2,4,78,3,1,1,1,2,1,1,2,0,0,1,0,4
739,l1,male,42,Budakeszi,Szakorvos ,175,1,0,3,1,1,1,1,3,2,2,4,0,0,0,1,0,1,0,0,0,0,1,1,0,1,1,0,1,0,3,4,1086,3,0,1,0,2,1,1,1,2,0,0,0,1
740,l1,male,46,Nagybajcs,Lakatos ,169,3,2,3,1,1,1,1,1,2,1,1,0,0,51087,0,0,1,1,1,0,0,1,0,0,5,2,0,1,2,0,4,0,1,1,1,3,1,1,0,2,2,0,0,0,1
741,l0,male,46,Nagykanizsa,asztalos ,164,0,0,3,0,1,1,1,1,3,0,0,0,0,0,1,0,1,0,1,0,0,1,1,1,5,1,1,4,0,0,0,0,3,3,1,1,1,0,0,1,0,0,1,1,1
742,l1,male,65,Budakeszi,Szakorvos ,162,4,0,4,1,1,1,1,1,3,3,1,0,0,0,1,0,0,0,0,0,0,0,1,1,1,1,0,0,2,0,0,0,2,1,1,3,2,1,1,1,0,1,1,1,3
743,l0,male,51,Nagybajcs,Lakatos ,161,4,0,3,1,1,1,1,2,3,3,1,0,1,0,1,0,0,0,1,0,0,0,1,1,2,2,0,0,0,0,3,424,1,1,1,1,1,0,0,1,1,0,1,1,1
744,l0,male,65,Nagykanizsa,Szakorvos ,164,4,0,4,0,1,1,1,1,2,0,4,0,1,10866032,1,0,0,1,1,0,1,1,1,1,1,1,0,4,2,0,3,0,3,3,1,1,2,1,0,1,0,1,0,0,3
745,l0,male,36,Nagykanizsa,Lakatos ,176,0,0,3,0,1,1,1,0,2,1,0,0,0,0,0,0,0,0,1,0,0,1,1,0,1,2,0,4,0,0,0,216,3,1,1,2,2,1,1,0,0,0,1,1,1
746,l0,male,61,Budakeszi,Lakatos ,165,0,0,4,1,1,2,1,1,3,1,0,0,1,305282,1,0,1,0,1,0,0,1,1,1,5,1,0,1,2,0,3,0,2,0,1,2,2,1,0,0,2,1,1,1,1
747,l1,male,46,Nagykanizsa,Lakatos ,161,4,0,2,1,1,1,1,2,3,0,1,0,0,95036,1,0,0,1,1,1,1,1,1,1,4,1,0,4,0,0,0,3839,1,0,0,2,1,1,1,2,0,0,0,0,3
748,l0,male,33,Budakeszi,asztalos ,174,2,0,2,1,1,1,1,1,0,1,0,0,1,0,1,1,1,0,1,0,1,1,1,1,5,3,0,1,0,0,1,0,1,0,1,2,2,1,0,2,1,0,1,1,1
749,l1,male,25,Nagykanizsa,Szakorvos ,162,4,0,4,1,1,1,0,1,2,1,1,0,0,0,1,0,1,0,1,0,0,1,1,1,2,1,0,1,2,0,3,320,3,3,1,1,2,1,1,1,0,1,1,1,0
750,l1,male,44,Nagykanizsa,Szakorvos ,166,0,2,3,0,1,1,1,1,3,2,1,0,1,0,1,1,0,0,1,1,0,0,1,0,1,1,0,0,2,0,1,5677,3,1,1,3,1,0,0,1,1,1,1,1,0
751,l1,male,35,Nagybajcs,Szakorvos ,165,0,2,3,1,1,2,1,1,3,1,1,0,0,118850,1,0,0,1,1,1,0,0,1,0,5,2,0,1,2,0,0,0,3,3,1,2,2,1,1,2,2,1,1,0,1
752,l0,female,33,Nagykanizsa,Lakatos ,175,4,0,4,0,1,1,1,2,2,6,4,0,0,590,0,0,0,0,1,0,1,1,1,1,5,1,0,1,2,0,1,323,2,1,1,2,1,0,0,1,0,0,0,0,3
753,l1,male,46,Nagykanizsa,Lakatos ,165,3,0,4,1,1,1,1,2,3,5,4,0,1,40276,1,0,0,0,1,0,1,1,1,1,5,0,1,1,0,0,4,106,2,1,1,3,1,1,0,1,0,0,1,1,4
754,l1,female,57,Budakeszi,Lakatos ,172,0,0,3,1,1,1,0,9,2,0,1,0,1,0,1,0,1,0,1,0,0,1,1,1,5,1,0,3,2,0,0,512,3,3,1,2,0,1,1,1,0,1,0,0,2
755,l1,male,32,Budakeszi,Lakatos ,172,4,0,3,1,1,1,1,2,0,0,0,0,1,15445145,0,0,0,0,0,0,1,1,1,0,1,3,0,1,1,0,1,0,2,1,1,1,2,1,1,1,0,0,1,1,3
756,l0,male,41,Nagykanizsa,Lakatos ,167,3,0,1,0,1,1,1,1,2,0,0,0,0,141917,1,1,1,1,0,1,0,1,1,1,0,1,0,1,2,0,3,0,2,0,1,0,2,1,0,2,2,1,1,1,0
757,l1,male,32,Nagykanizsa,Lakatos ,166,3,0,3,1,1,1,1,1,3,1,0,0,1,0,1,1,0,1,0,1,0,1,1,0,1,1,0,1,0,1,0,318,1,2,1,1,1,1,1,2,2,1,1,1,1
758,l1,male,30,Nagybajcs,Lakatos ,158,4,0,3,0,1,1,0,2,2,0,0,0,1,433690,1,1,0,0,1,1,0,1,1,1,2,3,0,1,1,0,2,161,2,0,1,3,2,0,0,0,0,0,1,1,4
759,l0,male,46,Nagybajcs,asztalos ,164,0,0,3,1,1,1,1,2,2,0,0,0,1,115457,0,0,0,0,1,1,1,1,1,1,0,2,0,1,2,2,4,29932,2,1,1,1,2,0,1,0,2,0,0,0,4
760,l0,female,36,Nagykanizsa,Lakatos ,169,4,0,4,1,1,1,1,1,3,0,0,0,0,0,1,1,0,0,1,0,0,0,1,0,3,1,0,0,2,0,0,564,2,2,1,3,1,1,0,0,0,0,0,1,1
761,l0,male,29,Nagykanizsa,asztalos ,167,0,0,1,0,1,1,0,1,2,3,1,0,0,156250,1,1,0,0,1,1,0,1,1,0,1,0,0,1,2,0,0,142,2,3,1,1,1,1,0,1,2,2,0,1,1
762,l1,female,65,Budakeszi,Lakatos ,177,3,1,3,0,1,1,1,0,3,0,0,1,1,480260,0,0,0,0,1,1,0,1,1,0,1,1,0,4,2,0,0,159,2,2,1,0,2,1,1,1,2,1,1,1,0
763,l1,female,57,Budakeszi,Szakorvos ,174,3,0,2,1,1,1,1,2,3,1,0,0,1,99566,1,0,0,0,1,1,0,1,1,0,5,0,0,3,4,0,3,0,3,0,1,1,1,1,0,1,2,0,1,1,1
764,l0,male,36,Nagykanizsa,asztalos ,171,1,0,3,1,1,1,1,2,3,2,1,0,1,0,0,0,0,0,0,0,0,1,0,0,1,1,0,0,0,0,3,5819,3,3,1,1,1,0,1,1,0,1,1,1,1
765,l1,female,65,Nagykanizsa,asztalos ,170,3,0,3,1,1,1,1,2,2,1,1,0,0,309578,0,0,1,0,1,0,0,1,1,1,1,1,0,1,0,1,3,124,2,0,1,1,2,1,0,0,0,1,1,0,2
766,l1,female,63,Nagykanizsa,Szakorvos ,173,0,0,4,1,1,1,1,1,3,1,0,0,1,313221,1,1,1,0,1,0,0,1,0,0,0,1,0,0,0,0,0,369,2,1,1,3,2,1,0,1,2,0,0,0,2
767,l1,male,47,Nagykanizsa,Lakatos ,165,3,2,4,1,1,1,1,0,3,1,1,1,1,157141,1,0,1,0,0,1,0,1,1,1,1,1,0,4,0,0,0,6898,2,1,0,1,1,1,1,1,2,1,0,0,2
768,l1,male,60,Nagykanizsa,Lakatos ,164,4,0,3,0,1,1,1,2,0,3,1,0,0,0,1,0,0,1,0,0,0,1,1,1,0,0,0,3,1,4,0,0,1,0,1,3,2,1,0,0,1,0,1,0,2
769,l1,male,53,Budakeszi,asztalos ,167,3,2,3,0,1,1,1,1,2,2,1,0,1,171114,1,0,0,0,1,0,0,1,1,1,1,1,0,1,0,0,4,560,1,1,1,1,2,1,1,2,0,1,0,0,1
770,l1,female,28,Budakeszi,Szakorvos ,184,0,2,3,0,1,1,1,1,2,0,0,0,0,0,1,0,0,0,1,0,0,0,1,0,3,1,0,1,2,0,3,28,2,0,1,3,2,0,0,2,2,0,0,0,3
771,l1,male,64,Budakeszi,Lakatos ,164,1,2,3,1,1,1,1,2,2,0,0,0,1,0,1,1,1,0,1,0,0,1,1,1,0,2,0,0,2,0,3,246,2,1,1,3,2,0,0,1,0,0,1,1,3
772,l0,female,25,Budakeszi,asztalos ,164,4,0,3,1,1,1,1,0,0,2,1,0,0,85005,0,0,0,0,1,1,0,1,1,1,5,1,0,1,2,1,3,149,0,3,1,3,2,1,0,1,0,1,1,1,3
773,l1,male,49,Budakeszi,Szakorvos ,156,0,0,3,0,1,1,1,1,2,0,2,0,0,0,1,0,0,1,0,0,0,0,1,1,3,2,0,1,0,0,4,308,3,3,0,2,1,1,1,2,2,1,1,0,2
774,l0,male,58,Nagykanizsa,asztalos ,170,4,0,2,0,1,1,1,1,2,0,0,0,1,402330,0,0,1,0,1,0,0,0,1,1,5,1,0,1,2,3,3,1187,1,2,1,2,1,1,1,2,0,1,0,0,3
775,l1,male,28,Nagykanizsa,Szakorvos ,173,3,0,3,1,1,1,0,2,2,0,0,0,0,0,1,0,0,0,1,1,1,1,1,0,1,0,0,4,1,0,0,139,3,2,1,2,2,1,1,1,0,1,0,0,3
776,l0,male,50,Budakeszi,Lakatos ,169,0,0,3,1,1,1,1,1,2,2,1,0,0,72443,1,0,0,0,1,0,1,1,1,1,5,1,0,1,2,0,3,256,2,0,1,1,0,1,0,0,2,0,0,0,2
777,l1,male,33,Nagykanizsa,Lakatos ,171,2,0,3,1,1,1,1,2,2,0,0,0,0,64068,1,0,0,0,1,0,1,1,1,1,5,0,0,1,1,0,0,0,2,0,1,2,0,1,1,1,0,0,1,1,1
778,l0,male,44,Nagykanizsa,asztalos ,170,0,0,1,1,1,2,1,1,0,0,0,0,1,251867,0,0,1,0,1,1,0,1,1,1,1,0,0,1,2,0,4,190,1,0,1,3,1,1,1,1,2,1,1,1,1
779,l1,male,62,Nagykanizsa,Szakorvos ,155,3,0,4,1,1,2,1,2,0,1,0,0,1,225546,1,0,0,0,1,0,1,1,1,1,3,0,0,1,3,0,3,0,2,1,1,1,2,1,0,2,1,0,1,1,2
780,l1,male,49,Budakeszi,Szakorvos ,153,0,0,2,1,1,0,1,1,2,5,4,0,1,238683,1,0,0,0,1,0,1,1,0,0,1,1,0,1,0,0,0,334,1,0,0,2,2,1,0,1,2,1,1,1,1
781,l1,male,56,Nagykanizsa,Lakatos ,169,2,0,1,0,1,1,1,3,0,3,1,0,1,180118,1,0,0,0,1,0,0,1,1,0,4,1,0,1,0,3,3,19128,2,0,1,3,2,0,0,1,2,1,1,1,1
782,l0,male,47,Budakeszi,Szakorvos ,167,0,0,3,1,1,1,1,3,3,1,0,0,1,350468,1,1,0,0,1,1,0,1,1,0,1,2,0,1,1,0,4,0,3,0,1,1,2,1,0,0,0,1,1,0,1
783,l0,male,29,Nagykanizsa,asztalos ,166,4,0,3,1,1,1,1,1,0,1,4,0,0,0,1,0,0,0,0,0,1,1,1,1,2,0,0,4,2,0,0,0,2,3,1,3,2,0,0,1,2,1,1,1,1
784,l0,male,35,Nagykanizsa,asztalos ,158,0,2,3,0,1,1,1,1,3,0,0,0,1,100367,0,0,0,0,0,1,1,1,1,0,1,1,0,1,0,0,0,0,2,1,1,0,1,1,0,0,2,0,1,0,1
785,l1,female,57,Budakeszi,Szakorvos ,158,4,0,4,0,1,1,1,1,2,3,4,0,1,510699,1,0,0,1,1,0,1,1,1,0,4,1,0,1,0,1,4,488,2,1,1,3,2,1,1,2,1,0,1,1,2
786,l0,male,36,Nagykanizsa,asztalos ,157,0,0,3,1,1,0,1,1,1,1,0,0,1,204556,1,0,0,0,1,0,1,1,1,0,5,1,0,1,0,1,4,770,1,0,1,3,1,0,0,0,1,0,1,0,3
787,l1,male,34,Nagykanizsa,asztalos ,169,0,0,1,1,1,1,1,3,2,2,0,0,0,296515,0,0,0,1,1,0,0,0,1,0,1,1,0,1,2,0,0,0,3,2,1,1,2,1,0,1,2,0,0,1,0
788,l1,male,60,Budakeszi,asztalos ,158,4,0,3,1,1,1,1,1,0,5,4,0,1,0,1,1,0,0,1,1,1,1,1,1,2,1,0,1,2,1,4,5719,3,3,1,1,0,1,1,1,0,1,0,0,3
789,l1,male,45,Budakeszi,asztalos ,161,0,0,3,0,1,1,1,4,2,2,1,0,0,230514,0,0,1,0,1,1,1,1,1,1,4,1,0,0,0,0,0,0,2,1,1,1,2,0,0,1,1,1,1,0,3
790,l1,male,48,Budakeszi,Lakatos ,176,0,0,4,1,1,1,1,1,2,5,1,0,0,0,1,0,0,0,1,0,0,0,1,1,1,1,0,1,0,3,3,517,3,0,1,1,2,0,1,1,0,0,0,0,2
791,l0,male,33,Budakeszi,asztalos ,173,1,0,3,0,1,2,1,3,2,2,1,0,0,0,0,0,0,0,1,0,1,1,1,0,5,2,1,1,4,0,0,0,2,0,1,3,2,0,0,2,2,0,1,0,1
792,l1,male,62,Nagykanizsa,Lakatos ,155,3,0,3,1,1,1,1,2,2,0,0,0,1,179897,1,1,1,0,1,0,1,1,1,1,5,1,0,0,2,0,0,106,3,3,1,1,2,1,1,1,2,0,0,0,4
793,l1,female,40,Nagykanizsa,Szakorvos ,159,3,0,4,1,1,2,1,2,2,1,0,0,0,77888,1,0,1,0,0,1,1,1,1,0,3,0,0,0,0,0,0,0,2,1,1,1,2,0,0,1,1,0,1,1,1
794,l1,female,62,Nagykanizsa,Szakorvos ,184,4,0,2,1,1,1,1,1,3,0,0,0,0,0,1,0,0,0,1,0,1,1,1,1,1,3,0,1,0,0,3,27611,3,1,1,1,2,1,1,1,1,0,1,1,1
795,l0,female,53,Nagykanizsa,asztalos ,182,3,0,3,1,1,1,1,9,3,4,1,0,0,0,1,0,0,0,1,1,0,0,1,0,5,1,0,0,2,3,3,0,2,1,1,2,0,1,1,1,2,1,1,1,0
796,l1,male,53,Nagykanizsa,Lakatos ,172,1,0,2,1,1,1,1,1,2,11,4,0,1,602743,1,1,1,0,1,1,0,1,1,1,0,1,0,3,2,0,3,818,2,1,1,1,2,0,0,1,0,0,1,0,1
797,l1,male,54,Nagykanizsa,Szakorvos ,161,4,0,0,1,1,2,1,2,0,0,0,0,0,177084,0,1,0,0,1,0,0,0,1,1,1,0,0,1,0,0,1,455,2,1,1,1,0,1,1,0,1,0,1,1,3
798,l0,male,28,Budakeszi,Lakatos ,161,0,0,1,1,1,1,1,1,3,4,1,0,0,0,0,0,1,0,1,1,1,1,1,1,1,1,0,1,0,0,0,451,1,3,1,2,2,0,0,0,0,0,0,0,1
799,l1,female,38,Nagykanizsa,Szakorvos ,188,3,0,3,1,1,1,1,1,0,1,1,0,1,0,0,0,0,0,1,0,0,0,1,1,4,1,1,1,0,1,4,5665,2,1,1,1,0,1,1,2,2,1,0,0,2
800,l1,male,30,Nagykanizsa,Szakorvos ,157,3,0,3,1,1,2,1,2,2,0,0,0,1,464612,1,0,1,1,0,0,0,1,1,0,0,1,1,3,2,0,0,0,3,3,0,2,0,1,0,1,2,1,1,1,2
801,l0,male,60,Nagykanizsa,asztalos ,167,3,0,1,1,1,1,1,1,2,1,0,0,0,0,1,0,0,1,1,1,0,1,1,0,3,2,0,1,0,1,4,814,2,0,1,2,1,1,1,1,1,1,1,1,1
802,l1,male,33,Nagybajcs,Szakorvos ,171,3,0,1,0,1,1,1,1,3,1,1,0,0,149132,1,0,1,0,0,0,0,0,1,0,0,2,0,1,0,0,0,347,2,1,1,1,0,0,0,2,2,1,0,1,1
803,l0,male,44,Nagybajcs,Szakorvos ,161,1,0,3,0,0,1,0,1,2,3,0,0,1,43644,0,0,1,1,1,1,1,0,1,0,1,0,0,1,2,1,0,7121,2,3,1,1,2,1,0,2,2,0,1,0,4
804,l1,male,38,Nagykanizsa,Lakatos ,164,0,2,3,1,1,1,1,1,3,0,0,0,0,0,1,0,0,0,1,0,0,1,1,1,3,1,1,1,0,0,3,0,3,3,1,3,2,0,0,2,2,1,1,1,1
805,l1,male,40,Nagykanizsa,Lakatos ,166,4,0,2,1,1,1,1,2,2,2,1,0,0,0,1,0,1,0,1,1,1,1,0,0,0,1,0,0,1,0,1,177,1,1,1,1,2,0,0,1,0,0,1,1,2
806,l1,female,47,Nagykanizsa,Szakorvos ,182,0,0,2,1,1,1,1,2,2,2,3,0,1,0,1,0,0,1,1,0,0,1,1,1,1,1,0,0,0,0,3,164,1,0,1,3,2,1,1,2,2,0,0,0,4
807,l1,female,38,Nagykanizsa,Szakorvos ,178,4,0,4,1,1,1,1,1,2,5,4,0,1,543769,1,0,0,0,1,0,1,1,1,1,1,1,0,1,2,0,1,570,1,0,1,1,2,0,0,0,0,0,1,0,0
808,l1,male,61,Nagykanizsa,Szakorvos ,162,4,0,4,0,1,1,1,1,3,3,4,0,1,181499,0,0,0,0,1,1,0,1,1,1,2,1,0,0,0,2,4,18391,2,0,0,1,1,1,0,1,2,0,0,0,1
809,l0,male,59,Budakeszi,Lakatos ,175,3,0,4,1,1,1,1,1,2,5,4,0,0,0,0,0,0,0,1,1,1,0,0,0,0,1,0,1,0,0,0,233,1,1,1,1,2,0,0,1,0,1,1,1,2
810,l1,female,52,Budakeszi,Lakatos ,188,0,0,4,1,1,1,1,2,2,3,1,0,1,13113500,1,0,0,1,1,0,0,1,0,0,1,1,0,0,2,0,0,6,2,3,1,1,2,1,1,1,0,0,0,0,3
811,l0,female,44,Nagykanizsa,Szakorvos ,174,4,0,3,1,1,1,1,1,2,2,1,0,0,0,0,0,0,0,1,1,0,1,1,1,5,1,1,1,2,0,4,55742,3,3,1,2,2,0,0,1,0,1,1,1,1
812,l1,male,26,Nagykanizsa,asztalos ,162,4,0,1,1,1,2,1,1,3,4,4,0,1,0,1,0,1,0,0,1,0,1,1,1,0,1,0,0,2,1,3,355,2,1,1,1,2,0,1,0,0,1,1,0,0
813,l0,female,55,Budakeszi,Lakatos ,175,4,0,3,1,1,2,1,2,2,3,4,0,0,0,1,0,1,0,1,0,0,1,1,0,3,2,0,3,1,0,0,54,2,0,1,3,2,0,0,2,1,0,0,0,0
814,l0,male,60,Budakeszi,asztalos ,170,0,0,1,1,1,1,1,2,2,2,1,0,0,322359,1,0,1,0,1,0,0,1,1,0,3,1,0,1,0,3,4,751,2,3,1,1,2,0,0,1,0,0,1,1,1
815,l0,male,47,Budakeszi,asztalos ,172,3,0,3,1,1,1,0,2,2,6,4,0,0,0,1,0,0,0,1,1,0,1,1,0,5,1,0,0,0,0,0,4625,3,1,1,1,2,1,1,0,0,0,0,0,2
816,l1,male,34,Nagykanizsa,Szakorvos ,171,3,1,3,0,1,1,1,2,2,2,1,0,0,438631,0,1,1,0,1,0,0,1,0,0,5,0,1,1,2,0,3,23,3,3,1,3,2,1,1,2,2,1,0,0,3
817,l1,male,56,Budakeszi,Lakatos ,194,0,0,1,1,1,1,1,2,1,4,4,0,0,0,1,0,1,0,0,0,1,1,1,1,3,1,0,0,0,0,4,0,3,1,1,1,1,1,1,1,1,0,0,0,1
818,l0,female,63,Nagykanizsa,Szakorvos ,170,0,0,2,1,1,2,1,2,3,3,4,0,0,362127,1,0,0,0,1,1,1,1,1,0,5,1,1,1,2,0,0,9,2,3,1,1,0,0,1,1,0,0,0,0,1
819,l1,male,38,Nagykanizsa,Szakorvos ,170,0,0,4,1,1,1,1,1,3,2,1,0,1,385988,1,0,1,0,1,1,0,1,1,0,5,1,0,1,0,0,3,0,2,3,1,1,2,1,0,1,0,1,0,0,1
820,l1,male,34,Budakeszi,Szakorvos ,164,4,0,3,1,1,2,1,1,3,3,1,0,0,0,1,0,0,0,0,0,0,1,1,0,1,1,0,4,0,1,1,0,1,3,1,1,2,0,0,1,2,1,1,1,0
821,l1,male,55,Budakeszi,Szakorvos ,167,1,0,3,1,1,1,1,2,2,3,4,0,0,0,1,0,0,0,1,1,1,1,1,1,2,1,0,4,2,0,0,0,2,1,1,0,2,0,0,1,2,1,1,1,2
822,l0,female,35,Nagykanizsa,Lakatos ,168,2,0,1,1,1,1,1,1,3,5,4,0,0,343738,1,1,0,0,1,1,1,1,0,0,1,1,0,3,0,0,0,0,2,3,1,3,1,1,1,1,0,0,1,1,1
823,l1,male,31,Nagybajcs,asztalos ,178,0,0,3,0,1,1,1,3,2,2,1,0,0,0,1,1,1,0,1,0,0,0,0,0,2,1,0,1,0,0,1,545,2,0,1,2,2,1,1,2,2,1,1,0,1
824,l1,male,48,Budakeszi,Lakatos ,157,0,1,3,1,1,1,1,1,2,0,0,0,0,151240,0,0,1,0,1,0,0,1,0,0,5,2,0,4,1,0,3,699,2,3,1,1,2,0,1,0,2,0,1,1,3
825,l1,female,61,Nagykanizsa,Szakorvos ,173,4,0,3,1,1,1,1,4,3,1,0,0,0,235532,0,0,1,0,1,1,1,0,0,0,3,3,0,1,2,1,3,539,3,0,1,1,1,1,1,2,2,0,1,1,3
826,l1,male,42,Nagykanizsa,Lakatos ,172,1,0,4,1,1,1,1,2,2,3,1,0,0,0,1,1,0,0,1,0,0,1,1,0,2,1,0,1,2,1,3,705,3,3,1,1,2,0,1,0,0,0,1,0,1
827,l0,male,63,Nagykanizsa,asztalos ,165,0,0,3,1,1,2,1,2,2,3,1,0,1,408559,1,1,0,0,1,1,0,1,1,0,0,1,0,0,2,0,0,0,3,1,1,1,2,1,0,1,1,1,1,1,4
828,l1,male,37,Budakeszi,Lakatos ,162,4,0,4,1,1,1,1,1,2,3,1,0,0,265064,1,0,0,1,1,1,1,1,1,0,3,0,0,0,1,0,0,723,1,2,1,1,1,0,1,2,2,0,1,0,2
829,l1,female,26,Nagykanizsa,Szakorvos ,173,4,0,3,1,1,1,1,0,0,4,0,0,0,229356,0,0,1,1,1,0,0,1,1,1,1,2,0,1,0,0,0,0,2,1,1,1,2,1,1,2,0,0,1,0,2
830,l1,female,30,Nagybajcs,Szakorvos ,186,0,0,3,1,1,1,1,1,3,1,0,0,0,0,1,0,0,0,1,1,1,0,1,0,5,1,0,0,0,0,0,0,2,1,1,3,1,0,0,2,0,1,1,0,0
831,l1,male,42,Nagykanizsa,Szakorvos ,179,4,0,4,1,1,1,1,1,3,2,1,0,1,217552,0,0,0,0,1,0,0,1,1,1,1,1,0,1,0,0,0,503,2,3,1,2,2,1,1,0,1,0,1,1,1
832,l1,male,61,Budakeszi,Szakorvos ,184,0,0,3,1,1,1,1,2,2,2,1,0,0,19468,1,0,0,1,1,1,0,1,0,0,4,1,0,1,0,1,3,194,2,1,1,3,2,0,0,2,2,1,1,0,1
833,l1,male,42,Nagybajcs,Szakorvos ,163,3,2,3,0,1,2,1,5,2,7,1,0,0,0,1,0,0,0,1,1,0,0,1,0,5,2,0,4,2,1,3,4989,2,0,1,1,1,1,0,1,0,1,1,1,1
834,l1,male,45,Budakeszi,Lakatos ,174,0,0,4,1,1,1,1,1,2,0,0,0,1,12180,0,0,0,0,1,0,1,1,0,0,5,1,0,1,2,2,4,655,3,1,1,1,2,0,0,0,0,1,1,1,4
835,l0,male,52,Budakeszi,asztalos ,160,4,0,3,1,1,1,1,1,2,7,4,0,0,705057,1,0,1,0,1,0,1,1,1,0,1,1,0,1,2,0,1,0,2,3,1,1,2,1,1,1,0,1,1,1,3
836,l1,female,44,Nagykanizsa,Lakatos ,175,0,0,3,1,1,1,1,2,2,0,0,0,0,138033,1,0,1,0,1,0,0,1,0,0,5,1,1,1,2,0,3,0,3,3,1,3,1,0,0,1,2,0,1,1,1
837,l1,male,44,Budakeszi,Lakatos ,184,0,2,3,1,1,1,1,1,2,4,4,0,0,143488,1,0,1,1,1,0,1,1,1,0,5,3,0,1,1,1,4,511,2,0,1,2,2,1,1,2,0,0,0,0,1
838,l1,female,52,Nagykanizsa,Szakorvos ,171,3,0,2,1,1,1,1,1,2,2,0,0,0,0,1,0,0,1,0,1,0,1,1,1,0,0,0,1,2,0,3,0,2,1,1,1,0,0,1,2,2,1,1,1,2
839,l1,female,41,Nagykanizsa,Szakorvos ,178,0,0,4,1,1,1,1,3,3,5,4,0,1,0,0,0,0,0,1,0,0,1,0,1,5,1,0,0,0,0,4,0,2,0,1,1,2,1,0,1,0,0,1,0,1
840,l1,male,48,Budakeszi,asztalos ,173,4,2,3,1,1,2,1,4,2,2,1,0,0,194093,1,1,1,0,1,0,1,1,1,0,1,1,0,1,0,0,1,0,2,1,1,2,2,1,0,2,2,0,1,1,1
841,l1,female,55,Nagykanizsa,Szakorvos ,164,3,2,3,0,1,1,1,1,2,7,4,0,1,378595,0,0,1,0,0,1,0,0,1,1,1,3,0,1,0,1,1,299,2,0,1,1,2,1,1,0,0,0,1,0,3
842,l0,male,38,Budakeszi,asztalos ,171,3,0,3,0,1,1,1,1,2,0,0,0,0,138213,1,0,1,1,1,0,0,1,1,1,3,0,0,4,2,0,0,0,3,1,1,1,2,1,0,1,2,0,1,1,0
843,l1,male,40,Nagykanizsa,Lakatos ,167,1,0,3,0,1,1,1,1,2,1,0,0,1,257902,0,0,0,0,1,0,0,1,0,0,5,2,0,4,0,0,3,0,3,3,1,3,2,1,0,2,2,0,0,0,3
844,l0,male,50,Nagykanizsa,asztalos ,168,3,0,1,1,1,1,1,2,2,1,1,0,1,0,1,0,0,0,1,0,0,1,1,0,5,0,0,0,1,0,3,0,2,1,1,2,1,1,1,1,2,0,0,1,0
845,l1,female,53,Nagybajcs,Szakorvos ,179,0,0,4,1,1,2,1,0,2,1,0,0,1,439835,1,1,1,0,1,0,1,0,0,0,0,2,0,1,0,0,3,182,3,0,1,3,2,1,0,1,0,1,1,0,3
846,l0,male,59,Budakeszi,asztalos ,169,4,0,3,0,1,1,1,1,3,1,0,0,0,0,1,0,0,0,1,0,0,0,0,0,1,0,0,0,0,0,3,482,2,3,1,1,2,0,0,0,0,0,1,1,0
847,l1,male,32,Nagykanizsa,Lakatos ,168,3,0,4,0,1,1,1,2,3,2,1,0,0,0,1,0,0,0,1,1,1,1,1,1,1,0,0,1,2,0,3,4947,3,1,1,1,1,0,0,1,2,1,1,1,1
848,l1,male,52,Nagykanizsa,Szakorvos ,170,0,0,4,0,1,1,1,1,0,2,1,0,0,0,1,0,1,0,1,1,1,1,1,1,1,0,0,1,0,0,0,165,2,1,1,1,1,1,1,1,0,1,1,1,2
849,l0,male,29,Nagykanizsa,asztalos ,164,0,0,1,1,1,1,1,1,2,0,0,0,0,218142,0,0,1,0,1,0,1,1,1,1,5,2,0,1,2,0,4,315,3,0,1,3,2,1,0,0,0,1,1,1,4
850,l0,male,52,Budakeszi,Lakatos ,161,3,0,3,0,1,1,1,2,2,0,0,0,0,0,1,0,0,0,1,0,0,1,1,1,1,3,0,1,2,0,0,0,2,0,1,3,1,1,0,1,2,1,1,1,1
851,l0,male,53,Nagykanizsa,asztalos ,169,4,1,4,1,1,1,0,2,2,1,0,0,0,455964,1,0,1,0,1,1,1,1,1,1,5,1,0,1,0,0,3,462,1,1,1,3,2,0,0,0,0,0,1,0,3
852,l1,male,59,Budakeszi,Lakatos ,167,4,0,4,1,1,2,1,1,2,3,1,0,0,0,1,0,0,1,1,1,0,0,0,0,5,0,0,1,0,1,4,6788,3,3,1,3,0,1,1,2,2,1,1,1,3
853,l0,male,63,Nagybajcs,asztalos ,166,3,0,1,1,1,2,1,1,2,4,1,0,0,37665,1,0,1,0,1,0,1,0,0,0,5,1,0,0,0,2,0,0,3,1,1,1,1,0,1,1,0,0,0,0,3
854,l0,male,59,Nagykanizsa,Lakatos ,161,4,0,3,1,1,1,1,11,0,8,1,0,1,436006,1,0,0,0,1,0,1,1,1,0,1,0,0,1,0,0,3,132,2,3,1,1,1,1,0,0,0,1,1,0,1
855,l0,male,27,Budakeszi,Lakatos ,162,0,0,1,1,1,1,1,0,1,10,4,0,0,0,1,0,1,0,1,0,1,1,1,0,1,0,0,1,0,0,0,362,1,1,1,2,2,1,1,2,2,0,1,0,0
856,l1,male,32,Budakeszi,asztalos ,183,3,0,4,0,1,1,1,2,2,0,0,0,0,0,1,0,0,0,0,1,1,1,1,0,1,0,0,1,0,1,0,145,2,0,1,0,0,0,0,1,0,1,0,0,1
857,l0,male,49,Nagykanizsa,asztalos ,178,4,0,4,1,1,1,1,0,2,3,1,0,1,2563,1,0,0,0,1,1,0,1,1,1,1,1,1,0,2,0,0,0,2,3,1,0,2,0,0,1,0,0,1,0,0
858,l0,female,50,Nagybajcs,asztalos ,168,4,0,1,1,1,1,1,5,2,2,0,0,0,206385,0,0,1,0,1,0,0,1,0,0,1,2,0,1,2,3,4,9298,3,1,1,0,1,1,0,2,0,0,0,0,4
859,l0,female,36,Nagykanizsa,Lakatos ,177,3,0,3,1,1,1,1,2,2,5,4,0,1,151506,0,0,0,0,1,0,0,1,1,1,2,1,1,1,2,0,0,0,3,3,0,1,1,1,1,2,2,0,0,0,2
860,l1,male,60,Budakeszi,Szakorvos ,181,0,0,4,1,1,1,1,1,1,5,4,0,1,0,1,0,0,0,0,0,0,0,1,0,1,1,0,0,2,0,0,0,2,1,1,1,2,0,1,1,2,1,0,0,1
861,l1,male,61,Nagykanizsa,Lakatos ,181,0,0,4,1,1,1,1,3,3,1,1,0,0,0,1,0,0,0,0,0,0,1,1,0,0,1,0,1,0,0,2,157,2,3,1,0,2,1,0,1,0,0,1,1,1
862,l0,female,51,Nagybajcs,Szakorvos ,169,4,0,2,1,1,1,1,0,3,2,4,0,0,197729,0,0,0,0,1,1,1,1,1,1,5,0,0,1,2,1,2,244,2,1,1,1,2,0,0,1,2,0,0,0,1
863,l1,male,60,Budakeszi,Lakatos ,162,4,0,4,0,1,1,1,3,2,0,0,0,0,0,1,0,0,0,1,0,0,1,1,1,5,1,0,1,0,0,1,297,2,1,1,1,1,1,0,1,0,0,1,1,1
864,l1,female,35,Budakeszi,Szakorvos ,177,4,0,2,1,1,2,1,2,3,0,0,0,0,237745,1,0,0,0,1,1,0,1,1,0,5,0,0,1,2,0,1,394,2,2,1,1,1,0,1,1,2,0,1,1,1
865,l1,male,37,Nagykanizsa,Lakatos ,171,0,0,4,1,1,1,1,4,2,0,0,0,0,0,1,0,0,0,1,0,0,1,1,1,0,0,0,1,0,0,4,4924,2,1,0,3,0,0,0,1,0,0,1,0,1
866,l0,male,37,Nagybajcs,Lakatos ,158,3,0,3,0,1,1,1,2,0,0,0,0,1,0,0,0,0,1,1,0,0,1,1,1,2,1,0,1,0,0,0,247,3,1,1,3,1,1,0,2,0,1,1,0,2
867,l1,female,25,Budakeszi,Szakorvos ,162,0,0,3,1,1,2,1,3,2,5,1,0,1,0,1,0,0,0,1,1,0,1,0,0,0,2,0,4,0,0,0,0,2,1,0,2,2,1,0,1,0,0,1,0,0
868,l1,female,43,Nagybajcs,Szakorvos ,168,0,0,2,1,1,2,1,9,2,2,0,0,0,0,1,1,1,0,1,1,1,1,0,0,0,2,0,4,0,0,0,4116,1,0,0,1,0,0,0,1,2,0,1,0,1
869,l1,male,25,Nagykanizsa,Lakatos ,162,3,1,4,0,1,1,1,2,3,5,4,0,0,408521,0,1,0,1,1,0,1,1,1,0,1,0,0,1,2,0,4,0,2,1,1,1,2,0,0,2,2,0,1,0,3
870,l1,male,64,Nagybajcs,asztalos ,165,3,0,3,1,1,1,1,1,2,1,0,0,1,0,1,0,0,0,1,1,0,0,1,1,1,2,0,1,2,3,4,25750,2,1,1,2,2,0,1,1,2,1,1,1,2
871,l0,male,53,Nagykanizsa,asztalos ,174,4,0,1,1,1,2,1,3,2,1,0,0,0,40754,0,0,1,0,1,0,1,1,1,0,1,3,0,4,4,0,0,0,3,1,1,2,1,1,1,1,0,0,1,1,1
872,l0,female,39,Budakeszi,asztalos ,160,4,0,3,1,1,2,1,1,2,2,1,0,0,260122,1,0,0,0,1,0,0,1,1,0,1,1,0,4,2,2,4,778,2,1,0,1,2,0,0,1,2,1,0,1,3
873,l0,male,53,Budakeszi,asztalos ,159,4,0,1,1,1,2,1,3,2,0,0,0,1,382997,0,0,1,0,0,0,1,0,1,0,1,1,0,1,4,0,1,0,2,3,1,1,2,0,0,0,0,1,1,1,1
874,l1,male,42,Nagybajcs,Szakorvos ,163,4,2,4,1,1,1,0,1,2,1,1,0,1,0,1,0,1,1,1,0,1,1,1,0,1,1,0,1,2,0,0,263,2,1,1,1,2,1,1,1,2,0,1,0,1
875,l0,male,28,Nagykanizsa,asztalos ,173,3,0,1,1,1,1,1,1,2,0,0,0,0,0,1,1,0,0,1,0,0,1,1,0,0,1,0,1,2,1,3,200,2,1,1,1,1,0,0,1,1,1,0,1,1
876,l0,male,61,Budakeszi,asztalos ,153,4,2,1,0,1,1,1,1,3,7,1,0,0,57505,0,0,0,0,1,0,1,1,1,0,5,2,0,1,0,0,0,0,1,1,1,3,1,0,0,1,1,0,1,0,1
877,l0,male,28,Nagykanizsa,asztalos ,175,0,0,3,1,1,1,1,0,3,0,4,0,1,0,1,0,0,0,0,1,1,1,1,0,0,1,0,1,0,3,3,267,1,3,1,0,1,1,0,2,1,0,0,0,1
878,l0,female,46,Nagybajcs,Lakatos ,171,1,0,3,1,1,1,1,2,2,2,1,0,0,255334,1,0,0,0,1,1,0,1,1,0,2,1,0,1,0,3,4,8632,3,1,1,3,2,0,0,1,1,1,1,1,1
879,l1,female,49,Nagykanizsa,Szakorvos ,180,3,0,3,1,1,2,1,1,2,1,0,0,0,119450,1,0,0,0,1,0,0,1,0,0,5,1,0,1,0,0,1,0,2,0,1,3,0,1,0,1,2,1,0,0,2
880,l0,male,61,Nagykanizsa,Lakatos ,167,4,0,3,1,1,1,1,1,3,3,4,0,0,286719,1,0,1,0,0,0,1,1,1,0,1,1,0,0,0,0,0,0,3,0,0,2,0,0,0,1,1,1,0,0,1
881,l0,male,35,Nagybajcs,asztalos ,168,0,1,4,1,1,1,1,1,2,3,4,0,1,0,0,0,0,0,1,1,0,1,1,1,3,1,0,1,0,3,3,4931,2,0,1,3,2,0,0,1,2,0,1,0,1
882,l1,male,62,Budakeszi,Szakorvos ,181,0,0,4,1,1,0,1,1,2,2,1,0,1,298633,1,0,1,0,1,1,1,1,1,1,5,1,0,4,0,2,1,5222,2,1,1,3,2,1,0,0,0,1,1,0,2
883,l1,female,30,Budakeszi,Szakorvos ,178,3,0,2,1,1,1,1,1,2,1,0,0,1,281060,0,0,0,0,1,0,0,1,1,1,1,1,1,0,2,0,4,4649,2,1,1,1,2,1,1,0,2,0,1,1,1
884,l1,male,46,Budakeszi,Szakorvos ,170,0,0,3,1,1,1,1,1,2,0,0,0,0,17057,1,0,0,0,1,0,1,0,1,0,0,1,0,1,0,0,2,457,2,3,1,2,2,0,0,1,0,1,0,0,1
885,l1,female,29,Nagybajcs,Szakorvos ,181,0,0,4,0,1,1,1,1,1,0,0,0,1,388529,0,0,1,0,1,0,1,1,1,0,3,1,0,0,0,0,0,361,3,3,1,2,2,0,0,2,2,1,1,1,2
886,l0,female,27,Nagykanizsa,Lakatos ,172,4,1,4,0,1,1,1,1,3,1,1,0,0,0,0,0,0,1,1,0,1,1,1,0,0,1,0,1,0,0,0,389,2,3,1,1,1,1,1,2,2,1,0,0,2
887,l1,male,46,Nagykanizsa,Lakatos ,152,4,0,3,1,1,1,1,1,3,0,0,0,0,112867,1,0,0,1,1,0,1,0,1,1,1,1,0,1,0,0,0,0,2,1,1,2,1,1,1,1,2,1,1,1,4
888,l0,male,55,Budakeszi,asztalos ,162,4,0,3,1,1,1,1,1,2,7,1,0,0,0,1,0,0,1,1,0,0,1,0,0,5,1,1,4,2,0,0,225,3,1,1,3,2,1,0,1,0,1,1,1,0
889,l0,male,46,Nagykanizsa,Lakatos ,170,4,1,3,1,1,2,1,0,0,7,1,0,0,26229,1,0,0,0,1,1,0,1,1,0,0,2,0,4,0,3,4,694,2,1,1,3,2,0,0,1,0,1,0,0,1
890,l1,female,50,Budakeszi,Szakorvos ,181,0,2,4,1,1,1,1,2,2,0,4,0,1,471323,1,0,1,0,1,1,1,1,0,0,1,0,0,1,0,0,0,66,3,0,1,1,2,1,1,2,0,0,1,1,1
891,l1,female,29,Nagykanizsa,Szakorvos ,173,3,0,3,1,1,1,1,2,2,3,1,0,0,0,1,0,1,1,1,0,1,1,1,0,1,2,0,0,2,0,0,230,2,1,1,3,1,0,0,2,2,0,0,0,2
892,l1,male,36,Budakeszi,Szakorvos ,166,4,0,3,1,0,2,1,2,3,5,0,0,1,202250,0,0,0,1,1,1,0,1,1,0,1,1,0,0,2,0,4,562,2,1,1,1,2,0,0,0,2,1,1,0,1
893,l0,female,44,Nagykanizsa,Szakorvos ,179,0,0,0,0,1,1,1,3,2,9,0,0,0,216976,1,0,0,0,1,1,0,1,0,0,5,1,1,1,0,0,0,0,3,3,1,1,2,1,1,0,0,0,0,0,3
894,l0,male,45,Nagykanizsa,asztalos ,168,1,0,3,0,1,1,0,1,0,0,0,0,1,0,1,0,0,0,0,0,0,1,1,0,0,3,0,1,1,0,0,50,3,0,1,1,2,1,0,1,1,0,0,1,1
895,l1,male,25,Nagykanizsa,Szakorvos ,166,4,0,3,1,1,1,1,1,2,2,1,0,0,226374,1,0,1,0,1,1,0,0,1,0,5,1,0,0,2,0,3,236,2,3,1,3,1,0,0,1,2,1,1,0,1
896,l0,male,62,Budakeszi,Lakatos ,161,4,1,1,1,1,2,1,1,3,1,0,0,0,0,1,0,0,0,1,0,0,0,1,1,0,1,0,3,2,0,3,456,2,1,0,1,2,0,0,0,0,1,0,0,1
897,l0,female,43,Budakeszi,Szakorvos ,184,4,0,2,1,1,1,1,2,2,2,1,0,1,572284,0,0,0,0,1,0,0,1,1,1,1,1,0,1,2,0,0,0,2,1,1,3,2,1,0,0,2,0,0,0,4
898,l1,male,56,Budakeszi,Lakatos ,172,0,0,4,1,1,2,1,1,3,1,0,0,0,0,1,0,0,1,1,0,0,1,1,0,5,1,1,1,0,0,1,0,2,1,1,1,2,1,0,1,2,0,1,1,0
899,l0,male,54,Nagykanizsa,asztalos ,163,3,2,3,1,1,1,0,1,0,1,0,0,1,543348,1,1,1,0,1,0,0,1,1,0,5,1,0,1,0,3,4,25961,2,1,1,1,1,0,0,1,0,0,1,0,1
900,l1,male,49,Nagykanizsa,asztalos ,157,0,0,4,1,1,2,1,1,2,3,1,0,0,20776,1,0,0,0,1,1,0,1,1,0,5,2,0,1,0,2,4,895,1,0,1,1,0,0,0,0,0,1,1,1,1
901,l1,male,32,Nagykanizsa,asztalos ,179,4,0,3,0,1,1,1,1,0,3,1,0,0,0,1,0,0,0,1,0,0,1,1,0,5,1,0,1,0,0,0,656,2,1,1,1,2,1,0,1,2,0,0,0,2
902,l1,male,55,Nagykanizsa,Lakatos ,161,1,1,4,0,1,1,1,1,2,2,1,0,0,146447,0,0,0,0,1,0,0,1,1,0,5,1,0,0,2,1,0,220,1,1,1,2,1,0,0,1,0,1,1,1,1
903,l0,female,25,Budakeszi,Lakatos ,180,0,0,4,1,1,1,1,1,3,2,1,0,0,0,1,0,0,0,1,1,0,1,1,1,2,1,0,1,4,2,0,775,3,2,1,0,1,0,0,1,0,1,0,0,0
904,l1,female,55,Nagykanizsa,asztalos ,166,4,0,3,0,1,1,1,2,2,1,1,0,0,0,1,0,0,0,1,1,0,1,1,1,1,2,0,1,1,0,4,0,3,3,1,2,2,0,0,0,0,0,1,0,0
905,l1,male,61,Nagykanizsa,Szakorvos ,175,0,2,4,1,1,1,1,0,3,2,0,0,0,171557,1,0,0,0,0,1,0,0,0,0,1,0,0,1,0,0,0,0,2,2,1,1,2,1,0,1,0,1,1,1,0
906,l1,male,48,Nagybajcs,Lakatos ,170,3,0,4,1,1,1,1,0,2,0,0,0,0,446953,1,0,0,0,1,1,0,0,1,1,5,2,1,1,0,0,0,677,1,3,1,3,1,1,0,1,2,0,1,1,2
907,l1,female,55,Nagykanizsa,Lakatos ,175,0,0,4,1,1,1,1,1,3,1,0,0,1,863979,1,0,0,1,1,0,1,0,1,0,0,1,1,1,2,0,3,501,2,3,1,2,1,1,0,1,2,0,0,0,1
908,l1,female,45,Nagykanizsa,Szakorvos ,178,0,0,2,0,1,1,1,11,3,3,4,0,0,12736,1,0,0,0,1,0,0,0,1,0,3,3,0,3,0,0,0,0,3,0,1,2,0,0,0,2,0,0,1,0,3
909,l0,male,62,Budakeszi,asztalos ,172,4,0,3,0,1,1,1,2,2,1,1,0,0,301639,1,0,0,0,1,1,0,0,1,1,1,1,0,1,0,0,0,0,3,1,1,2,2,0,0,0,0,0,0,0,2
910,l0,male,39,Nagykanizsa,Lakatos ,171,4,0,1,0,0,2,1,1,3,2,4,0,1,110401,1,0,0,0,1,1,1,1,1,1,3,3,1,4,1,0,4,506,2,3,1,1,2,1,0,0,1,0,1,1,1
911,l1,female,54,Budakeszi,Szakorvos ,175,1,0,4,0,0,0,1,1,2,4,0,0,0,361518,1,0,0,0,1,1,0,1,1,0,3,1,0,1,0,2,3,28839,0,0,1,3,2,1,1,1,2,0,1,1,1
912,l1,female,28,Budakeszi,Szakorvos ,165,0,0,3,1,1,1,1,2,2,3,1,0,1,136919,1,0,0,0,1,1,1,1,1,1,1,1,0,1,4,0,0,60,1,1,1,3,1,1,0,1,2,0,1,0,1
913,l0,female,28,Nagykanizsa,Lakatos ,177,4,1,4,1,1,2,1,2,2,1,1,0,0,770622,1,1,0,0,1,1,0,1,1,0,1,1,0,1,2,1,3,674,2,1,1,3,2,0,0,2,1,0,0,0,3
914,l0,male,43,Nagykanizsa,asztalos ,164,2,0,3,1,1,2,1,1,0,3,1,0,0,47325,0,0,0,0,1,1,0,0,1,0,2,1,0,1,1,0,1,687,3,1,1,3,2,1,1,1,0,1,0,0,1
915,l0,male,52,Nagykanizsa,asztalos ,159,3,0,3,0,1,1,1,1,2,0,0,0,1,172944,0,0,0,0,1,1,0,0,1,0,4,1,0,3,1,1,3,1036,2,1,1,2,2,0,0,1,1,1,1,1,3
916,l1,female,37,Nagybajcs,Szakorvos ,177,4,0,4,0,1,1,1,2,2,2,0,0,1,76341,1,0,1,0,0,0,1,0,0,0,2,1,0,4,2,0,3,0,2,1,1,2,1,1,0,2,0,0,1,0,1
917,l1,female,61,Budakeszi,Lakatos ,172,4,0,3,1,1,2,0,2,0,2,0,0,0,129952,1,0,0,0,1,0,0,1,1,1,5,1,0,0,2,0,1,15695,3,0,1,3,2,1,1,1,0,1,1,1,1
918,l1,male,65,Nagykanizsa,Lakatos ,177,3,0,3,1,1,1,1,7,3,7,4,0,1,747975,1,0,1,0,1,1,0,1,0,0,1,2,0,1,2,0,3,24928,1,0,1,1,2,0,0,1,0,0,1,1,3
919,l0,male,41,Budakeszi,asztalos ,168,4,0,3,1,1,1,1,2,2,1,1,0,1,74117,0,0,0,0,1,0,1,1,1,1,0,1,0,4,2,3,4,523,2,3,1,0,2,0,0,1,0,1,0,0,4
920,l1,male,40,Budakeszi,asztalos ,175,3,0,4,1,1,1,1,1,3,11,4,0,0,178985,0,0,1,0,0,1,1,1,1,0,3,1,0,1,0,0,0,502,2,3,1,1,2,1,0,1,2,1,1,0,0
921,l1,female,60,Nagykanizsa,asztalos ,180,4,0,4,0,1,1,1,2,2,1,0,0,1,16722704,0,0,1,0,1,0,0,1,1,0,3,2,0,0,0,1,4,819,2,0,1,3,1,0,0,0,1,0,0,1,4
922,l0,male,29,Nagykanizsa,Lakatos ,169,4,0,3,1,1,1,1,2,3,0,0,0,1,284831,1,0,0,0,0,0,1,1,1,1,2,0,0,1,0,0,3,0,3,1,1,1,2,1,1,1,0,0,1,1,0
923,l0,female,38,Nagybajcs,Lakatos ,180,3,0,4,1,1,1,1,1,2,0,4,0,0,0,1,0,0,0,0,0,0,0,0,0,0,1,0,1,0,0,0,385,2,1,0,1,2,1,1,2,1,1,1,1,1
924,l1,female,48,Nagykanizsa,Lakatos ,162,1,2,3,1,1,1,0,2,2,3,1,0,1,299124,1,0,1,0,1,0,0,1,1,0,1,2,0,1,0,0,2,0,1,0,1,1,2,0,0,0,0,1,1,0,1
925,l0,male,43,Nagybajcs,asztalos ,170,1,0,1,1,1,1,1,2,0,2,0,0,1,0,1,0,0,0,1,1,1,1,1,0,2,2,0,4,2,0,3,558,3,1,1,1,2,1,1,1,0,0,1,0,2
926,l1,male,46,Nagykanizsa,Szakorvos ,163,4,0,2,0,1,1,1,2,0,0,0,0,0,749630,1,0,0,0,1,1,1,1,1,1,1,1,0,1,0,0,0,0,1,1,1,1,2,0,0,1,2,1,1,0,1
927,l1,female,35,Nagykanizsa,Szakorvos ,163,3,0,3,1,1,0,0,4,3,1,0,0,1,71338,1,0,1,1,1,0,0,1,1,1,4,1,0,1,0,2,4,400,2,1,1,1,1,1,1,1,2,0,1,1,3
928,l1,female,52,Nagybajcs,asztalos ,183,1,0,1,1,1,1,1,1,3,1,1,0,0,746655,1,0,0,1,0,1,0,1,0,0,3,2,0,1,2,3,4,35803,1,0,1,1,0,1,1,2,0,0,0,0,3
929,l1,female,45,Nagykanizsa,Szakorvos ,178,0,0,3,1,1,2,1,1,3,1,1,0,1,115107,0,0,0,1,0,0,1,1,1,0,1,1,1,4,0,0,3,0,2,2,1,0,1,0,0,1,2,0,0,1,2
930,l0,female,39,Budakeszi,asztalos ,160,2,2,1,1,1,3,1,2,2,0,0,0,1,0,1,0,1,0,0,0,1,0,1,1,5,2,1,1,3,0,3,55215,3,1,1,2,2,0,0,0,2,1,0,0,1
931,l1,female,41,Nagybajcs,Lakatos ,173,4,0,4,0,1,1,1,3,2,1,0,0,0,125465,0,0,1,0,1,1,0,1,1,1,3,1,0,1,2,0,0,351,3,3,1,3,0,1,1,1,0,1,1,1,1
932,l1,male,47,Nagykanizsa,Lakatos ,158,3,0,3,1,1,1,1,1,0,1,0,0,0,354162,1,0,0,0,1,0,1,1,0,0,1,0,0,4,0,0,0,0,3,3,1,3,2,0,0,1,0,0,1,0,2
933,l0,male,64,Nagybajcs,Lakatos ,175,4,0,2,0,0,1,1,1,0,0,0,0,0,144052,1,0,0,0,1,1,1,1,1,0,1,1,1,1,0,0,3,102,1,1,1,3,0,0,0,1,0,1,1,1,0
934,l1,male,33,Budakeszi,asztalos ,164,0,0,3,1,1,1,1,1,3,2,1,0,0,338341,1,0,1,0,1,0,1,1,1,1,5,1,0,1,0,3,4,8225,2,3,1,1,1,1,0,0,0,0,1,1,1
935,l1,male,59,Budakeszi,Lakatos ,176,3,0,0,1,1,2,1,4,2,7,2,0,1,177929,0,0,0,1,0,1,0,1,1,1,1,1,0,1,2,1,3,4403,2,1,0,1,1,0,1,1,2,0,0,0,1
936,l1,male,30,Budakeszi,Lakatos ,168,4,0,1,1,1,1,1,1,2,1,1,0,0,117204,0,0,1,0,1,0,1,1,1,0,5,3,0,1,4,2,0,461,3,0,1,3,1,1,0,1,2,0,1,1,4
937,l0,male,58,Budakeszi,asztalos ,170,1,0,3,1,1,1,1,2,3,10,4,0,1,363618,1,0,1,0,0,1,1,1,0,0,1,1,0,0,0,3,4,139,1,0,1,1,0,0,0,1,0,1,0,0,1
938,l1,male,46,Nagykanizsa,Lakatos ,186,0,1,3,0,1,1,0,1,3,5,4,0,1,256911,1,0,1,0,1,0,1,0,1,1,1,1,0,4,0,0,2,197,2,0,1,1,2,1,0,1,0,0,1,1,3
939,l1,male,47,Nagykanizsa,asztalos ,162,4,0,3,1,1,1,1,2,2,7,4,0,1,498524,1,0,0,1,1,0,0,1,0,0,1,0,1,1,0,0,1,702,3,3,1,1,0,1,0,1,2,0,1,0,1
940,l1,male,63,Nagybajcs,asztalos ,162,4,0,1,0,1,1,1,1,3,5,4,0,1,455553,0,0,1,0,1,1,1,1,1,1,5,1,0,1,2,0,0,0,2,1,1,3,2,0,0,1,0,0,1,1,3
941,l1,male,50,Budakeszi,Szakorvos ,165,3,2,3,1,1,1,0,2,0,1,1,0,0,180900,0,0,1,0,1,1,0,0,1,1,5,0,0,0,0,0,3,0,2,2,1,3,2,1,0,0,0,0,0,0,0
942,l0,male,54,Budakeszi,asztalos ,176,4,2,2,0,1,1,1,2,2,1,0,0,0,164870,1,0,0,1,0,1,0,1,1,0,1,2,0,1,0,1,4,692,1,1,1,0,1,0,1,1,2,0,1,0,1
943,l1,male,60,Nagykanizsa,Lakatos ,181,0,0,3,1,1,1,1,1,3,4,1,0,1,288206,1,0,1,0,1,0,0,1,1,1,5,1,0,4,4,2,1,3999,2,1,1,3,1,0,0,1,2,1,0,1,4
944,l1,female,32,Nagykanizsa,Lakatos ,175,4,2,3,0,1,1,1,2,2,0,0,0,1,162840,1,0,0,0,1,1,0,0,1,0,3,0,0,1,2,0,4,201,2,3,1,2,2,1,1,1,2,0,1,1,0
945,l1,male,39,Budakeszi,asztalos ,158,4,0,1,0,1,1,1,1,2,5,4,0,1,629661,1,0,0,0,1,0,0,0,0,0,5,2,0,0,1,0,0,261,2,1,1,1,1,1,0,1,1,1,0,0,3
946,l1,female,26,Nagybajcs,Szakorvos ,173,0,2,4,1,1,1,1,4,2,2,1,0,1,298593,1,0,0,1,0,1,0,1,1,0,2,2,0,1,0,3,3,686,3,2,0,1,0,1,1,1,2,0,0,0,1
947,l1,female,60,Nagykanizsa,Szakorvos ,168,0,2,4,0,1,1,1,1,2,2,1,0,0,192060,1,1,0,0,1,0,0,1,1,1,1,1,0,1,2,0,3,142,3,0,1,3,0,0,0,1,0,0,0,0,1
948,l1,female,38,Nagykanizsa,Lakatos ,167,4,2,4,1,1,1,1,2,2,0,0,0,0,150661,0,0,0,0,1,0,0,1,1,0,5,1,0,3,0,0,0,0,2,1,1,3,1,1,0,2,2,0,0,0,1
949,l0,male,60,Budakeszi,asztalos ,172,0,0,0,1,1,1,1,2,2,3,1,0,0,0,0,0,0,0,1,1,0,1,1,0,3,1,0,4,0,4,3,554,2,3,1,1,2,0,0,1,0,0,1,1,1
950,l0,male,43,Budakeszi,Lakatos ,185,3,0,3,1,1,1,1,2,0,2,1,0,0,115413,0,0,0,1,1,1,0,1,1,1,5,1,1,4,2,0,3,28387,3,3,1,1,2,1,0,2,2,0,0,0,3
951,l0,male,35,Budakeszi,asztalos ,165,4,0,1,1,1,1,1,1,3,0,0,0,1,117682,1,0,0,0,1,0,0,1,1,1,1,1,0,3,4,3,4,932,1,2,1,1,2,1,1,2,2,1,1,0,1
952,l1,male,65,Nagykanizsa,asztalos ,160,4,0,1,1,1,1,1,2,3,0,0,0,1,0,0,1,0,1,0,0,0,1,0,0,0,0,0,1,1,0,1,319,3,1,1,1,2,1,1,2,2,0,1,1,3
953,l0,male,42,Nagykanizsa,asztalos ,182,4,0,3,0,1,1,1,1,2,3,4,0,0,0,0,0,0,0,1,1,1,1,1,0,4,0,0,1,2,1,3,285,3,0,1,2,0,0,0,2,0,0,0,0,1
954,l1,male,28,Nagykanizsa,Szakorvos ,158,0,0,3,0,1,1,1,1,2,1,0,0,1,146980,1,0,0,0,1,0,1,1,1,0,5,1,0,1,0,0,4,0,2,1,1,3,0,0,0,2,1,0,0,0,2
955,l1,female,58,Budakeszi,Szakorvos ,173,0,0,4,1,1,1,1,1,3,11,1,0,0,585781,1,0,1,1,1,1,1,1,1,0,2,2,0,1,0,3,0,493,1,2,0,1,2,1,0,1,0,1,1,1,1
956,l1,female,35,Nagykanizsa,Lakatos ,179,1,1,2,1,1,1,1,2,2,5,4,0,1,27983,1,0,0,0,1,0,1,1,1,0,3,2,1,3,0,0,0,397,3,1,1,1,2,0,0,1,0,0,1,1,3
957,l1,male,60,Nagykanizsa,Lakatos ,163,3,0,4,1,1,1,1,1,0,0,0,0,1,184270,1,0,0,0,1,0,0,1,1,1,1,1,0,1,4,0,0,464,3,1,1,3,2,1,0,1,1,1,1,0,1
958,l0,male,38,Nagykanizsa,asztalos ,165,3,0,3,1,1,1,1,1,3,2,1,0,0,106164,1,1,1,0,1,0,0,1,1,0,5,1,0,0,0,0,0,0,3,3,1,1,1,0,0,1,0,0,0,0,2
959,l0,male,59,Nagykanizsa,Lakatos ,171,0,0,1,1,1,1,1,2,2,0,0,0,1,180321,1,0,1,0,0,0,0,1,1,1,1,1,0,1,2,0,0,424,2,1,1,1,1,1,0,1,0,1,0,0,2
960,l1,female,40,Nagykanizsa,Szakorvos ,197,4,0,4,1,1,1,1,1,2,14,0,0,0,538399,1,0,0,0,0,0,0,1,1,0,0,1,0,1,0,3,4,4615,2,1,1,0,2,1,1,1,0,1,1,0,1
961,l0,male,36,Nagykanizsa,asztalos ,159,4,0,1,1,1,1,1,1,3,2,4,0,0,0,0,0,0,0,1,1,0,0,1,1,5,1,0,1,0,2,2,643,2,2,1,1,0,1,1,2,2,1,0,0,1
962,l1,male,54,Nagykanizsa,asztalos ,168,3,2,3,1,1,1,1,2,2,0,0,0,1,76486,1,0,0,0,1,0,1,1,0,1,3,1,1,0,4,0,0,0,3,3,1,1,2,0,0,1,1,0,1,1,2
963,l1,male,56,Nagykanizsa,Lakatos ,170,3,0,3,0,1,2,1,2,2,1,0,0,1,184412,1,0,1,0,0,0,0,1,1,0,0,0,1,3,2,0,0,0,3,1,1,1,1,1,1,0,0,1,1,0,3
964,l0,male,26,Budakeszi,Szakorvos ,159,4,0,3,0,1,1,1,1,2,0,0,0,0,15765,1,0,0,0,0,0,0,1,1,0,2,1,0,4,0,1,4,457,2,3,1,0,1,1,1,1,0,1,0,0,4
965,l1,female,25,Budakeszi,Lakatos ,164,3,0,2,1,1,1,1,2,0,0,0,0,1,479763,1,0,1,0,0,0,0,1,1,0,3,1,0,1,0,0,0,944,2,3,1,0,0,0,0,2,0,1,0,0,1
966,l1,male,64,Budakeszi,Szakorvos ,168,0,0,2,1,1,1,1,1,3,2,0,0,1,70372,0,0,1,1,1,1,1,1,1,0,1,0,0,4,0,0,0,80,2,0,1,3,1,1,0,1,1,0,1,0,1
967,l0,male,30,Nagykanizsa,asztalos ,178,3,1,1,0,1,1,1,1,1,2,1,0,0,170496,1,1,0,1,0,0,1,1,0,0,5,0,1,1,0,1,3,356,2,3,0,2,2,1,1,2,0,1,1,1,1
968,l1,female,52,Budakeszi,asztalos ,181,0,1,3,0,1,1,1,2,0,0,4,0,0,684425,1,1,0,0,1,1,1,1,0,0,5,3,0,1,2,3,3,24554,1,0,1,3,1,1,0,0,0,0,0,0,1
969,l1,male,64,Nagybajcs,asztalos ,167,4,2,3,1,1,1,1,1,2,1,4,0,1,30452,1,0,0,0,1,0,0,1,0,0,5,1,0,0,2,0,3,73,3,3,1,3,1,0,0,2,2,0,1,1,1
970,l0,male,35,Nagykanizsa,Lakatos ,173,4,0,1,0,1,1,1,1,3,1,1,0,0,112844,1,0,0,0,1,0,0,0,0,0,3,1,0,0,2,0,0,0,2,1,1,3,2,0,0,0,0,1,0,0,1
971,l0,male,35,Nagykanizsa,Lakatos ,165,3,0,1,1,1,1,1,1,2,3,1,0,0,92005,1,0,1,0,1,0,0,1,1,1,2,1,0,1,2,1,2,340,1,1,1,3,2,1,0,1,2,1,0,0,1
972,l0,male,54,Nagybajcs,asztalos ,171,1,0,3,1,1,2,1,1,2,1,0,0,1,146569,0,0,1,0,0,1,0,1,0,0,0,1,0,3,0,0,4,114,2,1,1,1,1,1,1,1,1,0,1,0,2
973,l0,female,27,Nagykanizsa,asztalos ,158,0,1,3,0,1,1,1,1,0,7,4,0,0,0,0,0,0,0,1,1,1,0,1,0,1,1,0,1,2,2,4,788,1,1,1,3,2,1,0,1,2,1,1,1,0
974,l1,female,63,Nagykanizsa,Lakatos ,173,3,0,1,1,1,1,1,1,3,1,4,0,0,340246,1,1,0,1,0,0,1,1,0,0,0,2,0,1,2,0,4,5915,2,3,1,1,1,1,0,2,2,0,1,1,2
975,l0,male,49,Budakeszi,asztalos ,170,1,2,0,1,1,1,1,2,2,1,0,0,1,0,1,0,0,1,0,1,0,1,1,1,0,2,0,1,4,0,3,81,2,0,1,2,2,1,1,1,0,1,1,0,2
976,l0,female,28,Nagybajcs,Szakorvos ,176,2,0,3,1,1,2,1,2,2,1,1,0,0,20629,1,0,0,0,1,0,1,1,1,0,5,1,0,4,2,2,4,548,2,1,1,3,2,1,1,1,0,0,1,1,1
977,l0,male,45,Nagybajcs,Szakorvos ,157,4,0,3,1,1,1,1,2,3,2,4,0,0,0,1,0,0,0,0,0,1,1,1,0,1,1,0,1,0,0,0,208,1,0,0,1,2,1,1,2,1,1,1,1,1
978,l1,male,60,Nagykanizsa,Lakatos ,164,3,0,4,1,1,2,1,0,3,1,0,0,1,0,1,0,0,0,1,1,0,1,1,1,4,0,0,3,0,0,3,127,1,1,1,3,0,0,0,1,0,1,0,0,3
979,l0,female,39,Budakeszi,asztalos ,176,3,0,2,1,1,1,1,3,3,7,1,0,0,0,1,1,0,0,1,0,0,0,1,0,2,0,0,0,2,0,0,161,1,2,1,2,2,0,0,1,0,1,0,0,1
980,l1,female,42,Budakeszi,Szakorvos ,161,4,2,4,0,1,1,0,2,2,3,1,0,0,0,1,0,0,0,0,0,0,0,1,0,0,1,0,1,0,0,3,0,3,3,1,1,1,1,1,1,0,1,1,1,2
981,l1,male,46,Nagybajcs,Szakorvos ,164,0,0,2,1,1,1,1,2,3,6,0,0,1,279913,1,0,1,0,1,0,0,1,1,1,5,3,0,1,0,1,0,714,3,1,1,2,1,1,1,0,2,1,1,0,3
982,l0,male,45,Budakeszi,Szakorvos ,151,4,0,2,1,1,2,1,1,2,3,1,0,0,0,1,0,1,0,1,1,0,0,1,0,5,2,0,1,0,0,1,474,3,3,1,2,0,1,1,0,0,0,1,1,1
983,l1,female,32,Nagykanizsa,Lakatos ,171,4,0,4,1,1,1,1,2,3,14,4,0,0,365331,1,0,0,1,1,1,1,1,1,1,3,2,0,1,0,0,0,690,1,0,0,1,2,1,0,1,1,0,1,1,1
984,l1,male,35,Budakeszi,Szakorvos ,169,0,1,3,0,1,1,1,2,2,10,4,0,0,0,0,0,0,1,1,0,1,0,0,0,5,1,0,4,0,0,0,89,2,3,1,1,0,1,0,2,2,1,1,1,1
985,l1,male,47,Budakeszi,Lakatos ,176,1,0,3,1,1,2,1,1,3,0,0,0,0,398189,0,0,1,0,1,0,1,1,1,1,1,1,0,1,2,0,3,906,2,1,1,1,1,0,0,1,0,0,0,0,3
986,l1,male,37,Nagykanizsa,Lakatos ,166,3,0,4,1,1,1,1,1,0,0,0,0,1,303847,1,0,0,0,1,0,0,1,0,0,0,0,0,4,0,0,3,0,2,1,1,2,0,0,0,1,0,1,1,0,1
987,l1,male,65,Nagykanizsa,Lakatos ,159,4,2,3,1,1,2,1,1,3,2,1,0,0,94497,1,0,0,0,1,0,0,1,0,0,5,1,0,1,2,0,0,259,2,1,1,3,1,0,0,1,0,0,1,1,1
988,l1,male,65,Nagykanizsa,Szakorvos ,166,0,2,3,0,1,1,1,2,3,5,4,0,0,100301,0,0,0,0,1,1,1,0,1,1,3,1,0,1,0,0,0,215,2,3,1,3,2,1,1,1,2,0,1,0,4
989,l1,male,29,Nagykanizsa,Lakatos ,162,1,0,2,1,1,2,1,2,2,3,1,0,1,210275,1,0,1,0,0,0,1,1,1,1,5,0,0,1,2,1,4,8686,2,1,1,3,1,1,0,0,0,1,0,0,3
990,l1,male,62,Nagykanizsa,Lakatos ,170,4,2,4,0,1,1,0,2,3,0,0,0,1,0,0,1,0,0,1,0,0,1,0,0,1,1,0,4,0,0,3,0,2,0,1,2,1,1,0,1,1,0,1,0,3
991,l1,male,36,Nagybajcs,Szakorvos ,162,0,0,3,1,1,1,1,1,2,2,1,0,0,0,1,0,0,1,1,0,1,1,1,1,1,1,0,1,2,1,1,450,2,3,1,3,1,1,1,1,0,1,1,1,0
992,l1,male,49,Nagybajcs,Szakorvos ,168,4,0,0,1,1,1,1,2,2,4,4,0,1,316079,0,0,1,0,1,1,1,1,1,1,5,0,0,1,0,2,3,386,3,0,1,3,2,1,1,1,2,1,1,1,1
993,l1,female,60,Nagykanizsa,Szakorvos ,175,3,0,3,1,1,1,1,1,2,1,0,0,0,458386,1,1,1,1,1,0,0,1,1,0,0,1,0,1,2,0,4,178,2,0,1,2,2,1,1,2,2,1,1,1,1
994,l0,male,38,Budakeszi,asztalos ,152,3,0,3,1,1,1,1,2,1,3,1,0,1,0,0,0,1,0,0,1,0,1,1,1,1,1,1,1,2,0,0,0,3,3,0,2,0,0,1,1,0,1,0,0,1
995,l0,male,55,Budakeszi,Lakatos ,170,3,0,1,1,1,1,1,2,2,2,1,0,0,162779,1,0,0,0,1,1,0,0,1,1,1,2,0,4,2,0,3,427,2,1,1,3,1,0,0,1,2,0,0,0,1
996,l1,male,59,Budakeszi,asztalos ,171,3,0,3,1,1,1,1,1,2,1,0,0,0,0,1,0,0,0,1,1,1,1,1,1,0,1,0,1,0,0,0,50,2,1,1,1,2,0,0,0,0,1,1,1,2
997,l1,male,60,Budakeszi,asztalos ,168,0,0,3,0,1,1,1,1,2,4,4,0,1,0,1,0,0,0,1,0,0,1,1,1,1,1,0,1,2,0,0,414,2,1,1,1,1,0,0,1,2,0,0,0,1
998,l0,male,25,Budakeszi,asztalos ,172,3,2,3,1,0,2,1,6,3,0,0,0,0,313909,1,0,0,0,1,0,0,1,1,1,5,1,0,1,0,0,3,334,1,0,1,3,0,0,0,1,0,0,0,0,1
999,l0,female,57,Nagykanizsa,Szakorvos ,171,0,0,3,0,1,1,1,1,1,1,0,0,0,133744,1,1,0,0,1,0,0,1,1,1,0,2,0,1,1,0,1,62,3,3,1,1,2,1,0,2,0,1,0,0,3
1000,l0,male,46,Budakeszi,Lakatos ,169,3,0,3,1,1,2,1,1,2,0,0,0,0,0,1,1,0,0,1,1,0,1,1,1,5,1,0,1,0,0,3,0,1,0,1,3,1,1,1,1,0,0,0,0,1
1001,l0,male,59,Nagykanizsa,asztalos ,152,1,2,3,1,1,1,1,1,3,1,0,0,1,504022,1,1,1,0,0,1,0,1,1,1,2,1,0,1,0,0,0,0,2,1,0,1,0,1,1,1,0,1,0,0,3
1002,l1,male,62,Nagykanizsa,Lakatos ,169,4,0,3,1,1,1,1,1,3,1,0,0,0,0,1,0,0,0,1,0,1,1,1,0,3,2,0,1,0,0,0,0,2,0,1,0,1,0,0,1,0,1,1,1,2
1003,l0,male,27,Nagykanizsa,asztalos ,173,0,0,3,0,1,1,1,1,0,2,0,0,0,48352,1,0,0,0,1,0,0,1,1,0,1,1,0,1,2,0,0,0,2,1,1,2,2,0,0,1,2,1,1,1,0
1004,l0,male,51,Nagybajcs,Lakatos ,175,0,0,3,1,1,1,1,0,2,5,1,0,0,248270,0,0,0,0,1,1,0,1,1,0,1,1,1,3,0,1,4,1056,3,1,1,1,1,0,0,1,0,0,0,0,2
1005,l1,male,59,Budakeszi,asztalos ,159,0,2,3,1,1,1,1,1,2,1,0,0,0,88359,0,0,1,0,1,1,0,0,1,1,1,1,0,4,0,0,4,440,2,0,1,1,1,0,0,1,1,0,1,1,1
1006,l0,male,31,Nagykanizsa,asztalos ,159,3,0,4,0,1,1,1,2,3,7,4,0,0,326679,1,0,0,0,0,1,0,1,1,0,5,0,0,0,2,0,0,165,3,1,0,1,2,1,0,1,1,0,1,1,1
1007,l0,male,39,Budakeszi,asztalos ,169,3,0,3,1,1,1,1,1,2,0,0,0,1,280532,1,0,0,0,1,1,1,1,1,1,5,1,0,1,0,0,0,382,2,1,1,3,2,1,1,1,0,1,1,1,1
1008,l0,male,61,Budakeszi,Lakatos ,165,4,0,3,0,1,1,1,2,3,0,0,0,1,44309,1,1,0,1,0,0,0,1,0,0,1,1,0,4,1,0,0,526,3,3,1,1,1,1,1,1,1,1,1,1,2
1009,l0,female,47,Budakeszi,Szakorvos ,181,4,0,3,1,1,2,1,2,2,2,0,0,1,550408,0,0,0,0,1,0,0,1,0,0,1,1,0,4,0,0,0,0,2,1,1,1,2,0,0,1,2,1,0,0,0
1010,l1,male,57,Budakeszi,Lakatos ,173,0,1,1,1,1,2,0,2,2,0,0,0,1,255350,1,1,1,1,1,0,0,1,1,0,0,1,1,0,0,0,0,233,2,3,1,1,1,0,0,1,2,1,1,1,1
1011,l0,female,43,Nagykanizsa,Szakorvos ,163,4,0,3,1,1,1,1,2,3,8,4,0,0,85979,0,1,1,0,1,0,0,1,1,1,0,1,0,3,4,0,3,57,3,1,1,1,2,0,0,1,0,1,1,1,1
1012,l0,male,41,Nagykanizsa,Lakatos ,178,4,0,1,1,1,1,1,1,2,0,0,0,1,0,1,0,0,0,1,1,0,1,0,0,5,1,0,1,2,0,0,600,2,3,1,1,1,0,0,1,0,1,1,1,1
1013,l1,male,56,Nagybajcs,asztalos ,167,4,2,1,1,1,1,1,2,0,0,0,0,0,202849,1,0,0,0,1,0,0,1,1,1,5,1,0,1,0,3,3,0,2,1,1,2,2,1,0,1,0,0,1,0,1
1014,l0,male,38,Nagykanizsa,asztalos ,173,3,0,3,1,0,2,1,0,1,3,1,0,0,0,1,0,0,0,1,1,0,1,1,0,1,1,0,4,2,3,3,470,2,0,1,3,1,0,0,1,2,0,1,1,1
1015,l1,male,33,Nagykanizsa,asztalos ,171,0,1,1,0,1,1,1,0,2,3,2,0,0,187205,1,0,0,1,1,1,0,1,1,0,5,2,0,1,0,1,4,181,1,3,1,3,0,1,1,1,2,0,0,0,1
1016,l0,male,65,Budakeszi,asztalos ,173,4,0,1,0,1,1,1,1,2,3,1,0,0,0,0,0,1,1,1,1,0,1,1,0,0,1,0,1,0,0,0,0,2,3,1,1,2,1,1,2,2,0,1,0,3
1017,l1,male,36,Budakeszi,Szakorvos ,173,4,0,3,1,1,1,1,3,2,1,1,0,0,166238,1,0,1,0,0,0,1,0,1,0,5,1,0,1,2,0,1,136,3,3,1,3,1,0,0,1,2,1,1,1,1
1018,l1,male,31,Budakeszi,Lakatos ,183,3,0,1,0,1,1,1,1,3,2,1,0,0,0,1,1,0,1,1,1,0,1,1,0,0,1,0,0,2,4,4,8698,3,1,1,2,1,1,0,2,2,0,0,0,1
1019,l1,male,58,Nagykanizsa,Szakorvos ,165,1,0,3,0,1,1,1,2,1,3,0,0,0,273290,0,0,1,0,1,0,0,1,1,0,5,2,0,1,2,1,0,144,3,3,1,3,2,1,1,2,0,2,1,1,0
1020,l1,female,45,Nagykanizsa,Lakatos ,172,2,0,2,1,1,1,1,1,2,0,0,0,0,0,1,0,1,0,1,0,0,1,1,1,2,1,0,0,0,1,4,108,2,1,1,1,1,0,0,1,0,1,0,0,0
1021,l0,male,39,Nagykanizsa,asztalos ,170,0,0,3,0,1,1,1,1,3,0,0,0,0,0,1,1,0,0,1,0,0,1,1,0,2,1,0,4,2,0,0,313,2,1,1,1,2,1,1,2,2,1,0,0,1
1022,l0,male,60,Nagybajcs,asztalos ,164,2,0,3,1,1,1,1,1,2,5,1,0,0,91603,1,0,0,0,1,0,1,1,1,1,5,1,0,1,4,2,0,399,3,3,1,2,1,1,0,0,2,1,1,1,1
1023,l1,male,52,Nagykanizsa,asztalos ,173,1,0,1,1,1,1,1,1,2,5,4,0,0,413553,1,0,1,0,1,1,0,0,0,0,5,0,0,1,2,0,3,392,3,1,1,2,2,1,0,1,0,0,1,0,3
1024,l1,male,50,Budakeszi,asztalos ,163,4,0,4,1,1,1,0,1,2,2,1,0,0,238578,1,0,0,0,1,0,0,1,0,0,1,1,0,1,2,0,4,17,3,0,1,3,2,0,0,0,0,1,1,1,1
1025,l0,male,33,Nagykanizsa,asztalos ,165,0,0,3,1,1,1,1,1,2,0,0,0,1,765343,0,0,1,0,1,0,1,1,1,1,1,1,0,1,2,0,0,226,2,1,1,3,2,0,0,2,2,1,1,0,3
1026,l0,male,32,Budakeszi,Lakatos ,157,3,0,1,1,1,1,1,2,3,5,4,0,0,0,1,0,1,0,1,1,1,1,1,0,5,0,0,0,0,0,1,0,2,1,1,3,0,1,1,1,0,0,1,0,1
1027,l0,male,48,Nagykanizsa,Lakatos ,170,3,2,3,1,1,1,1,2,2,2,1,0,1,0,0,0,1,0,1,0,1,1,1,1,5,3,0,1,0,0,0,0,2,3,1,2,2,0,1,1,0,0,1,1,1
1028,l1,male,40,Nagykanizsa,Szakorvos ,173,0,0,1,1,1,1,1,2,2,5,4,0,0,61662,0,0,1,0,1,0,1,1,1,0,5,1,0,4,0,0,4,463,2,3,1,3,2,1,0,1,0,0,1,0,4
1029,l0,female,50,Budakeszi,asztalos ,176,4,0,3,0,1,0,1,2,3,4,4,0,0,126104,0,0,1,0,0,0,0,1,1,1,1,1,0,4,0,0,0,0,3,1,1,1,2,0,0,1,0,0,1,1,1
1030,l0,male,42,Budakeszi,asztalos ,169,4,0,3,0,1,1,1,1,3,0,0,0,1,298160,1,0,0,0,1,0,1,1,0,0,0,1,0,1,0,2,4,8736,2,1,1,1,1,0,0,0,0,0,1,1,4
1031,l1,male,59,Budakeszi,Lakatos ,173,0,0,2,1,1,1,1,2,2,3,1,0,1,228163,1,0,0,0,1,0,0,1,1,1,0,1,0,1,2,0,1,154,3,3,1,1,2,0,0,1,0,0,1,1,1
1032,l0,male,62,Nagykanizsa,Lakatos ,167,3,0,1,1,1,1,1,1,2,2,1,0,0,193904,1,0,0,0,1,1,0,0,1,0,0,1,0,4,0,0,0,237,1,2,1,3,2,1,0,1,2,0,1,1,0
1033,l1,male,65,Nagykanizsa,Szakorvos ,183,4,0,3,1,1,2,1,4,3,4,1,0,1,177983,1,0,0,0,1,0,1,1,1,1,5,1,0,1,0,0,4,406,2,2,1,2,2,0,0,0,0,0,1,0,1
1034,l1,female,33,Nagybajcs,Szakorvos ,164,4,0,3,1,1,1,1,3,2,2,0,0,1,327881,1,1,1,0,1,1,0,1,1,0,2,1,0,1,2,3,4,0,3,1,1,3,2,0,0,1,0,0,1,0,3
1035,l1,male,65,Nagykanizsa,asztalos ,172,3,1,3,1,1,1,1,1,2,1,0,0,0,451844,1,0,1,0,1,1,0,1,1,0,1,1,1,1,2,0,0,517,2,3,0,1,2,1,0,1,0,1,1,0,0
1036,l0,female,39,Budakeszi,Lakatos ,175,4,0,4,1,1,1,1,1,2,6,4,0,0,195629,1,0,0,0,1,0,0,1,1,1,1,1,0,1,2,0,1,0,2,0,1,3,2,1,0,0,0,0,1,1,2
1037,l1,male,25,Budakeszi,Szakorvos ,177,0,0,1,0,1,1,1,2,2,5,4,0,0,342106,1,0,0,1,1,0,1,1,1,0,1,1,1,3,0,0,4,359,3,3,1,2,1,1,1,1,2,1,0,0,1
1038,l1,male,52,Budakeszi,asztalos ,172,3,0,4,1,1,1,1,1,2,0,0,0,0,6377,0,0,1,0,1,0,0,1,1,0,5,1,0,0,0,0,1,132,2,1,1,3,2,0,0,2,2,1,0,0,3
1039,l1,male,28,Budakeszi,Lakatos ,163,2,0,3,0,1,1,1,1,2,7,4,0,0,0,1,0,1,1,1,1,1,1,1,0,5,0,0,1,2,1,4,820,2,1,1,2,2,1,1,1,0,1,1,1,1
1040,l1,female,39,Nagykanizsa,asztalos ,169,3,0,4,0,1,1,1,2,2,2,1,0,0,94124,0,0,1,0,1,0,1,0,1,0,3,1,0,1,1,3,3,5540,1,0,1,2,1,0,0,2,0,0,0,0,1
1041,l1,female,58,Nagykanizsa,Szakorvos ,171,0,0,3,1,1,1,1,1,3,2,1,0,0,95319,0,0,0,0,0,0,0,1,1,0,1,1,1,1,2,0,1,0,2,1,1,1,2,1,1,2,1,1,1,0,0
1042,l1,female,65,Nagybajcs,Szakorvos ,198,4,0,2,1,1,1,1,1,2,1,1,0,0,102518,0,0,0,1,1,0,0,0,1,1,5,3,0,1,2,0,1,0,1,1,1,2,2,1,1,1,0,0,0,0,4
1043,l0,male,64,Nagykanizsa,asztalos ,162,4,1,3,1,1,2,1,2,3,1,3,0,0,0,1,0,1,0,1,0,1,0,0,0,5,0,0,1,2,0,0,0,2,1,1,1,2,0,0,1,2,1,1,1,2
1044,l0,male,50,Budakeszi,Lakatos ,166,1,0,1,1,1,1,1,1,2,2,1,0,0,272552,1,0,0,0,1,0,0,1,1,1,5,0,0,1,2,0,0,0,3,1,1,1,0,1,1,2,2,0,1,1,1
1045,l0,male,47,Nagykanizsa,asztalos ,165,3,0,1,1,1,1,1,1,3,4,0,0,0,0,1,0,0,0,0,1,0,1,1,1,1,1,1,1,2,1,3,368,2,1,1,1,0,0,0,2,0,1,0,0,1
1046,l1,female,42,Nagykanizsa,Szakorvos ,175,1,0,4,0,1,2,1,1,2,2,1,0,1,119576,1,1,0,0,0,0,0,0,1,1,3,1,0,1,1,0,1,20,2,1,1,2,2,1,1,1,1,0,1,1,1
1047,l1,male,49,Budakeszi,asztalos ,194,4,0,0,1,1,1,1,1,2,4,0,0,1,42940,1,0,0,0,1,1,1,1,0,0,5,1,0,4,0,4,4,6525,3,3,1,3,2,1,1,1,2,0,1,1,1
1048,l1,female,46,Budakeszi,Lakatos ,183,3,0,4,1,1,1,1,1,2,0,0,0,1,113830,1,0,1,0,1,0,0,1,0,0,5,1,0,4,0,0,0,518,2,0,1,2,1,0,0,0,0,1,1,0,1
1049,l0,male,31,Nagykanizsa,Lakatos ,170,4,2,1,0,1,1,0,2,0,2,1,0,0,351834,0,0,1,1,1,0,0,1,0,0,5,1,1,1,2,0,0,0,2,1,1,1,2,1,1,1,2,0,1,0,2
1050,l1,male,59,Budakeszi,asztalos ,171,3,2,3,1,1,1,1,2,3,5,1,0,0,0,1,0,1,0,1,0,0,0,1,1,5,0,0,1,0,0,3,118,2,0,1,1,1,1,1,1,2,0,1,1,1
1051,l0,male,25,Nagykanizsa,asztalos ,181,4,2,3,1,1,2,1,1,2,3,1,0,1,107167,0,0,1,0,0,1,0,1,1,1,1,2,0,0,0,0,0,0,2,0,1,2,2,0,0,1,0,1,1,1,0
1052,l0,male,50,Nagykanizsa,asztalos ,159,3,0,3,1,1,1,1,3,2,5,0,0,0,0,0,0,0,1,0,0,0,1,1,0,0,3,0,4,2,4,1,700,2,1,1,1,1,0,0,1,2,0,1,1,0
1053,l1,male,33,Nagykanizsa,Szakorvos ,155,0,0,1,1,1,1,1,1,3,1,0,0,1,44859,1,1,0,0,1,0,0,0,0,0,1,0,0,1,0,3,4,373,2,1,1,1,2,1,1,2,0,0,0,0,1
1054,l1,female,39,Budakeszi,Lakatos ,175,3,1,3,1,1,1,1,0,3,0,0,0,1,253352,0,0,0,0,1,1,0,0,1,0,1,2,0,1,0,0,4,5790,2,0,1,2,1,0,0,2,2,2,1,0,1
1055,l1,male,55,Nagykanizsa,Lakatos ,177,3,2,4,1,1,2,1,1,2,2,1,0,1,0,1,0,1,0,1,0,0,1,1,1,5,1,0,1,2,0,3,144,2,1,1,2,2,1,0,2,2,0,1,0,0
1056,l0,male,40,Nagykanizsa,Lakatos ,182,3,0,2,0,1,1,1,2,0,0,0,0,1,175196,1,0,0,0,1,0,1,1,0,0,5,1,0,3,2,3,0,6227,3,2,1,3,2,0,0,1,0,0,0,0,0
1057,l1,female,28,Nagykanizsa,Szakorvos ,176,0,0,2,1,1,1,1,1,2,0,0,0,1,466491,0,0,0,0,1,0,0,1,1,0,5,1,1,1,2,0,0,170,3,3,1,3,1,0,1,1,2,1,1,0,1
1058,l1,female,42,Nagykanizsa,Szakorvos ,170,4,0,4,1,1,2,1,2,2,3,1,0,1,529300,1,0,1,0,1,1,1,0,1,1,3,1,0,0,2,0,3,0,2,1,1,3,2,1,0,1,2,0,0,0,3
1059,l0,female,54,Budakeszi,asztalos ,180,3,0,3,1,1,1,1,0,3,4,4,0,0,0,1,0,0,1,1,1,1,1,1,0,5,2,0,0,0,2,4,1062,1,2,1,3,2,1,0,1,0,1,1,0,1
1060,l1,male,29,Nagykanizsa,Szakorvos ,185,4,0,3,1,1,2,1,2,0,4,1,0,1,150578,1,0,0,1,1,1,0,1,1,0,2,0,0,0,0,0,1,194,2,3,1,2,0,1,0,1,2,1,1,1,3
1061,l1,male,35,Nagykanizsa,Szakorvos ,160,4,2,4,1,1,1,1,0,3,2,1,0,0,0,1,0,0,1,1,0,1,0,1,1,1,1,0,1,0,0,3,0,2,1,1,3,2,1,0,2,2,0,0,1,0
1062,l0,female,53,Budakeszi,Lakatos ,172,3,0,1,1,1,1,1,2,0,1,0,0,0,0,1,0,0,0,1,1,1,0,1,1,1,2,0,1,1,4,1,4275,2,1,1,3,1,0,0,0,1,0,1,1,0
1063,l1,male,52,Nagykanizsa,Szakorvos ,171,0,0,3,1,1,1,1,2,0,4,4,0,1,277270,0,0,1,0,1,1,1,1,0,0,3,1,0,1,4,0,0,141,3,1,1,2,0,1,1,0,0,0,1,0,3
1064,l1,female,50,Budakeszi,Szakorvos ,174,2,0,3,1,1,1,1,2,2,2,0,0,0,166500,1,1,0,1,1,1,0,1,1,0,5,0,0,1,2,0,0,0,3,2,1,3,2,1,1,2,2,1,0,1,3
1065,l1,male,40,Nagybajcs,Lakatos ,167,2,0,1,1,1,2,1,1,1,5,4,0,1,3194,1,0,0,0,1,0,1,1,0,0,1,0,0,1,2,0,0,0,2,0,1,1,1,1,1,1,0,1,1,1,1
1066,l0,male,51,Nagybajcs,asztalos ,157,0,0,3,0,1,1,1,1,2,0,0,0,0,0,1,0,0,0,1,0,1,1,0,0,4,1,0,1,0,2,4,546,2,1,1,3,0,0,0,1,2,1,1,1,1
1067,l0,male,59,Nagykanizsa,asztalos ,153,3,0,3,0,1,1,1,2,2,0,0,0,1,279747,1,1,0,1,1,1,0,1,1,1,0,1,0,1,2,0,3,159,1,0,1,1,1,1,0,2,2,2,0,1,2
1068,l1,male,49,Nagykanizsa,Szakorvos ,162,4,0,3,0,1,1,1,2,2,0,0,0,0,0,1,0,0,0,1,0,0,0,1,0,0,0,0,1,2,0,3,378,2,1,1,1,1,1,1,1,2,1,1,0,1
1069,l1,female,49,Nagykanizsa,asztalos ,175,3,1,3,1,1,1,1,1,0,2,1,0,1,287030,0,0,1,0,0,1,1,1,1,1,5,1,0,0,0,0,3,0,1,2,1,1,1,0,0,0,0,1,1,0,3
1070,l0,male,37,Nagykanizsa,Lakatos ,158,1,2,1,1,1,1,1,1,0,1,0,0,1,314316,1,0,0,0,1,1,0,1,1,1,5,1,0,1,0,0,3,95,2,3,1,2,2,0,0,1,2,1,1,1,3
1071,l1,female,60,Budakeszi,Szakorvos ,174,3,0,2,0,1,1,1,1,3,5,0,0,1,410976,0,0,0,0,0,0,0,0,1,0,0,1,0,1,2,1,1,312,2,0,1,1,2,0,1,1,0,2,1,0,1
1072,l1,female,57,Budakeszi,Lakatos ,172,0,0,2,0,1,1,1,1,3,0,4,1,0,468691,1,0,0,0,1,0,1,1,0,0,0,1,0,0,1,0,1,61035,1,3,1,0,2,0,0,1,1,1,1,1,2
1073,l0,male,25,Nagykanizsa,Lakatos ,186,3,1,1,1,1,1,1,1,2,3,1,0,0,0,1,1,1,0,1,0,0,1,1,0,1,1,0,0,0,3,0,471,2,2,1,3,2,1,1,2,0,1,1,1,2
1074,l1,female,43,Budakeszi,Szakorvos ,181,3,0,3,0,1,1,1,2,2,0,0,0,0,0,1,0,0,1,1,1,1,1,1,1,1,1,0,1,2,0,0,30,1,0,1,0,2,1,0,1,2,1,1,0,1
1075,l1,male,49,Nagykanizsa,Szakorvos ,184,4,0,4,1,1,1,1,2,2,0,1,0,0,0,0,0,0,0,0,0,0,1,1,1,1,2,0,4,2,0,0,0,2,0,1,3,0,0,0,1,0,1,1,1,1
1076,l0,female,55,Nagykanizsa,Szakorvos ,194,0,0,2,1,1,1,1,2,2,0,0,0,1,607786,0,0,1,0,1,0,0,0,1,0,0,0,0,1,2,0,0,345,3,2,1,1,0,0,0,2,1,1,1,1,1
1077,l1,male,46,Budakeszi,Lakatos ,167,3,2,4,1,1,1,1,2,3,4,1,0,0,13108,0,0,0,0,1,0,1,1,1,0,1,1,0,1,1,0,1,466,3,3,1,1,2,0,0,2,2,1,1,0,2
1078,l1,female,26,Nagykanizsa,Szakorvos ,162,1,0,4,1,1,1,1,1,2,7,4,1,1,43810,1,0,0,0,0,0,0,1,1,0,1,1,0,1,0,0,3,767,2,1,1,2,1,0,0,0,0,1,0,0,3
1079,l0,male,29,Nagybajcs,asztalos ,159,3,0,1,1,1,1,1,2,3,3,0,0,0,0,0,0,1,0,1,0,1,1,1,0,5,1,0,1,0,1,0,0,2,0,1,3,1,0,0,1,0,0,1,1,1
1080,l1,male,49,Budakeszi,Lakatos ,174,3,0,4,1,1,1,1,1,3,2,0,0,1,0,1,0,0,1,1,0,1,1,1,0,4,1,1,1,0,0,3,0,3,3,1,2,2,1,1,1,2,0,0,0,1
1081,l0,male,58,Budakeszi,asztalos ,159,0,1,3,1,1,1,1,1,2,2,1,0,1,0,1,0,1,0,1,0,0,1,1,1,3,2,0,1,0,1,1,5230,1,0,1,1,2,0,0,1,1,0,0,0,1
1082,l0,male,26,Budakeszi,Lakatos ,178,0,2,3,0,1,1,0,2,3,8,4,1,0,519744,1,1,1,0,1,1,0,1,0,0,3,1,0,1,0,0,0,154,1,3,1,3,0,0,0,0,0,0,1,1,1
1083,l1,female,62,Nagykanizsa,Lakatos ,155,3,0,4,1,1,1,1,4,3,1,1,0,0,0,0,0,0,0,0,0,0,1,1,0,1,1,1,4,0,1,1,25353,2,1,1,1,1,0,0,1,2,1,1,0,1
1084,l1,female,26,Nagybajcs,Szakorvos ,171,0,0,2,1,1,1,1,2,2,2,1,0,0,0,1,0,0,0,1,0,0,1,1,1,1,2,0,1,0,0,0,88,2,1,1,3,2,1,1,0,0,1,1,0,3
1085,l0,male,49,Budakeszi,asztalos ,184,3,0,1,1,1,1,1,1,2,0,4,0,0,49895,1,0,1,1,1,0,0,1,1,1,0,1,0,1,0,0,0,25283,2,0,1,3,1,1,0,2,2,0,0,0,2
1086,l0,female,39,Nagybajcs,asztalos ,174,0,2,3,1,1,1,1,3,0,5,1,0,1,173710,1,0,0,0,1,1,0,1,1,0,1,0,0,3,2,2,4,1448,2,1,1,2,2,1,0,1,2,0,1,1,1
1087,l1,female,46,Nagykanizsa,Szakorvos ,192,3,0,4,0,1,1,0,0,2,5,4,0,1,0,0,0,0,0,1,0,1,0,1,1,5,1,0,3,2,0,3,102,2,1,1,3,2,0,0,2,2,1,1,1,1
1088,l1,male,52,Nagykanizsa,Szakorvos ,165,0,0,2,1,1,1,1,2,3,1,1,0,0,0,0,1,0,0,1,0,1,1,0,0,0,0,0,1,0,0,0,81,2,1,1,3,1,0,0,1,0,0,0,0,3
1089,l0,female,31,Budakeszi,Lakatos ,176,3,0,4,1,1,2,1,3,2,0,0,0,0,355956,0,0,0,0,0,0,1,1,1,1,0,1,0,1,0,0,0,129,1,2,1,1,0,1,1,1,2,0,1,0,3
1090,l1,male,41,Nagykanizsa,Lakatos ,173,0,2,4,0,1,2,1,1,2,0,0,0,0,0,1,1,0,0,1,0,0,1,1,1,1,1,0,1,2,0,0,0,2,1,1,3,2,1,0,0,0,0,1,0,1
1091,l1,female,60,Nagykanizsa,Szakorvos ,179,0,0,3,1,1,1,0,1,2,1,1,0,1,0,0,0,0,0,1,0,1,1,1,1,1,1,0,1,2,0,4,428,2,3,1,3,0,0,1,1,2,1,0,0,1
1092,l0,female,57,Nagykanizsa,Szakorvos ,179,4,0,3,1,1,1,1,3,3,2,1,0,1,0,1,0,0,0,1,1,0,1,1,0,5,1,0,1,0,0,3,0,3,3,1,3,0,0,0,0,0,1,0,0,1
1093,l1,male,60,Budakeszi,Szakorvos ,173,4,0,2,1,1,2,1,1,2,1,0,0,1,532400,1,1,0,0,1,0,0,1,1,1,0,0,0,3,4,0,3,405,2,3,1,3,2,1,0,1,0,0,0,0,1
1094,l0,male,30,Nagykanizsa,asztalos ,164,1,0,3,0,1,1,1,2,0,1,0,0,0,349958,1,0,0,0,1,0,1,0,0,0,5,1,1,1,0,0,0,268,3,3,1,2,2,1,0,0,0,1,0,0,1
1095,l0,male,35,Budakeszi,Lakatos ,172,0,0,3,1,1,2,1,3,3,0,1,0,0,65188,0,0,0,0,1,1,0,1,0,0,1,2,0,1,3,0,1,450,1,1,1,3,0,1,1,1,0,1,1,1,4
1096,l1,male,53,Budakeszi,Szakorvos ,169,4,0,3,1,1,2,1,1,2,1,4,0,0,193549,1,0,0,1,1,1,1,1,1,1,2,1,0,4,0,3,1,6111,2,1,1,1,2,1,1,1,1,1,1,0,1
1097,l0,male,30,Nagykanizsa,Lakatos ,183,0,1,3,0,1,1,1,1,2,5,1,0,1,260436,1,0,1,0,0,0,1,1,1,0,0,1,1,1,0,0,0,252,1,2,1,0,2,0,0,1,2,0,1,0,1
1098,l0,male,42,Nagybajcs,Lakatos ,160,3,0,1,0,1,2,0,1,2,14,0,0,0,0,0,0,0,0,0,1,1,1,1,1,1,2,0,1,4,0,1,0,2,3,0,1,2,1,0,2,0,0,0,0,1
1099,l1,male,59,Nagybajcs,Szakorvos ,190,4,1,2,1,1,1,1,1,0,2,0,0,1,430123,1,0,1,0,1,0,0,0,1,1,1,2,0,0,1,0,4,22118,1,1,1,2,0,0,1,2,2,1,1,1,1
1100,l0,male,25,Budakeszi,Lakatos ,163,0,0,3,1,1,1,1,1,2,11,4,0,1,82482,1,0,1,0,1,0,0,1,1,1,0,1,0,1,0,0,0,86,1,1,1,2,2,1,1,1,1,0,1,1,3
1101,l1,male,48,Nagykanizsa,Szakorvos ,171,3,0,2,1,1,1,1,1,2,0,0,0,0,0,1,1,0,0,1,0,0,1,1,0,2,0,0,4,0,0,1,89,3,1,1,1,2,0,0,1,1,0,0,1,1
1102,l0,male,28,Nagykanizsa,Lakatos ,166,4,2,3,0,1,1,1,1,2,2,1,0,0,333741,1,1,1,0,0,0,0,1,1,0,0,0,0,1,0,1,3,529,2,0,0,1,1,1,0,2,2,1,1,1,3
1103,l0,female,51,Nagykanizsa,asztalos ,161,0,1,3,1,1,1,1,1,2,2,3,0,1,0,1,0,0,0,1,1,0,0,1,0,4,0,0,3,0,2,4,582,1,1,1,1,2,1,0,0,0,1,1,0,1
1104,l0,male,44,Budakeszi,Szakorvos ,160,3,2,4,1,1,1,1,1,3,5,0,0,1,264949,0,0,0,0,1,1,0,0,0,0,2,1,0,4,2,2,0,341,2,3,1,1,1,0,0,1,0,1,0,1,2
1105,l1,female,39,Nagykanizsa,Lakatos ,168,3,2,4,1,1,1,1,1,3,0,0,0,1,154230,1,0,1,1,1,1,0,1,1,1,1,0,0,4,2,0,0,0,2,3,1,3,2,1,1,2,2,1,0,0,1
1106,l1,male,58,Budakeszi,Szakorvos ,173,3,0,3,1,1,1,1,3,2,3,1,0,1,292300,1,1,0,0,1,1,1,1,1,1,5,1,0,1,0,0,3,123,2,1,1,2,1,1,0,1,0,0,1,0,3
1107,l1,male,63,Nagykanizsa,Lakatos ,164,4,0,3,1,1,1,1,1,2,3,1,0,1,54952,0,0,0,1,1,0,1,1,1,1,3,1,0,1,0,0,1,723,2,1,1,0,2,1,0,2,2,1,0,0,1
1108,l1,male,30,Budakeszi,Lakatos ,164,0,0,4,1,1,1,1,2,2,1,0,0,0,176023,1,0,1,0,0,1,0,1,1,0,1,1,1,3,0,0,3,19830,2,3,0,1,0,1,1,2,1,0,1,1,1
1109,l1,female,38,Budakeszi,Lakatos ,162,3,2,4,1,1,1,1,1,2,1,1,0,0,0,1,0,0,1,1,0,0,1,1,0,1,1,0,1,2,0,1,367,2,1,1,3,0,0,1,2,2,1,1,0,2
1110,l0,male,49,Budakeszi,asztalos ,172,4,0,1,1,1,0,1,1,3,14,1,0,0,0,0,0,0,0,1,1,0,1,1,1,5,1,0,1,4,3,3,660,2,0,1,1,1,0,0,1,0,1,1,1,0
1111,l1,male,63,Budakeszi,Szakorvos ,160,3,1,4,1,1,1,1,1,2,2,1,0,0,17110408,1,0,0,0,1,0,0,1,1,0,3,1,0,1,2,4,3,330,2,1,0,1,2,1,1,0,0,0,1,0,1
1112,l1,male,25,Nagykanizsa,Szakorvos ,163,1,0,3,1,1,0,1,1,2,2,4,0,1,0,1,0,0,0,1,0,1,0,1,1,1,1,0,1,2,0,0,147,3,0,1,2,0,0,0,1,2,0,1,1,1
1113,l0,male,55,Budakeszi,asztalos ,167,0,0,3,1,1,1,1,3,2,0,0,0,1,201056,1,1,1,0,1,1,1,1,0,0,3,1,0,1,0,0,0,0,3,1,1,1,2,0,0,0,0,1,0,0,0
1114,l1,female,39,Nagykanizsa,Szakorvos ,164,4,0,3,0,1,1,1,1,2,1,0,0,1,365823,1,0,0,0,0,1,1,1,1,0,0,1,0,3,2,3,4,32023,2,1,0,0,0,1,0,1,1,0,1,1,3
1115,l1,male,37,Nagykanizsa,Szakorvos ,161,4,2,4,0,1,1,1,1,3,4,1,0,0,67505,1,0,0,0,1,1,1,1,1,1,1,1,0,1,2,0,0,218,1,0,1,3,1,0,0,0,1,0,1,1,1
1116,l1,male,42,Budakeszi,Lakatos ,154,4,0,3,0,0,0,1,1,3,0,4,0,0,0,1,0,0,0,1,0,0,1,1,1,5,1,0,3,2,0,0,292,1,0,1,1,2,0,1,1,0,0,1,0,1
1117,l1,female,54,Budakeszi,Szakorvos ,181,3,0,2,1,1,1,1,1,2,5,4,0,1,0,1,0,0,1,1,0,0,1,1,1,2,1,0,1,0,0,2,264,1,0,1,3,2,1,1,2,2,1,0,0,2
1118,l1,male,53,Nagykanizsa,asztalos ,173,0,0,3,1,1,2,1,1,2,0,0,0,1,0,0,0,0,0,1,1,1,1,0,0,3,2,0,4,0,0,4,779,3,1,1,3,2,1,1,1,0,0,1,0,4
1119,l1,female,31,Budakeszi,Szakorvos ,180,4,0,2,0,1,1,1,1,2,3,4,0,1,257995,1,0,0,0,1,1,0,0,0,0,3,2,1,1,2,3,4,60210,3,1,1,2,2,0,0,1,0,1,1,0,3
1120,l0,male,49,Nagybajcs,asztalos ,161,4,0,3,1,1,1,1,1,2,1,0,0,1,375106,1,0,0,0,1,1,0,1,1,0,5,1,0,4,0,0,3,485,3,1,1,3,0,0,0,1,2,1,1,0,1
1121,l0,male,36,Budakeszi,Szakorvos ,157,3,0,1,0,1,1,1,2,3,0,0,0,0,186035,1,0,0,0,1,0,1,0,1,1,0,1,0,0,0,2,2,509,2,1,1,3,0,1,1,0,0,0,1,0,0
1122,l1,male,43,Budakeszi,Szakorvos ,189,3,0,4,1,1,1,0,1,2,3,1,0,0,142462,1,0,0,1,0,1,0,1,0,0,4,1,0,1,1,0,0,579,2,1,1,1,0,1,0,1,2,1,1,0,2
1123,l1,male,35,Nagykanizsa,Szakorvos ,172,4,0,3,1,1,1,1,3,3,8,0,0,0,0,1,0,1,0,0,0,0,1,1,1,5,0,0,1,2,0,0,422,2,1,1,2,2,1,1,0,2,0,1,0,1
1124,l0,male,62,Nagybajcs,asztalos ,173,4,0,3,1,1,2,1,3,3,0,0,0,0,20433,1,0,1,0,1,1,1,0,0,0,4,1,0,1,2,0,2,0,2,3,1,1,2,0,0,0,0,1,1,1,0
1125,l0,male,40,Nagykanizsa,asztalos ,164,2,0,1,1,1,1,0,2,2,0,0,0,1,375206,1,0,0,1,1,0,0,0,1,0,0,1,1,1,0,0,0,534,3,3,1,1,2,1,1,2,2,0,0,0,1
1126,l1,male,50,Nagykanizsa,asztalos ,156,0,0,4,1,1,1,1,2,2,2,1,0,1,3262,1,0,0,1,1,1,1,1,0,0,5,2,0,1,0,3,3,3793,1,0,1,3,1,1,1,2,1,1,0,1,2
1127,l0,female,57,Budakeszi,Szakorvos ,169,4,1,2,1,1,2,1,3,2,5,4,0,1,517426,0,0,0,0,0,1,0,0,1,0,1,1,0,1,2,2,4,255,1,0,0,1,0,0,0,1,2,0,1,0,1
1128,l1,male,27,Nagykanizsa,Szakorvos ,176,4,0,3,0,1,1,0,1,2,2,1,0,0,0,0,0,0,0,1,1,1,1,0,1,1,1,0,1,0,0,1,208,3,1,1,2,0,0,0,2,0,1,1,0,2
1129,l1,male,48,Nagykanizsa,Szakorvos ,166,4,0,3,1,1,1,1,1,3,1,0,0,0,0,1,0,0,0,0,0,1,0,1,1,1,2,0,2,0,0,0,360,2,1,1,3,2,1,1,2,2,1,1,1,2
1130,l0,male,36,Budakeszi,asztalos ,177,4,0,3,1,1,1,1,2,3,9,1,0,0,0,1,0,0,0,0,0,0,0,1,1,1,1,0,1,2,0,0,33,2,1,1,0,1,1,1,1,0,0,1,0,3
1131,l1,female,33,Budakeszi,Szakorvos ,171,0,0,3,0,0,1,1,6,2,5,4,0,1,364036,1,1,0,0,1,1,1,0,1,0,1,1,1,0,0,1,4,21441,2,3,0,2,1,0,0,1,0,0,0,0,4
1132,l1,female,46,Nagykanizsa,Szakorvos ,173,0,0,3,1,1,1,1,4,2,0,0,0,1,13665962,1,0,1,0,1,0,0,1,1,0,1,1,0,1,0,0,0,141,1,0,1,3,2,0,0,2,0,0,1,0,1
1133,l1,female,49,Nagykanizsa,Szakorvos ,172,3,1,4,1,1,1,1,3,2,2,1,0,1,388022,1,0,1,0,1,0,0,1,1,0,5,1,0,4,2,0,0,0,2,0,1,3,2,0,0,1,2,0,1,1,1
1134,l1,male,50,Budakeszi,asztalos ,161,3,2,3,1,1,1,1,0,2,2,1,0,1,176073,1,0,0,0,1,1,0,1,1,1,0,1,0,1,2,0,3,584,2,0,1,1,1,0,0,1,0,0,1,0,1
1135,l1,male,56,Nagybajcs,Lakatos ,191,4,0,3,1,1,1,1,1,2,1,0,0,1,426347,1,1,0,0,1,1,1,1,1,1,5,1,0,3,0,2,4,6656,2,1,1,1,2,1,0,0,2,1,0,0,3
1136,l0,male,58,Budakeszi,Lakatos ,171,3,0,4,1,1,2,1,0,3,1,1,0,0,592497,0,0,1,0,1,1,1,0,1,1,5,0,0,3,1,2,3,8074,2,1,1,2,2,0,1,1,2,1,1,0,4
1137,l0,female,31,Budakeszi,Lakatos ,176,4,2,4,1,1,1,1,2,2,0,0,0,0,198766,0,0,1,0,1,0,1,1,1,1,3,3,0,0,2,1,1,0,1,1,1,3,1,1,1,2,2,0,0,0,4
1138,l1,male,53,Nagykanizsa,Szakorvos ,165,3,0,4,1,1,1,0,1,2,1,1,0,0,13766855,0,0,1,1,1,0,0,1,1,0,5,3,1,4,0,0,2,493,3,3,1,3,1,1,0,1,0,1,1,1,3
1139,l0,male,56,Budakeszi,Szakorvos ,170,3,0,3,0,1,1,1,2,2,2,0,0,0,42038,1,0,0,1,1,0,1,0,0,0,3,1,0,3,0,0,0,39,3,3,1,1,2,1,1,2,2,1,0,0,1
1140,l1,male,42,Nagykanizsa,Lakatos ,174,1,0,4,1,1,1,1,2,2,0,0,0,1,136579,1,0,0,0,1,0,0,1,1,0,5,0,0,1,0,0,3,423,2,3,1,2,2,1,0,1,0,2,0,0,1
1141,l1,female,49,Nagybajcs,Szakorvos ,174,0,0,3,1,1,1,1,2,2,4,4,0,1,18148906,0,0,1,0,1,0,1,1,0,0,2,2,0,4,0,0,2,20629,3,1,1,1,1,1,0,1,0,0,0,1,2
1142,l0,male,39,Budakeszi,asztalos ,173,3,0,3,0,1,1,1,1,2,5,4,0,0,142290,1,0,0,0,1,0,0,1,1,0,0,3,0,1,4,0,1,529,2,2,1,3,2,1,0,2,0,0,1,1,1
1143,l0,male,48,Budakeszi,asztalos ,169,3,2,3,1,1,2,1,0,0,0,0,0,0,0,1,0,0,0,0,1,0,0,1,0,1,1,0,4,4,0,1,483,2,3,1,1,0,0,0,1,2,1,0,0,2
1144,l1,male,42,Nagybajcs,Szakorvos ,169,1,0,3,1,1,1,1,1,2,4,1,0,0,165414,1,0,0,0,1,0,0,1,1,0,1,1,1,1,0,2,1,5,2,3,1,2,1,0,0,0,0,1,1,0,2
1145,l0,male,45,Nagybajcs,Szakorvos ,166,4,0,4,0,1,1,1,2,2,0,0,0,0,57975,1,0,0,0,1,1,0,1,0,0,2,2,0,1,2,0,4,118,2,1,1,3,0,0,0,0,0,0,1,0,1
1146,l1,female,26,Nagykanizsa,Szakorvos ,170,2,0,3,1,1,1,1,1,3,2,0,0,0,0,1,1,1,0,1,0,0,1,0,0,0,1,0,1,1,4,1,0,2,1,1,1,2,1,0,2,1,0,1,1,1
1147,l0,male,40,Budakeszi,asztalos ,157,3,0,1,1,1,1,1,1,2,1,1,0,1,212066,0,0,1,0,1,1,1,1,1,1,5,2,0,1,4,0,3,324,2,1,1,3,1,1,1,1,2,1,0,0,1
1148,l1,male,50,Budakeszi,Lakatos ,186,4,0,1,1,1,1,1,2,3,1,1,0,0,157653,1,0,0,0,1,0,0,1,1,0,1,2,0,0,2,0,3,225,2,1,1,1,2,1,1,2,2,0,0,1,3
1149,l0,male,38,Nagybajcs,Lakatos ,177,3,0,1,1,1,1,1,3,2,0,4,0,0,291174,1,0,1,0,1,0,0,1,1,1,5,1,0,1,0,0,0,327,2,1,0,1,1,1,0,1,0,0,0,0,1
1150,l0,male,48,Nagybajcs,Lakatos ,165,1,0,1,1,1,1,1,2,2,0,0,0,1,62485,1,1,0,0,1,0,1,1,1,1,5,1,0,1,0,0,4,711,1,0,1,3,0,0,0,1,0,1,0,0,4
1151,l1,male,47,Budakeszi,Lakatos ,165,3,0,3,1,1,1,1,2,2,0,0,0,0,236016,0,0,0,1,1,0,0,1,1,1,2,1,0,1,2,0,0,0,2,1,1,2,2,0,0,2,1,0,1,0,0
1152,l1,female,39,Nagykanizsa,Szakorvos ,180,0,0,4,1,1,1,1,1,2,2,4,0,1,85102,0,0,0,0,0,1,1,1,0,0,1,1,0,3,0,3,4,81,3,1,1,3,2,1,0,1,0,0,0,0,1
1153,l1,male,53,Nagykanizsa,Lakatos ,174,0,0,3,1,1,1,1,3,2,2,1,0,0,578750,1,0,0,0,1,0,0,1,0,0,3,2,0,1,1,1,4,550,2,1,1,3,2,0,0,1,2,0,1,0,3
1154,l1,male,51,Budakeszi,Lakatos ,176,3,0,3,1,1,1,1,2,2,2,0,0,0,0,1,0,0,1,1,0,1,1,1,0,5,2,0,0,1,0,0,318,2,1,1,3,1,1,1,0,2,0,0,0,3
1155,l0,male,32,Budakeszi,asztalos ,169,4,0,3,1,1,1,1,1,3,2,1,0,0,24181,1,0,0,0,1,0,0,0,0,0,5,0,0,4,2,0,0,203,2,1,1,3,1,0,0,1,2,1,1,1,1
1156,l0,male,59,Nagykanizsa,Lakatos ,179,0,2,4,1,1,1,1,2,3,2,0,0,1,7044,0,0,0,0,0,1,1,1,1,1,1,2,0,4,2,0,3,98,1,1,1,1,2,1,1,0,2,0,1,1,4
1157,l0,male,47,Nagykanizsa,asztalos ,167,3,0,1,1,1,1,1,1,0,2,0,0,1,0,1,1,1,0,1,1,0,1,1,0,0,0,0,0,0,1,4,408,3,2,1,1,2,1,1,2,1,0,0,1,1
1158,l0,male,30,Nagybajcs,asztalos ,175,4,2,3,0,1,2,1,1,2,0,0,0,1,171122,1,1,0,0,0,1,1,1,0,0,2,1,0,4,2,1,3,0,3,1,1,3,0,0,0,0,0,0,1,1,2
1159,l1,male,57,Nagykanizsa,Szakorvos ,165,0,2,3,1,1,2,1,1,3,6,1,0,0,216716,1,1,0,0,0,0,0,1,1,1,1,1,0,1,2,1,3,7360,2,3,0,3,1,0,0,1,0,1,1,1,0
1160,l0,male,38,Budakeszi,asztalos ,164,4,0,3,1,1,1,1,2,3,1,0,0,1,0,1,1,0,0,0,1,0,1,1,0,1,0,0,1,0,0,1,483,3,0,1,1,3,1,0,2,2,1,1,1,3
1161,l0,male,30,Budakeszi,asztalos ,163,3,0,3,1,1,1,1,2,2,3,1,0,1,0,1,0,0,0,1,0,0,1,1,0,5,1,1,0,2,0,1,0,3,1,1,2,1,0,0,2,0,0,0,0,1
1162,l1,female,60,Nagykanizsa,Szakorvos ,162,0,0,2,1,1,1,1,1,0,1,0,0,1,357008,1,0,1,1,1,0,0,1,1,1,5,1,0,1,2,0,1,136,3,1,1,2,2,0,0,1,2,0,0,0,3
1163,l1,male,54,Nagykanizsa,asztalos ,157,0,0,3,1,1,1,1,2,3,7,4,0,1,363631,1,0,1,0,1,0,1,1,1,0,2,1,0,0,2,0,0,555,2,1,1,3,1,1,1,2,0,0,1,0,2
1164,l1,female,65,Budakeszi,Szakorvos ,160,4,0,3,0,1,2,1,1,2,7,1,0,0,0,0,0,1,0,1,1,0,1,1,1,4,2,0,1,0,0,0,262,3,3,1,2,2,0,0,1,2,1,1,0,3
1165,l0,male,45,Nagykanizsa,Lakatos ,179,1,0,1,1,1,2,1,4,2,3,4,0,0,0,1,0,0,0,1,1,0,1,0,0,2,2,0,1,2,1,0,0,2,1,1,1,0,0,0,1,0,0,1,1,2
1166,l0,male,35,Nagykanizsa,asztalos ,175,3,0,3,1,1,1,1,1,2,13,1,0,0,217456,1,0,1,0,1,1,0,0,0,0,1,2,0,1,0,0,0,670,2,3,1,3,2,0,1,0,0,1,1,1,1
1167,l1,female,36,Nagybajcs,Szakorvos ,178,0,2,4,1,1,1,1,1,2,7,4,0,1,425547,1,1,1,1,1,0,0,1,0,0,5,1,0,1,0,0,0,312,3,3,1,2,2,1,1,1,2,0,1,1,0
1168,l1,male,64,Budakeszi,Szakorvos ,158,1,0,3,1,1,1,1,3,2,0,0,0,0,0,1,0,0,1,1,1,0,0,0,0,1,1,0,1,2,0,1,594,2,1,1,1,2,1,1,0,2,0,0,0,3
1169,l1,male,27,Nagykanizsa,Szakorvos ,170,2,0,4,1,1,1,1,1,2,0,0,0,1,286013,1,0,0,0,1,1,0,0,1,0,3,1,0,1,2,0,4,477,1,0,1,1,2,1,0,2,2,1,1,0,4
1170,l0,male,28,Nagybajcs,asztalos ,158,4,1,1,1,1,1,1,1,3,5,4,0,0,0,1,0,0,0,1,0,0,1,0,0,3,1,0,3,0,0,0,219,1,1,1,1,2,0,0,1,2,0,0,0,1
1171,l0,male,52,Budakeszi,Lakatos ,164,4,0,4,1,1,1,1,1,2,0,0,0,0,116620,1,0,0,0,1,0,0,1,1,1,5,0,1,1,0,0,2,0,3,1,1,3,2,0,0,1,0,1,0,0,1
1172,l1,male,57,Nagykanizsa,Szakorvos ,162,4,0,2,1,1,2,1,2,2,1,0,0,0,224923,1,0,0,0,1,0,0,1,1,0,2,1,0,1,2,0,3,314,3,3,1,1,2,1,0,1,1,1,1,1,1
1173,l1,female,59,Nagykanizsa,Szakorvos ,169,4,0,2,1,1,2,1,2,0,0,4,0,0,230808,1,0,0,0,1,1,0,1,1,0,1,1,0,4,0,0,3,902,2,3,1,2,0,0,0,0,0,0,1,0,0
1174,l0,male,57,Nagykanizsa,Lakatos ,165,0,0,1,1,1,1,1,1,3,2,1,0,0,0,1,0,0,0,1,1,0,1,1,0,0,2,0,3,2,0,4,0,1,1,0,1,2,1,0,0,0,1,1,1,0
1175,l1,male,33,Budakeszi,Lakatos ,172,4,0,4,1,1,1,1,1,2,0,0,0,0,147114,1,1,0,0,1,0,0,1,1,1,1,1,0,0,0,4,4,0,2,3,1,1,0,0,0,1,0,1,0,0,3
1176,l1,male,46,Budakeszi,Lakatos ,173,0,0,3,1,1,2,1,1,2,2,0,0,0,0,1,0,1,0,1,0,1,1,1,1,2,0,0,1,2,0,3,5441,2,0,1,1,1,1,1,0,0,0,1,1,3
1177,l0,male,62,Budakeszi,Lakatos ,180,0,0,2,0,1,2,1,1,2,1,0,0,0,66943,1,0,1,0,0,0,0,1,1,1,0,1,0,1,0,0,3,276,2,1,1,0,2,0,0,2,0,1,1,0,1
1178,l1,male,46,Budakeszi,Lakatos ,158,3,0,3,1,1,1,1,2,2,0,0,0,0,141533,0,0,0,0,1,1,1,1,1,0,3,3,0,1,2,0,0,0,2,1,1,0,2,0,0,1,0,1,1,1,1
1179,l1,male,32,Nagybajcs,asztalos ,170,0,0,2,1,1,1,1,1,2,3,1,0,1,620312,1,0,0,1,1,1,1,1,1,0,1,0,0,1,2,0,1,0,2,1,1,1,1,1,1,1,2,1,1,0,3
1180,l0,female,33,Nagykanizsa,Szakorvos ,158,4,0,0,0,1,1,1,1,2,2,1,0,0,0,1,0,0,0,1,0,1,1,1,0,5,3,0,1,0,1,3,440,2,0,1,1,1,0,0,1,1,0,0,0,1
1181,l0,male,43,Nagykanizsa,asztalos ,167,0,0,4,1,1,1,1,6,0,8,1,0,1,70828,1,0,0,0,1,0,1,1,0,0,4,1,0,1,0,0,1,0,3,1,1,1,1,1,0,0,0,0,1,1,3
1182,l0,male,62,Budakeszi,Lakatos ,161,4,0,3,1,1,1,0,2,2,0,0,0,0,77821,1,0,1,0,0,0,0,0,1,1,1,1,1,1,1,0,3,238,2,0,1,2,2,0,0,1,0,1,0,0,1
1183,l1,female,49,Nagykanizsa,Szakorvos ,183,3,0,4,1,1,1,1,1,3,4,1,0,0,66614,1,0,1,0,1,0,1,1,1,0,1,1,0,4,2,0,1,108,2,3,1,1,1,1,1,1,0,1,1,1,1
1184,l1,male,28,Nagykanizsa,Lakatos ,179,4,0,2,0,1,1,1,3,2,3,1,0,1,553284,0,0,1,0,1,1,0,1,1,1,1,3,0,1,0,0,0,0,2,0,1,1,2,1,0,1,1,0,1,0,4
1185,l0,male,44,Nagykanizsa,asztalos ,166,0,0,3,1,1,1,0,1,0,2,1,0,1,0,1,0,0,0,1,0,0,1,1,1,5,1,0,4,2,0,1,449,1,2,1,3,1,1,1,2,0,1,0,0,1
1186,l1,female,34,Nagykanizsa,Szakorvos ,183,3,0,3,1,1,1,1,1,3,0,0,0,0,252931,1,0,0,0,1,0,0,1,1,0,5,0,0,1,2,2,0,6103,2,1,1,2,2,0,0,1,0,1,0,0,1
1187,l0,male,52,Budakeszi,asztalos ,178,4,1,3,1,1,1,1,2,0,7,2,0,1,476201,0,0,0,0,0,1,1,0,1,1,1,0,0,1,0,2,3,448,1,1,0,2,2,0,0,2,0,1,0,0,1
1188,l0,female,55,Nagykanizsa,Lakatos ,175,4,0,3,0,1,1,1,1,0,1,0,0,1,150269,1,0,1,0,1,0,1,1,1,1,5,1,0,1,0,0,0,105,2,1,1,2,1,0,0,0,0,2,0,0,0
1189,l1,female,47,Budakeszi,Lakatos ,162,4,2,3,1,1,1,1,1,2,2,1,0,1,0,1,0,1,0,1,0,0,1,1,1,0,3,0,1,0,0,1,402,2,2,1,1,0,0,0,2,0,1,1,0,2
1190,l0,male,37,Nagykanizsa,Lakatos ,161,4,0,3,1,1,2,1,3,2,3,0,0,1,106750,0,0,1,0,1,1,1,1,1,1,1,1,0,3,1,0,0,244,2,1,1,2,2,0,0,2,2,0,0,0,1
1191,l1,female,29,Nagykanizsa,Lakatos ,186,3,0,2,0,1,1,1,1,2,1,4,0,1,709387,1,1,0,0,1,0,1,1,1,0,0,0,0,1,0,1,3,295,2,1,1,1,2,0,0,1,2,0,1,1,1
1192,l0,male,54,Budakeszi,Szakorvos ,175,0,0,3,1,1,1,1,4,2,3,4,0,1,732791,1,1,1,0,1,0,1,1,1,1,1,1,0,1,0,1,4,659,2,2,1,2,1,0,0,1,0,0,1,0,1
1193,l1,female,52,Nagykanizsa,Lakatos ,178,2,1,4,1,1,1,1,2,2,4,0,0,0,0,1,0,0,0,1,0,1,0,0,0,4,1,0,3,2,0,3,299,2,2,1,1,1,1,0,0,0,0,1,1,1
1194,l0,male,25,Budakeszi,asztalos ,178,4,0,1,1,1,1,1,2,2,1,0,0,0,594964,0,0,0,0,0,1,0,1,1,1,1,3,0,3,2,0,0,0,3,1,0,0,1,1,1,2,2,0,1,1,3
1195,l0,male,28,Budakeszi,asztalos ,169,4,0,3,0,0,0,0,1,3,7,4,0,0,181688,1,0,0,1,1,0,1,1,1,1,1,2,0,0,2,0,4,1,2,1,1,2,1,0,1,1,2,0,1,0,1
1196,l0,male,29,Budakeszi,asztalos ,165,4,1,3,0,1,1,0,1,3,3,1,0,0,0,1,0,0,0,1,1,0,0,0,0,1,1,0,1,0,1,4,720,3,0,1,1,2,0,0,1,0,0,1,0,1
1197,l1,male,25,Nagykanizsa,Szakorvos ,191,4,1,4,0,1,2,1,1,3,4,4,0,0,203351,1,0,0,1,1,1,1,1,1,0,0,1,0,4,0,0,0,47,2,1,0,1,2,1,1,1,0,1,1,1,1
1198,l1,male,59,Budakeszi,Lakatos ,167,3,0,3,1,1,2,1,1,1,2,0,0,0,315533,0,0,0,1,1,0,0,0,1,1,5,2,0,3,2,1,4,389,2,2,1,3,1,0,1,2,2,0,1,1,3
1199,l1,female,47,Budakeszi,Szakorvos ,185,0,0,3,0,1,1,1,2,2,0,0,0,0,0,1,0,0,0,1,0,0,1,0,0,5,0,0,1,0,0,0,51,3,3,1,1,2,0,0,1,0,1,0,0,0
1200,l1,male,58,Nagykanizsa,Szakorvos ,178,3,2,4,1,1,1,1,1,2,0,4,0,1,205589,0,0,0,0,0,1,1,1,1,1,1,1,0,4,0,0,0,0,2,0,1,1,0,1,1,1,0,1,0,1,1
1201,l0,male,33,Nagykanizsa,asztalos ,158,4,2,4,1,1,2,0,1,2,2,1,0,1,93561,0,0,1,0,1,1,1,1,1,1,1,0,0,1,0,0,0,351,3,3,1,1,2,0,0,2,2,1,1,1,1
1202,l1,male,27,Budakeszi,asztalos ,166,3,0,3,1,1,1,0,3,3,2,1,0,1,0,0,0,1,1,1,1,1,1,0,0,0,1,0,0,2,0,0,609,2,3,1,1,2,1,1,1,2,0,0,1,3
1203,l1,female,57,Nagybajcs,Szakorvos ,186,0,0,4,1,1,2,1,1,2,12,4,0,1,265800,1,0,1,1,1,1,0,1,0,0,5,1,0,1,0,1,0,549,1,1,1,2,2,1,1,2,2,0,1,0,3
1204,l1,male,31,Budakeszi,Lakatos ,175,4,0,4,0,1,2,0,2,2,1,1,0,0,0,1,0,0,0,1,1,0,1,1,1,1,0,0,0,0,0,3,162,3,0,0,1,2,1,0,1,0,1,0,0,1
1205,l1,female,37,Nagykanizsa,Szakorvos ,156,4,0,4,1,1,2,1,1,3,4,1,0,1,551899,1,1,0,0,1,0,0,1,1,1,5,1,0,1,2,0,0,512,2,1,0,1,2,1,1,1,1,0,0,0,1
1206,l0,male,44,Budakeszi,asztalos ,170,3,0,3,1,1,2,0,1,0,6,0,0,0,0,1,0,1,0,1,0,0,1,1,1,1,1,0,3,0,0,0,0,3,1,1,3,2,0,1,2,2,0,0,0,3
1207,l1,male,65,Nagybajcs,Lakatos ,168,4,0,4,1,1,1,1,1,0,1,1,0,0,32199,1,0,0,0,1,0,0,1,0,0,5,2,0,1,4,1,4,6472,2,2,1,1,2,1,0,1,0,1,1,1,2
1208,l1,male,34,Nagykanizsa,asztalos ,173,4,0,3,0,1,1,1,1,2,4,1,0,1,322662,0,0,1,0,1,1,0,0,1,0,2,3,0,1,2,0,0,0,1,1,1,1,2,1,1,1,0,1,1,0,1
1209,l1,male,45,Nagykanizsa,Szakorvos ,169,0,0,4,1,1,1,1,1,1,2,0,0,0,0,1,0,0,1,0,0,1,1,1,0,2,2,0,1,2,1,0,22741,3,1,0,0,2,1,1,1,0,1,1,0,2
1210,l1,male,59,Nagykanizsa,Lakatos ,181,1,0,3,0,1,1,1,2,2,1,1,0,0,0,1,0,1,1,1,0,0,1,0,1,5,2,0,1,0,2,1,542,3,1,1,3,0,1,1,1,1,1,1,1,3
1211,l1,male,49,Nagykanizsa,Szakorvos ,174,4,0,3,1,1,1,1,2,2,0,0,0,1,219224,1,0,1,0,0,0,0,1,0,1,4,1,1,1,0,0,3,577,2,2,1,1,1,0,1,1,0,1,0,0,1
1212,l1,female,28,Nagykanizsa,Szakorvos ,174,2,0,3,1,1,1,1,3,0,0,0,0,0,0,1,0,1,1,1,1,1,0,1,1,1,2,0,4,1,0,4,0,2,0,1,2,2,1,1,2,2,0,1,0,0
1213,l1,male,58,Nagykanizsa,Lakatos ,172,3,0,4,0,1,1,1,1,2,1,0,0,1,266283,1,1,1,0,0,1,0,1,1,0,1,2,0,1,2,0,4,130,2,0,1,3,2,0,1,2,2,0,0,1,3
1214,l1,male,37,Nagykanizsa,Lakatos ,166,4,0,3,1,1,1,1,2,2,10,0,0,0,82812,1,0,1,0,1,0,1,1,1,1,4,1,0,4,2,3,4,41809,1,3,1,2,1,0,0,0,0,1,0,0,1
1215,l1,male,39,Nagykanizsa,Szakorvos ,169,3,0,3,1,1,1,1,1,2,10,1,0,1,978510,1,0,1,0,1,0,0,0,0,0,5,1,0,1,0,0,3,710,3,3,1,3,2,1,1,0,0,0,1,1,1
1216,l0,male,48,Budakeszi,Lakatos ,165,3,0,3,1,1,2,1,1,1,4,0,0,0,0,1,0,0,0,1,0,1,1,1,0,2,0,0,1,2,0,0,0,2,2,1,1,2,1,1,0,0,1,0,0,1
1217,l1,male,58,Nagykanizsa,Szakorvos ,173,4,2,3,1,1,1,1,2,2,4,4,0,0,0,0,0,0,0,1,1,1,1,1,0,1,1,0,3,2,0,1,0,1,0,1,3,2,0,1,1,0,1,0,0,1
1218,l1,male,48,Budakeszi,Lakatos ,180,4,0,1,1,1,1,1,2,2,3,1,0,0,110445,1,0,0,1,1,0,1,1,1,0,1,2,1,1,2,0,3,682,2,2,1,2,0,1,1,2,2,1,1,1,1
1219,l0,male,46,Nagybajcs,asztalos ,172,3,2,3,1,1,1,0,2,3,1,0,0,0,219793,0,0,0,0,1,0,1,1,0,0,1,1,0,1,2,1,0,770,1,0,1,2,2,0,0,1,0,0,1,1,3
1220,l1,female,48,Budakeszi,Szakorvos ,150,0,0,2,1,1,1,1,1,2,5,4,0,1,0,0,1,0,1,1,0,0,1,1,1,5,1,0,1,2,3,3,486,3,1,1,1,2,1,1,1,2,0,1,0,1
1221,l1,male,54,Budakeszi,asztalos ,159,0,0,3,1,1,1,1,2,3,11,4,0,0,122995,1,0,0,0,0,1,0,1,0,0,5,0,0,1,2,0,0,352,3,3,1,1,2,1,0,1,0,1,1,1,1
1222,l0,female,27,Nagybajcs,Lakatos ,169,4,0,3,1,1,1,1,1,2,4,4,0,0,0,0,0,0,0,1,0,0,1,1,0,5,1,0,1,0,2,4,84431,2,1,1,2,1,0,0,1,2,1,0,0,0
1223,l1,male,57,Nagykanizsa,Szakorvos ,168,3,0,2,1,1,2,1,2,3,0,0,0,0,457879,1,0,0,1,1,0,0,1,1,1,1,1,0,0,0,0,3,494,2,1,0,1,0,1,0,1,1,0,0,0,0
1224,l1,male,47,Nagykanizsa,asztalos ,147,4,0,3,1,1,1,1,1,3,2,1,0,1,286219,1,0,0,1,1,1,1,0,1,1,2,0,0,1,0,0,0,0,3,0,1,1,0,1,1,1,2,1,1,1,1
1225,l0,male,37,Budakeszi,Lakatos ,162,1,2,0,1,1,1,1,2,0,5,1,0,0,0,0,0,1,0,1,0,1,1,0,0,4,0,1,1,2,0,4,0,2,1,1,3,1,0,1,1,0,1,0,0,3
1226,l0,male,28,Nagykanizsa,asztalos ,175,3,0,1,1,1,1,1,2,3,3,1,0,0,67464,1,0,0,0,1,1,0,1,1,1,1,1,0,3,0,0,0,0,2,1,1,1,2,0,0,1,0,1,1,1,1
1227,l0,male,25,Nagykanizsa,Lakatos ,176,0,2,4,1,1,1,1,1,3,3,1,0,1,99026,1,0,0,0,1,1,0,1,1,0,3,0,0,0,2,0,0,331,2,0,1,1,2,1,0,0,2,1,0,1,1
1228,l1,female,54,Nagybajcs,Szakorvos ,188,4,2,3,1,1,1,1,1,0,1,0,0,1,298708,1,0,1,0,0,0,1,1,0,0,1,1,0,1,0,0,0,400,2,3,1,3,2,1,0,2,2,0,0,0,3
1229,l1,female,40,Budakeszi,Szakorvos ,180,4,1,4,0,1,1,1,1,3,3,0,0,1,12899819,1,0,0,1,1,0,0,0,0,0,4,1,0,1,1,0,0,489,2,1,1,3,2,1,1,2,2,0,1,0,1
1230,l0,male,33,Budakeszi,Lakatos ,165,4,0,1,1,1,1,1,1,2,0,0,0,0,63437,1,0,0,0,1,0,0,1,1,0,2,3,0,0,2,0,3,0,3,1,1,1,1,1,0,2,2,1,1,1,1
1231,l1,male,29,Nagybajcs,asztalos ,153,0,0,2,1,1,1,1,3,1,1,1,0,0,0,0,0,1,1,1,0,1,1,1,0,1,1,0,1,2,2,4,41,1,0,1,1,1,1,1,2,2,0,0,0,3
1232,l1,male,65,Nagykanizsa,Lakatos ,163,4,0,4,1,1,2,1,2,1,5,1,0,0,0,1,0,0,1,1,1,0,0,1,1,5,1,0,0,2,0,1,116,1,1,1,3,1,0,0,1,2,1,1,0,3
1233,l1,male,30,Nagykanizsa,Szakorvos ,164,4,2,3,0,1,1,1,1,2,3,4,0,1,204315,1,0,1,0,1,0,0,0,0,0,1,1,0,1,2,0,0,11,1,3,1,3,2,1,1,1,2,0,1,1,4
1234,l1,male,54,Budakeszi,Szakorvos ,159,3,0,3,1,1,1,1,1,0,3,1,0,1,511308,0,0,1,1,1,0,1,0,1,1,2,0,0,1,0,0,1,460,2,1,0,1,0,1,0,2,2,1,0,1,1
1235,l1,male,60,Nagykanizsa,asztalos ,161,4,1,4,1,1,1,1,1,2,3,1,0,0,63176,1,1,0,1,1,0,0,1,0,0,0,0,0,1,2,0,3,7082,2,1,1,3,0,1,1,2,2,1,1,1,3
1236,l0,male,54,Nagybajcs,asztalos ,175,3,0,0,1,1,1,0,1,2,0,0,0,1,384261,0,0,0,0,1,1,0,1,1,0,0,0,1,1,0,1,0,0,2,3,1,1,2,1,1,1,2,1,0,0,1
1237,l0,male,32,Nagykanizsa,asztalos ,163,4,0,1,1,1,1,1,7,2,0,0,0,1,220865,1,0,0,0,1,0,0,1,1,0,1,2,0,1,2,1,3,0,1,0,1,1,2,0,0,1,0,0,1,0,3
1238,l1,male,62,Nagykanizsa,Szakorvos ,157,0,0,4,1,1,2,1,2,3,0,4,0,1,35597,1,1,0,0,1,1,1,1,1,1,5,0,0,1,2,0,0,4561,2,1,1,3,1,0,0,1,0,1,0,0,0
1239,l1,male,36,Nagykanizsa,asztalos ,182,3,0,2,1,1,1,1,1,2,1,0,0,0,0,0,0,1,0,1,0,0,0,1,0,1,1,1,1,2,0,4,4696,2,3,1,3,0,0,0,2,0,0,1,1,3
1240,l1,female,51,Nagykanizsa,Szakorvos ,175,1,0,2,1,1,1,1,1,2,2,1,0,0,0,1,0,0,0,1,1,0,1,1,0,5,3,0,3,0,0,3,145,0,0,1,3,2,0,0,2,1,0,0,0,3
1241,l1,male,41,Nagykanizsa,Szakorvos ,161,3,2,3,1,1,1,0,1,0,4,1,0,0,0,1,0,0,0,1,0,0,1,1,1,1,1,0,1,2,0,2,72,3,3,1,3,2,1,1,0,2,1,0,1,0
1242,l1,female,40,Budakeszi,Szakorvos ,170,4,0,3,1,1,1,1,4,2,0,0,0,0,38811,1,0,1,0,1,1,1,1,1,1,0,2,0,1,2,1,4,375,2,0,1,1,0,1,0,0,0,1,0,0,2
1243,l0,female,54,Budakeszi,asztalos ,175,1,0,3,1,1,2,1,1,0,0,0,0,0,0,0,0,0,0,1,0,0,1,0,0,5,1,0,1,0,0,0,797,2,0,1,3,1,0,1,2,2,1,1,1,0
1244,l0,male,25,Budakeszi,asztalos ,176,4,0,3,0,1,1,1,7,2,14,4,0,1,498820,1,1,0,0,1,0,1,1,1,1,5,2,1,1,2,4,4,500,2,3,1,2,1,0,0,2,2,0,0,0,4
1245,l1,male,56,Nagybajcs,Szakorvos ,163,4,2,4,1,1,1,1,1,2,3,1,0,1,492569,1,0,0,1,1,1,1,1,0,0,5,1,0,0,0,0,3,160,2,1,1,2,1,1,1,2,2,0,0,0,3
1246,l1,male,46,Budakeszi,Lakatos ,160,3,2,3,1,1,1,1,1,2,1,1,0,0,0,0,1,1,0,0,1,0,1,1,1,1,1,0,4,2,0,3,470,2,1,1,1,2,1,0,0,0,1,0,0,1
1247,l1,male,29,Nagykanizsa,asztalos ,176,2,0,1,1,1,1,1,1,2,3,0,0,1,325199,1,0,0,0,1,0,0,0,0,0,5,1,0,3,2,0,0,675,2,0,1,1,2,1,0,1,0,1,1,1,1
1248,l1,female,53,Nagykanizsa,Szakorvos ,171,3,0,3,0,1,1,1,1,2,0,0,0,1,0,1,0,0,0,1,0,0,0,1,1,1,0,0,1,0,0,0,59,2,0,1,2,1,0,0,2,0,0,1,1,1
1249,l1,female,42,Nagykanizsa,asztalos ,162,4,0,3,1,1,1,1,2,2,4,1,0,1,423419,0,0,1,0,1,0,1,1,1,1,1,1,0,4,2,3,3,5710,1,0,1,3,2,1,1,1,0,1,1,0,1
1250,l1,male,25,Nagykanizsa,Lakatos ,150,0,0,3,0,1,1,1,1,3,0,0,0,1,400912,1,0,0,1,1,0,0,1,1,0,5,0,1,1,2,0,0,0,3,3,1,3,2,1,1,1,2,0,1,1,2
1251,l1,female,30,Budakeszi,Szakorvos ,168,4,1,3,1,1,2,1,1,2,0,0,0,0,175808,1,1,0,0,1,1,0,1,1,1,1,1,0,1,0,2,0,555,2,1,1,2,2,0,0,0,0,0,1,1,0
1252,l1,male,47,Budakeszi,Lakatos ,173,2,0,4,1,1,1,1,3,3,1,1,0,0,12260949,0,0,1,0,1,0,0,1,1,1,1,1,1,1,0,0,0,78,3,3,1,3,1,1,1,1,1,1,0,0,1
1253,l1,female,39,Nagykanizsa,Szakorvos ,170,3,0,3,1,1,1,1,1,2,8,4,0,1,0,1,0,1,0,1,1,0,1,0,0,5,1,0,1,2,0,0,262,3,1,1,3,1,1,0,2,2,0,1,1,2
1254,l1,male,35,Nagykanizsa,Szakorvos ,177,4,2,4,1,1,2,1,2,2,4,1,0,0,167046,1,0,1,0,1,0,1,0,1,0,4,1,0,1,0,0,4,23925,3,3,1,1,0,1,0,2,1,0,0,0,3
1255,l0,female,27,Nagybajcs,asztalos ,188,3,0,3,1,1,2,1,1,2,6,4,0,1,335355,1,0,0,0,1,0,1,1,1,1,5,2,0,1,0,1,1,165,2,3,1,1,2,0,0,0,2,0,0,0,1
1256,l1,male,27,Budakeszi,asztalos ,168,0,2,3,1,1,1,1,2,2,0,0,0,0,0,1,0,0,1,1,0,1,0,1,1,5,1,0,1,0,0,4,6666,2,2,1,3,0,1,1,1,2,0,0,1,1
1257,l0,male,31,Nagybajcs,asztalos ,166,4,0,3,1,1,1,1,2,0,5,0,0,0,0,1,0,0,0,1,0,1,1,1,0,1,2,0,4,3,0,2,234,1,3,1,3,0,0,0,1,0,1,1,1,2
1258,l0,male,63,Nagykanizsa,asztalos ,170,0,0,3,1,1,1,1,2,2,5,4,0,0,0,1,0,0,0,1,1,1,1,1,0,5,1,0,1,2,0,0,0,3,3,1,3,2,0,0,1,0,1,1,1,1
1259,l1,male,61,Budakeszi,Szakorvos ,173,0,0,2,1,1,1,1,1,2,0,0,0,1,125240,1,0,0,1,0,0,0,1,0,0,0,1,0,4,0,0,1,0,2,3,0,1,0,1,0,2,2,1,0,0,2
1260,l1,male,54,Budakeszi,asztalos ,174,4,2,1,1,1,1,1,3,2,1,1,0,1,13749,1,0,0,0,1,1,0,1,0,0,1,1,0,1,2,0,3,0,0,0,1,1,2,1,0,1,0,2,1,1,1
1261,l0,female,61,Budakeszi,Lakatos ,191,4,0,1,1,1,1,1,2,2,6,0,0,0,0,1,1,0,0,1,1,0,0,1,1,1,0,0,0,2,1,3,505,2,1,1,0,2,0,1,2,0,0,0,0,0
1262,l0,male,38,Nagykanizsa,asztalos ,168,0,0,3,0,1,1,1,1,0,14,4,0,0,0,1,0,0,0,1,1,0,0,1,1,5,1,0,1,0,2,3,444,3,0,1,3,0,1,1,1,0,1,1,1,3
1263,l1,female,40,Nagykanizsa,Szakorvos ,187,3,0,4,1,1,1,1,2,0,3,1,0,0,380404,1,0,0,0,1,0,0,1,0,0,5,1,0,1,0,0,1,0,0,2,1,1,1,1,1,1,1,2,1,0,1
1264,l0,female,65,Budakeszi,Lakatos ,166,4,0,1,1,1,1,1,3,1,5,4,0,0,0,1,0,1,0,1,0,0,1,1,1,1,1,0,1,2,0,0,231,2,0,1,1,2,0,1,0,0,0,0,0,2
1265,l1,female,28,Budakeszi,Szakorvos ,183,4,0,2,1,1,1,1,1,3,0,0,0,0,0,1,0,1,0,1,0,0,1,1,1,1,1,0,4,0,0,1,360,1,1,1,3,1,0,0,1,0,0,0,0,4
1266,l0,male,60,Budakeszi,asztalos ,171,4,0,3,0,1,1,1,1,2,2,1,1,0,0,0,0,0,0,1,1,0,1,1,1,5,1,0,1,1,0,0,293,1,0,1,3,2,0,0,1,0,0,0,0,1
1267,l1,male,25,Budakeszi,Lakatos ,169,4,0,4,1,1,1,1,2,2,0,0,0,1,327091,1,0,1,0,1,0,0,0,1,1,0,1,1,0,0,0,0,365,3,1,1,3,2,1,0,1,0,0,1,1,3
1268,l1,male,48,Budakeszi,asztalos ,164,3,0,3,1,1,1,1,1,2,5,4,0,0,552796,1,0,1,1,1,0,0,0,0,0,5,1,0,1,3,1,4,888,1,3,1,3,1,1,1,2,2,1,1,0,1
1269,l0,female,38,Budakeszi,Szakorvos ,191,1,0,1,1,1,1,1,3,3,2,0,0,0,0,1,0,0,0,1,1,0,0,1,0,3,1,0,4,1,2,4,11,2,0,1,3,2,1,1,1,0,0,1,1,0
1270,l1,male,32,Budakeszi,asztalos ,165,3,0,3,0,1,2,1,1,0,7,4,0,0,62129,1,0,0,0,1,0,1,1,1,1,2,0,0,1,2,2,1,254,1,1,1,3,2,1,0,1,0,1,1,0,1
1271,l1,male,31,Budakeszi,Szakorvos ,184,0,0,4,1,1,2,1,1,3,0,0,0,1,165228,0,0,1,0,1,1,1,0,1,1,2,2,0,1,0,0,0,0,3,0,1,0,2,1,1,1,2,0,1,1,2
1272,l0,male,40,Nagykanizsa,Lakatos ,170,4,0,1,1,1,2,0,1,3,0,0,0,0,72046,1,0,0,0,1,1,0,1,1,1,0,1,1,4,2,0,3,927,2,0,1,2,2,1,0,1,0,1,1,0,1
1273,l1,male,28,Budakeszi,Lakatos ,175,3,2,3,0,1,1,1,2,0,4,1,0,1,0,1,1,0,0,1,0,0,1,0,0,4,1,0,1,4,2,3,338,2,1,1,1,1,1,1,0,0,0,1,1,3
1274,l0,male,30,Nagykanizsa,Lakatos ,172,4,0,1,1,1,1,1,2,3,1,1,0,0,134143,1,0,0,0,1,0,1,1,1,1,0,1,0,4,2,2,4,314,1,1,1,3,1,0,0,0,1,1,0,0,0
1275,l1,male,51,Nagykanizsa,Szakorvos ,175,4,0,3,1,1,1,1,2,3,3,1,0,0,225867,1,0,0,0,0,0,0,1,1,1,5,0,0,1,0,1,3,520,2,1,1,0,2,0,1,1,2,0,1,0,1
1276,l0,male,25,Nagykanizsa,asztalos ,166,0,0,1,1,1,1,1,0,2,4,4,0,1,287918,0,0,0,1,0,0,0,1,1,1,3,1,0,1,2,0,3,1255,3,1,1,1,2,0,1,1,2,0,0,0,1
1277,l1,male,59,Budakeszi,Szakorvos ,174,4,0,3,0,1,3,1,1,3,0,0,1,1,423750,0,0,0,0,1,0,0,1,1,1,2,1,0,1,0,2,4,224,2,0,1,3,2,0,0,0,0,0,0,0,2
1278,l1,male,40,Nagykanizsa,asztalos ,171,4,0,3,1,1,1,1,8,2,0,0,0,1,5120,0,0,0,0,0,0,1,1,1,0,0,1,0,1,0,4,1,0,2,1,1,1,1,0,1,2,2,1,0,1,1
1279,l0,male,45,Nagykanizsa,asztalos ,150,0,0,3,0,1,1,0,1,0,0,0,1,1,196969,1,0,1,0,0,0,1,1,1,1,0,1,0,1,2,0,3,862,3,1,1,0,2,0,0,2,0,0,0,0,2
1280,l1,male,58,Budakeszi,Szakorvos ,168,0,0,4,1,1,1,1,1,2,0,0,0,1,252286,0,0,0,0,1,1,0,1,1,0,5,0,1,1,1,0,0,249,2,3,1,3,2,0,0,1,0,1,0,0,2
1281,l1,female,32,Budakeszi,Szakorvos ,173,0,2,4,1,1,1,1,1,2,1,1,0,1,792078,1,1,1,0,1,1,0,0,1,1,0,1,0,1,1,0,0,234,2,0,1,2,2,1,0,1,1,1,0,0,4
1282,l1,male,47,Budakeszi,Szakorvos ,168,4,1,2,0,1,1,1,1,2,2,1,0,1,159992,1,0,1,0,1,0,0,1,0,0,4,2,0,4,0,3,4,73756,2,0,1,3,2,0,0,1,0,1,0,0,3
1283,l1,female,48,Budakeszi,Szakorvos ,167,4,0,3,0,1,1,1,3,2,0,0,0,1,253274,1,0,1,0,1,1,0,1,1,0,1,3,0,4,0,0,0,270,2,2,1,3,1,1,0,1,2,0,1,1,4
1284,l0,male,65,Nagykanizsa,Lakatos ,159,4,0,3,0,1,1,1,1,2,0,0,0,1,318986,1,0,1,0,1,0,0,1,1,0,5,1,0,1,0,0,4,379,2,0,1,1,1,0,0,1,0,0,1,1,2
1285,l0,female,47,Nagykanizsa,asztalos ,165,3,0,3,0,1,1,1,1,2,2,1,0,1,0,1,0,0,0,1,0,0,0,0,0,1,1,0,1,0,2,3,654,1,1,1,1,2,1,0,1,0,0,0,1,1
1286,l0,male,62,Budakeszi,Szakorvos ,186,0,0,3,1,1,1,1,1,3,2,1,0,1,385027,1,0,0,0,1,1,1,1,0,1,5,3,0,1,2,0,0,173,2,3,1,2,2,0,0,1,2,0,0,0,3
1287,l1,female,56,Nagykanizsa,Szakorvos ,194,1,1,4,0,1,1,1,1,2,12,4,0,0,331937,1,0,0,0,1,1,0,1,1,1,0,1,0,1,0,3,4,418,3,0,1,2,0,1,1,1,2,0,0,0,2
1288,l1,female,36,Budakeszi,Szakorvos ,163,3,0,3,1,1,1,1,1,0,7,4,0,1,265682,1,0,1,0,1,1,1,0,1,0,1,0,0,4,0,0,3,67,2,1,1,2,0,1,0,0,0,1,1,1,2
1289,l1,male,39,Nagykanizsa,asztalos ,182,4,0,3,1,1,1,1,1,3,0,0,0,0,0,1,0,1,1,1,0,1,1,1,1,2,1,0,1,0,0,3,332,2,1,1,3,1,1,0,2,2,0,1,1,3
1290,l1,female,44,Budakeszi,Szakorvos ,177,0,0,4,1,1,1,0,1,0,2,0,0,0,290396,1,0,0,0,1,1,1,1,1,1,1,0,0,1,2,0,4,649,0,2,1,2,2,0,0,1,0,0,1,0,3
1291,l0,male,27,Nagykanizsa,Lakatos ,176,0,1,4,1,1,1,1,1,0,2,0,0,0,0,1,1,1,0,1,1,0,1,0,0,2,1,1,1,2,0,0,0,2,1,1,1,2,1,0,1,0,1,0,0,0
1292,l0,male,43,Budakeszi,asztalos ,167,1,0,3,0,1,1,1,3,2,2,0,0,1,0,1,0,0,1,1,1,0,0,1,0,1,0,0,3,2,0,0,0,2,1,1,2,0,1,1,2,2,0,0,0,1
1293,l1,male,31,Nagykanizsa,Lakatos ,178,4,0,3,1,1,1,1,1,3,2,0,0,1,52671,1,1,0,0,1,1,0,1,1,1,0,2,0,1,0,0,3,0,2,3,1,3,2,0,0,1,0,1,1,1,2
1294,l1,male,41,Nagykanizsa,Lakatos ,172,0,0,4,1,1,1,1,1,0,2,1,0,0,209633,0,0,0,0,1,0,0,1,0,0,5,1,0,1,2,0,1,195,2,1,1,1,2,1,0,1,2,0,1,1,1
1295,l1,female,62,Budakeszi,Szakorvos ,188,3,0,3,1,1,1,1,1,3,1,1,0,1,216554,0,0,1,0,1,1,0,1,1,1,5,3,0,1,0,0,3,18,2,0,1,2,2,1,0,2,0,1,0,1,4
1296,l0,male,31,Nagykanizsa,Lakatos ,159,3,1,3,1,1,1,1,2,2,0,0,0,0,0,1,0,0,0,0,1,0,1,1,1,5,2,0,1,3,4,4,0,3,3,1,1,1,0,0,0,0,1,1,1,3
1297,l1,male,27,Budakeszi,Lakatos ,179,3,2,4,1,1,1,1,0,2,3,0,0,0,0,1,0,0,1,1,0,1,1,1,0,1,0,0,0,2,0,3,382,2,1,1,3,2,1,0,2,0,0,0,0,0
1298,l1,male,41,Nagykanizsa,asztalos ,166,3,0,2,1,1,3,1,1,2,1,1,0,0,468467,0,0,1,0,1,0,1,1,0,0,2,0,0,0,0,4,3,841,2,0,1,1,2,1,0,2,2,1,1,1,3
1299,l1,male,49,Nagykanizsa,Szakorvos ,184,0,0,2,1,1,2,1,2,0,2,1,0,0,282327,1,0,0,0,1,1,0,1,0,0,5,1,1,1,2,0,4,624,2,2,1,1,2,1,1,2,2,0,1,1,1
1300,l0,male,32,Budakeszi,asztalos ,164,0,0,1,1,1,2,1,0,0,0,0,0,0,375357,1,0,0,0,1,0,0,1,1,1,5,1,0,1,0,0,4,0,3,3,1,2,2,1,1,1,1,0,1,1,0
1301,l0,male,59,Budakeszi,Lakatos ,158,1,0,3,1,1,1,1,2,2,3,4,0,0,0,0,0,0,1,1,0,1,1,1,1,5,1,1,4,3,2,1,0,3,3,1,3,2,1,0,2,2,1,1,1,2
1302,l0,male,60,Nagykanizsa,asztalos ,158,4,0,3,1,1,1,1,2,3,0,0,0,0,0,0,0,0,0,1,1,0,0,1,1,1,1,0,1,2,0,4,822,2,1,1,3,2,0,0,0,1,1,1,1,1
1303,l1,female,64,Nagybajcs,asztalos ,168,3,0,3,1,1,1,0,2,3,0,0,0,0,0,1,0,0,0,1,0,0,1,0,0,1,1,0,4,2,0,1,14,1,0,0,1,2,0,1,1,0,1,1,0,3
1304,l0,female,33,Budakeszi,Szakorvos ,171,3,0,3,1,1,1,1,1,2,3,1,0,0,282128,1,0,0,0,1,0,1,0,1,1,2,2,0,1,0,0,4,321,2,0,1,1,1,1,1,2,0,1,1,1,1
1305,l1,male,56,Nagykanizsa,Szakorvos ,163,3,0,4,1,1,1,1,1,0,1,0,0,0,163528,1,0,0,0,1,0,1,0,0,0,3,0,0,1,2,0,3,469,1,1,0,1,2,1,1,2,0,0,1,1,1
1306,l0,male,32,Nagykanizsa,Szakorvos ,175,0,2,3,1,1,1,1,0,1,0,0,0,0,0,1,0,0,0,1,1,1,0,0,0,4,2,0,1,1,3,3,82882,1,0,1,3,3,0,0,1,0,1,0,0,1
1307,l1,male,56,Nagykanizsa,Szakorvos ,168,4,2,3,1,1,1,1,9,2,3,1,0,0,314219,0,0,0,0,0,1,1,0,1,0,1,1,0,1,2,0,1,0,3,1,0,3,2,0,1,1,2,0,1,1,3
1308,l1,female,29,Nagykanizsa,Szakorvos ,165,0,0,2,1,1,2,1,1,3,0,0,0,0,149247,0,0,1,0,0,1,0,1,0,0,3,0,0,1,2,0,4,671,2,1,1,1,2,1,1,1,0,0,1,1,1
1309,l0,male,40,Budakeszi,asztalos ,153,0,2,3,1,1,1,1,1,2,4,4,0,0,0,0,0,0,0,1,1,0,1,1,0,4,0,0,1,2,0,1,0,2,3,1,1,2,1,0,1,0,0,1,0,0
1310,l1,male,36,Nagybajcs,Lakatos ,160,3,2,4,1,1,1,1,2,3,2,1,0,1,194527,1,0,0,1,1,1,0,1,0,0,5,0,0,4,0,0,0,563,2,1,1,2,1,1,0,1,1,0,1,1,3
1311,l1,male,38,Nagykanizsa,Szakorvos ,177,0,0,3,0,1,1,1,0,3,12,4,0,1,180042,1,0,0,0,1,0,0,1,1,1,5,1,0,3,0,0,2,28962,2,1,1,1,2,0,1,2,2,1,0,1,2
1312,l0,male,26,Nagykanizsa,asztalos ,173,0,0,3,1,1,1,1,1,2,7,4,0,0,162152,1,0,1,0,1,0,0,0,1,1,1,2,0,1,2,0,0,143,1,0,1,2,2,0,0,2,0,0,1,0,2
1313,l0,male,42,Nagykanizsa,asztalos ,173,4,1,3,0,1,1,1,1,3,2,1,0,1,341475,1,0,0,0,1,1,0,1,1,1,0,1,0,1,0,0,1,195,1,0,1,0,2,1,1,1,1,0,0,0,1
1314,l0,male,58,Nagykanizsa,asztalos ,162,3,0,3,1,1,1,0,2,2,3,4,0,1,210440,1,0,0,0,1,1,1,1,0,0,1,1,0,1,0,0,0,105,3,0,1,2,2,0,0,0,0,0,0,0,3
1315,l0,male,55,Nagykanizsa,Lakatos ,167,3,2,1,1,1,1,1,1,0,0,4,0,0,0,1,0,1,0,1,1,0,1,1,1,5,1,0,1,0,1,4,0,1,0,1,1,1,0,0,0,0,0,1,1,1
1316,l1,male,65,Nagykanizsa,Lakatos ,172,0,0,3,0,1,1,1,2,0,2,4,0,0,0,1,0,0,1,0,1,0,1,0,0,1,0,0,1,2,0,0,192,2,0,1,1,2,0,0,2,2,1,1,0,1
1317,l1,male,40,Nagykanizsa,Szakorvos ,160,0,0,3,0,0,0,1,8,3,7,4,0,0,553308,1,0,0,0,1,0,0,1,0,0,3,1,0,0,2,0,4,25628,1,1,1,3,0,1,1,1,1,0,0,0,3
1318,l1,male,61,Nagykanizsa,Szakorvos ,174,4,0,3,1,1,1,1,1,2,2,0,0,1,0,0,0,0,0,1,1,0,0,1,0,1,1,0,1,2,0,0,0,1,1,1,1,1,1,1,1,0,0,0,0,1
1319,l1,male,42,Nagykanizsa,asztalos ,180,0,0,3,1,1,2,0,2,2,2,1,0,1,105106,0,0,0,0,0,1,0,0,1,1,0,2,0,4,0,0,3,319,2,1,1,1,0,1,0,1,0,1,1,1,0
1320,l0,male,45,Budakeszi,Lakatos ,168,0,0,1,0,1,1,1,1,2,2,1,0,1,343355,1,0,0,0,0,0,0,1,1,1,0,2,0,1,0,0,0,22,2,3,1,0,1,1,0,1,0,1,1,1,2
1321,l1,male,25,Nagykanizsa,asztalos ,169,4,2,3,1,1,1,1,1,3,3,1,0,0,55501,1,1,0,1,0,0,0,1,1,1,1,1,1,4,2,0,0,585,3,3,1,2,0,0,1,1,0,1,1,1,1
1322,l1,female,44,Nagykanizsa,Szakorvos ,166,3,2,4,1,1,1,1,2,2,7,4,0,1,39640,0,0,0,0,0,1,0,0,1,1,1,1,0,1,1,0,0,0,3,3,1,1,2,0,0,1,2,0,1,1,1
1323,l0,male,27,Budakeszi,asztalos ,165,3,0,2,1,1,1,1,1,2,1,1,0,1,324262,1,0,1,0,1,0,0,1,1,1,1,1,1,1,2,0,0,0,2,3,1,2,2,0,1,0,1,1,0,1,1
1324,l1,female,38,Nagybajcs,Szakorvos ,173,0,0,3,1,1,1,1,1,3,1,0,0,1,307154,0,0,0,0,1,0,1,1,1,1,1,3,0,4,0,0,0,0,2,0,1,1,1,0,1,1,0,1,1,1,1
1325,l0,female,61,Budakeszi,Lakatos ,187,0,0,3,1,1,1,1,2,3,0,0,0,0,0,0,0,0,0,1,0,0,1,1,1,5,1,0,4,0,0,1,229,2,1,1,3,2,1,1,1,2,0,1,0,1
1326,l1,male,60,Budakeszi,Szakorvos ,165,3,0,3,1,1,1,1,2,3,0,1,0,0,0,1,0,0,0,1,0,0,0,1,1,5,1,0,0,2,0,1,704,3,1,1,0,1,0,0,1,0,0,0,0,2
1327,l1,female,58,Budakeszi,Lakatos ,169,0,0,4,1,1,1,1,0,2,1,1,0,1,36191,1,0,0,0,1,0,1,0,1,0,2,1,0,1,2,0,3,518,2,0,1,3,0,0,0,1,0,0,1,1,0
1328,l1,female,62,Nagykanizsa,Szakorvos ,182,1,0,4,1,1,1,1,2,2,0,0,0,0,0,1,1,0,1,1,0,1,1,1,1,0,1,0,1,0,0,0,773,2,1,1,1,2,1,1,0,0,0,0,0,1
1329,l1,male,46,Nagykanizsa,Szakorvos ,182,3,0,4,0,1,1,0,1,2,5,4,0,1,91758,1,0,0,0,1,0,0,1,1,1,1,0,0,1,0,0,1,0,2,0,1,3,2,0,0,0,0,1,1,0,3
1330,l0,male,44,Nagykanizsa,Lakatos ,156,0,1,1,1,1,1,1,3,2,1,0,0,0,0,1,0,0,0,1,0,1,1,1,1,0,0,0,1,0,1,4,595,2,1,1,1,2,0,1,1,0,0,0,0,1
1331,l0,male,60,Nagykanizsa,asztalos ,172,4,0,3,1,1,1,1,7,2,2,0,0,1,0,0,0,0,0,1,0,0,1,1,1,5,0,0,1,1,0,3,0,2,0,1,1,1,1,0,1,2,1,0,0,2
1332,l1,male,31,Nagykanizsa,Szakorvos ,172,3,0,1,0,1,1,1,1,2,2,1,0,0,64292,1,0,1,1,1,0,0,1,1,0,1,1,0,1,2,0,0,3591,1,2,1,2,0,1,1,1,2,1,1,0,1
1333,l0,male,28,Nagykanizsa,asztalos ,177,4,0,3,0,1,1,1,1,3,0,4,0,0,40536,0,0,0,0,1,1,0,1,0,0,5,1,0,1,1,3,1,476,3,1,1,3,2,1,0,1,0,1,1,1,1
1334,l1,male,29,Nagykanizsa,asztalos ,166,3,0,3,0,1,1,1,0,2,2,4,0,0,0,1,0,0,0,0,1,0,0,1,1,1,0,0,1,2,0,3,414,2,1,1,3,2,1,0,2,2,1,1,1,1
1335,l1,male,46,Budakeszi,asztalos ,171,1,0,3,0,1,1,1,1,3,2,1,0,1,9825819,1,1,1,1,1,0,0,1,1,0,2,1,0,4,2,3,3,371,1,0,1,1,1,1,1,1,0,1,0,0,3
1336,l0,female,26,Nagybajcs,Lakatos ,175,4,2,3,1,1,0,1,2,3,3,4,0,0,74259,1,1,0,0,1,0,0,1,1,0,5,0,0,1,0,0,0,58,2,0,1,1,1,0,0,1,0,0,1,1,1
1337,l1,female,40,Budakeszi,Szakorvos ,152,4,1,4,1,1,1,1,1,3,2,0,0,1,0,1,1,0,0,1,0,1,1,1,0,5,2,0,1,2,0,0,884,2,3,1,1,2,0,0,1,0,0,0,0,1
1338,l0,male,34,Budakeszi,Lakatos ,160,3,0,1,0,1,1,1,3,2,3,1,0,0,0,1,0,0,0,1,1,0,1,1,1,0,2,0,1,3,0,3,142,1,1,1,1,2,1,0,0,0,1,1,1,0
1339,l1,male,55,Budakeszi,Lakatos ,173,3,0,1,1,1,1,1,1,0,4,1,0,1,51704,0,0,1,0,1,1,1,0,1,1,2,0,1,1,2,0,1,594,1,3,1,3,2,0,0,0,2,0,1,1,3
1340,l0,male,38,Nagykanizsa,asztalos ,168,4,0,3,0,1,1,1,3,3,1,1,0,0,78530,0,0,0,0,1,0,1,0,0,0,3,0,0,1,2,0,0,573,2,2,1,3,2,0,0,1,2,1,1,0,1
1341,l1,female,60,Nagykanizsa,Szakorvos ,161,0,0,3,1,1,1,1,8,2,10,4,0,0,0,1,0,0,0,1,0,0,1,1,1,1,3,0,1,0,0,4,331,2,1,1,1,2,0,0,1,0,1,0,0,2
1342,l1,female,43,Budakeszi,asztalos ,167,0,0,3,1,1,1,1,1,2,3,4,0,1,3752,1,1,1,0,1,0,0,1,0,0,1,0,0,4,2,0,0,290,1,0,1,1,2,0,0,0,0,0,1,1,3
1343,l0,male,59,Nagykanizsa,asztalos ,161,0,0,2,1,1,1,1,2,2,1,0,0,0,0,1,0,0,0,1,1,1,1,0,0,1,0,0,4,0,3,4,658,2,0,1,3,2,1,1,1,0,0,0,0,1
1344,l0,male,42,Nagybajcs,Lakatos ,172,4,0,1,1,1,1,0,2,2,0,0,0,1,49621,1,0,0,0,1,0,1,1,1,1,1,2,0,1,4,1,4,623,2,1,1,2,1,0,1,0,0,1,1,1,3
1345,l1,male,30,Nagykanizsa,Szakorvos ,177,3,1,4,1,1,1,1,1,3,2,1,0,1,0,1,0,0,0,0,1,0,1,1,0,3,1,1,1,1,0,0,0,2,1,1,1,2,0,1,1,2,0,1,1,1
1346,l0,male,45,Nagykanizsa,Szakorvos ,179,3,0,3,1,1,1,1,1,2,1,1,0,1,0,0,0,0,0,1,0,0,1,1,1,3,3,0,4,0,3,3,237,2,0,1,1,0,0,0,1,2,0,0,0,0
1347,l1,male,59,Nagykanizsa,Lakatos ,174,4,0,4,1,1,1,1,3,2,8,4,0,1,151224,1,0,1,0,1,1,0,0,0,0,5,0,0,1,0,0,3,458,2,1,1,1,0,0,0,1,0,0,1,0,3
1348,l1,female,61,Budakeszi,Szakorvos ,183,0,0,4,1,1,1,1,2,3,0,0,0,0,0,0,0,1,0,0,0,1,0,1,0,2,1,0,1,0,0,3,0,1,0,1,1,2,1,0,2,2,1,0,0,3
1349,l1,female,63,Budakeszi,Szakorvos ,185,3,0,4,1,1,1,1,1,2,0,0,0,0,0,1,0,0,0,1,0,0,1,1,1,5,1,1,0,2,0,4,327,3,1,1,1,2,1,0,1,0,1,0,0,4
1350,l1,male,25,Nagybajcs,Szakorvos ,163,1,2,3,1,1,2,1,0,0,5,4,0,0,229656,1,0,1,1,0,1,0,1,0,0,4,1,1,0,2,0,4,636,2,3,1,2,1,1,0,1,2,1,1,0,1
1351,l1,female,43,Nagykanizsa,Szakorvos ,168,3,0,2,1,1,1,1,2,3,4,4,0,0,0,1,0,0,1,1,0,1,1,1,0,3,1,0,1,1,0,1,4897,2,3,1,3,2,1,1,2,2,1,1,1,1
1352,l1,male,64,Nagykanizsa,Szakorvos ,173,2,0,2,0,1,1,0,1,2,0,0,0,0,0,0,0,0,0,1,0,0,1,1,1,5,1,0,1,0,4,3,876,2,1,1,1,0,0,0,0,0,1,0,0,0
1353,l0,female,45,Nagykanizsa,asztalos ,162,0,0,3,1,1,1,1,3,2,10,4,0,0,0,1,0,1,0,1,0,0,1,1,1,1,1,0,1,4,0,4,0,2,0,1,3,1,0,0,2,2,1,0,0,1
1354,l0,male,25,Nagykanizsa,asztalos ,167,0,2,3,0,1,1,1,1,3,2,1,0,1,263148,1,1,0,0,1,1,1,1,1,1,0,1,1,1,2,2,0,375,2,2,1,1,2,0,0,2,0,1,0,0,1
1355,l0,male,48,Nagykanizsa,asztalos ,175,2,0,3,1,1,2,1,2,3,5,4,0,1,115,1,0,0,0,1,1,0,1,1,0,1,2,0,1,2,0,0,535,1,0,1,1,1,0,0,1,0,1,0,0,1
1356,l1,male,54,Budakeszi,Lakatos ,159,1,1,3,1,1,1,1,1,2,2,1,0,0,50473,0,0,0,0,0,0,0,0,1,1,5,2,0,4,0,1,4,5152,1,1,1,1,2,1,0,1,0,0,1,0,3
1357,l0,female,45,Budakeszi,asztalos ,172,3,0,3,0,1,1,1,2,3,0,0,0,0,0,1,0,0,1,1,1,1,1,1,1,5,1,0,1,0,1,1,190,2,3,1,1,1,1,1,2,1,0,1,0,1
1358,l1,female,27,Budakeszi,Szakorvos ,173,1,0,4,1,1,2,1,1,2,1,1,0,1,396743,0,0,0,1,1,0,0,1,1,1,1,2,0,2,0,0,0,266,2,1,1,3,1,0,0,1,2,1,1,1,3
1359,l1,female,65,Nagybajcs,Szakorvos ,193,1,2,3,1,1,1,1,1,2,1,0,0,0,443471,1,0,1,0,1,1,1,1,1,1,1,1,0,4,0,0,0,230,2,0,1,0,2,1,1,0,0,1,1,1,1
1360,l1,male,46,Nagybajcs,Lakatos ,171,1,1,2,1,1,1,1,1,2,2,1,0,0,55551,1,0,1,0,1,0,1,1,1,1,5,1,0,0,4,0,0,0,3,3,1,1,1,0,0,2,0,1,1,1,2
1361,l1,female,47,Budakeszi,asztalos ,182,1,0,2,1,1,1,1,1,2,2,1,0,0,47079,0,0,0,0,0,0,0,1,1,0,3,0,1,1,2,0,0,52,2,1,1,3,2,0,1,1,0,0,1,0,0
1362,l0,male,30,Budakeszi,Lakatos ,177,1,0,2,0,0,1,1,4,2,0,0,0,0,0,1,0,0,0,0,1,1,1,1,0,1,1,0,1,2,0,0,0,3,3,1,2,2,0,0,1,0,1,1,1,0
1363,l0,female,29,Nagybajcs,asztalos ,174,3,0,3,1,1,1,1,2,2,0,0,0,0,0,1,0,0,0,1,0,0,1,1,0,5,1,0,1,0,1,3,0,2,0,1,2,2,1,0,1,0,1,0,0,1
1364,l1,male,50,Budakeszi,Lakatos ,152,0,0,3,1,1,1,1,1,2,3,1,0,1,517357,1,0,1,0,1,0,0,0,1,0,1,1,0,0,0,3,3,786,2,1,1,1,1,0,0,1,0,0,0,0,4
1365,l0,male,42,Nagykanizsa,Lakatos ,169,4,0,0,1,1,1,1,2,2,1,1,0,0,0,1,0,0,0,0,0,0,1,1,1,0,1,0,0,0,0,0,503,2,3,1,1,0,0,0,0,0,1,1,1,1
1366,l0,male,34,Nagykanizsa,Lakatos ,161,3,0,1,0,1,1,1,3,2,2,0,0,0,0,1,1,0,1,0,1,1,1,1,1,1,1,1,1,0,0,0,477,2,3,0,1,0,1,0,1,2,1,0,0,0
1367,l0,male,43,Budakeszi,asztalos ,167,0,0,3,0,1,1,1,8,0,1,4,0,0,0,1,0,0,0,1,0,0,1,1,0,1,0,0,4,0,0,4,554,1,0,1,3,1,0,0,2,0,0,0,0,1
1368,l0,male,44,Budakeszi,Szakorvos ,157,0,0,1,1,1,2,1,2,2,1,1,0,0,0,0,0,0,0,1,0,1,1,1,0,2,0,0,1,3,0,0,489,2,1,1,1,0,0,0,1,2,0,1,1,1
1369,l1,male,47,Budakeszi,Lakatos ,174,0,2,3,1,1,1,1,1,3,2,0,0,0,0,0,0,0,0,0,1,0,0,1,1,3,1,0,1,2,1,4,7542,2,1,1,0,1,0,1,1,0,1,0,0,1
1370,l0,male,42,Nagybajcs,Szakorvos ,167,1,0,3,0,1,1,1,3,2,3,1,0,0,150566,1,0,1,0,1,1,0,1,1,0,0,1,0,1,2,0,0,0,3,1,1,1,0,1,0,2,2,1,0,0,0
1371,l0,male,25,Nagykanizsa,Lakatos ,153,3,0,0,1,1,1,1,3,2,2,4,0,0,173621,1,0,0,0,1,0,0,0,1,1,2,1,1,1,0,0,4,250,3,1,1,3,2,0,0,1,0,1,0,0,2
1372,l1,female,30,Budakeszi,Szakorvos ,169,0,0,2,1,1,2,1,1,2,7,4,0,0,237609,1,0,0,0,1,0,0,1,1,0,5,1,0,4,2,3,3,29219,2,0,1,3,1,1,1,1,1,0,1,0,1
1373,l0,male,36,Nagykanizsa,asztalos ,153,0,0,1,0,1,1,1,1,2,0,0,0,0,0,1,1,1,0,1,0,1,0,1,1,5,1,0,1,2,0,3,0,2,0,1,3,1,0,0,1,0,1,0,0,3
1374,l0,male,31,Budakeszi,asztalos ,168,3,1,4,1,1,1,1,1,3,0,0,0,0,0,0,0,1,0,0,1,0,1,0,0,0,1,0,4,0,0,0,0,2,3,1,1,2,0,0,2,2,1,1,0,2
1375,l0,male,32,Nagybajcs,Lakatos ,160,0,2,1,1,1,1,1,1,3,1,1,0,1,342939,1,0,0,0,1,1,1,1,0,0,4,1,0,4,2,2,4,6112,2,1,1,1,1,1,0,1,2,1,1,1,1
1376,l1,male,63,Nagykanizsa,Lakatos ,169,3,0,4,0,1,2,1,2,2,0,1,0,0,569376,1,1,1,0,1,1,0,1,0,0,1,1,0,1,2,0,4,246,2,0,1,0,2,0,0,1,0,0,1,1,3
1377,l1,female,40,Nagybajcs,Szakorvos ,188,0,2,2,1,1,1,1,1,3,1,0,0,1,155887,1,0,1,0,1,0,1,1,1,1,5,2,0,4,2,0,0,42771,1,0,1,3,2,0,0,1,0,0,0,1,1
1378,l1,female,43,Nagykanizsa,Lakatos ,181,0,0,2,1,1,1,1,1,2,1,0,0,1,331790,0,0,0,0,1,1,1,1,1,0,5,1,0,1,2,0,3,448,3,0,1,2,2,1,0,1,0,1,0,0,3
1379,l1,male,43,Budakeszi,asztalos ,176,3,0,2,0,1,1,1,2,2,2,1,0,1,0,1,0,0,0,0,0,0,1,0,0,1,1,0,1,0,3,4,8225,3,1,0,0,2,1,1,0,0,0,1,1,3
1380,l1,female,33,Budakeszi,Lakatos ,169,3,0,4,0,1,1,1,3,2,4,4,0,0,0,1,0,0,0,0,1,1,1,1,1,0,0,0,1,0,0,0,198,3,1,1,1,1,0,0,1,0,1,1,1,1
1381,l1,male,63,Budakeszi,Lakatos ,166,0,0,3,1,1,2,1,2,0,4,1,0,0,0,1,0,0,0,1,0,0,1,1,0,1,1,0,1,2,4,1,755,3,3,1,3,2,0,0,2,0,0,1,0,0
1382,l0,male,26,Nagykanizsa,Lakatos ,173,3,0,4,1,1,2,1,1,3,1,0,0,0,0,1,0,0,0,1,1,0,0,1,0,5,1,0,4,2,2,3,378,1,1,1,3,1,1,1,1,0,1,0,0,1
1383,l1,female,49,Nagykanizsa,asztalos ,188,3,0,3,1,1,1,1,1,1,5,0,0,0,178244,0,0,0,0,1,1,0,0,1,1,5,1,0,0,4,2,3,28024,2,1,1,2,1,0,0,1,0,1,1,1,2
1384,l0,male,43,Budakeszi,asztalos ,160,1,2,1,1,1,1,1,2,3,2,0,0,0,0,1,0,0,0,0,0,0,1,1,0,3,1,0,1,2,0,3,0,1,2,1,1,2,0,1,1,0,0,0,0,1
1385,l0,female,31,Budakeszi,Szakorvos ,159,4,0,3,0,1,1,1,1,3,7,0,0,0,718291,0,0,1,0,1,0,0,1,1,1,1,1,1,4,2,0,0,0,3,3,1,2,2,1,0,0,0,1,1,1,2
1386,l0,female,43,Nagykanizsa,asztalos ,162,3,0,3,1,1,1,1,2,2,1,0,0,1,0,1,0,0,0,0,0,0,1,1,1,1,1,0,1,0,1,2,23,3,1,0,1,0,0,1,1,2,0,1,1,1
1387,l1,female,26,Nagykanizsa,Szakorvos ,182,3,0,3,1,1,1,1,1,2,0,0,0,0,290597,1,0,1,0,1,1,0,1,0,0,1,3,0,0,2,1,4,38138,2,0,1,3,2,0,0,0,0,0,1,1,4
1388,l0,male,62,Nagybajcs,Lakatos ,164,1,0,1,1,1,1,1,2,2,1,0,0,1,346122,1,1,0,0,1,1,0,0,1,0,1,1,0,0,2,3,3,675,2,1,0,3,2,1,0,1,1,0,1,1,2
1389,l1,male,57,Nagykanizsa,Szakorvos ,168,4,0,4,1,1,1,1,0,0,0,1,0,1,0,1,0,1,0,1,0,1,1,1,1,1,1,0,4,0,4,1,0,2,1,1,3,2,1,0,2,0,0,1,1,4
1390,l0,male,59,Nagykanizsa,asztalos ,180,2,2,3,1,1,3,1,2,2,9,4,0,1,0,1,0,0,0,1,1,0,1,1,1,5,1,0,1,0,3,3,700,1,3,1,3,2,1,1,2,0,0,1,0,1
1391,l1,male,26,Nagykanizsa,asztalos ,162,4,0,3,1,1,2,1,1,2,3,4,0,0,2908,0,0,0,1,1,1,1,1,1,0,5,1,1,1,0,0,3,250,3,3,1,2,2,1,1,1,2,1,1,1,1
1392,l0,male,51,Budakeszi,Lakatos ,167,3,0,1,1,1,1,1,3,3,2,1,0,0,279153,1,1,0,0,1,0,0,1,1,0,5,1,0,1,2,2,4,538,2,1,1,0,2,1,0,1,2,0,0,0,3
1393,l1,male,44,Nagykanizsa,Szakorvos ,169,0,0,2,1,1,1,1,0,0,3,1,0,0,0,1,0,0,0,0,1,0,1,1,0,5,1,0,4,0,4,4,6473,0,1,1,1,2,0,0,1,2,0,0,0,3
1394,l1,female,27,Nagykanizsa,Szakorvos ,161,3,0,4,1,1,2,1,14,2,1,1,0,0,98859,0,0,0,0,1,0,0,1,1,0,5,0,1,1,0,1,3,132,2,1,1,3,2,1,1,0,0,1,0,0,1
1395,l1,male,65,Nagykanizsa,Szakorvos ,178,4,0,4,1,1,1,1,2,3,1,0,0,1,260579,0,0,0,1,1,0,0,0,1,1,3,1,0,3,2,0,0,251,2,1,1,1,2,1,0,2,2,1,1,0,3
1396,l0,male,39,Nagykanizsa,Lakatos ,155,1,0,1,1,1,1,1,2,3,5,4,0,0,0,1,0,0,0,1,0,0,1,0,0,0,2,0,1,2,0,3,192,1,1,1,3,1,1,1,1,0,0,1,1,1
1397,l1,male,41,Nagykanizsa,Lakatos ,168,1,0,3,0,1,1,1,1,3,0,0,0,1,776576,1,1,1,1,1,0,0,1,1,1,1,1,0,1,2,0,0,398,1,0,1,0,2,1,1,2,2,1,1,0,3
1398,l1,male,25,Nagykanizsa,asztalos ,187,0,0,3,1,1,1,1,4,2,1,1,0,1,147383,0,0,0,0,1,1,0,1,1,1,1,2,0,1,0,0,3,4512,3,1,1,1,2,1,1,0,0,0,1,0,0
1399,l0,male,49,Nagykanizsa,asztalos ,172,0,0,3,1,1,2,1,3,2,2,1,0,0,0,1,0,0,0,1,1,1,1,1,1,5,1,0,1,2,1,0,0,1,0,1,3,0,0,0,1,0,1,1,0,1
1400,l0,male,30,Nagykanizsa,asztalos ,165,4,2,3,1,1,2,1,2,2,3,1,0,1,40912,0,0,1,0,0,0,0,1,1,1,5,1,0,1,4,1,1,0,3,1,1,1,2,0,0,1,0,0,1,1,1
1401,l1,male,47,Nagykanizsa,asztalos ,172,4,2,2,0,1,2,1,1,3,2,1,1,1,0,1,0,0,0,1,0,0,1,1,1,5,0,0,1,0,0,0,229,3,3,1,3,2,0,0,1,0,0,1,1,2
1402,l0,male,60,Nagykanizsa,asztalos ,156,0,0,3,1,1,2,1,1,2,0,0,0,1,58898,1,0,1,0,1,0,0,1,1,0,0,1,0,0,2,0,3,0,2,0,1,1,2,0,0,1,2,1,0,0,3
1403,l0,male,57,Nagykanizsa,Lakatos ,155,4,0,1,0,1,1,1,0,3,5,4,0,0,331044,1,0,0,1,1,0,1,1,1,1,0,1,0,1,2,2,0,0,1,3,1,3,1,0,0,0,1,1,1,0,1
1404,l1,female,63,Nagybajcs,Szakorvos ,174,4,2,3,1,1,1,1,3,2,5,4,1,0,0,1,0,0,1,0,0,0,1,1,0,0,3,0,1,0,2,4,31039,2,2,1,1,2,0,0,1,2,0,1,1,2
1405,l0,male,28,Nagybajcs,asztalos ,177,4,0,3,1,1,1,1,2,3,7,4,0,1,159413,1,1,1,0,0,1,1,0,0,0,1,0,0,1,1,0,1,0,2,2,1,2,2,1,1,0,0,0,1,1,1
1406,l1,male,53,Budakeszi,asztalos ,159,3,0,3,1,1,1,1,3,3,0,0,0,0,274495,1,0,1,0,1,1,1,1,1,1,5,3,0,3,2,0,0,29,2,1,1,3,2,1,1,1,0,0,1,1,3
1407,l0,male,65,Budakeszi,asztalos ,172,4,0,3,1,1,2,1,0,3,5,4,0,0,182277,1,0,0,0,1,0,1,1,1,1,3,0,0,0,2,0,3,106,2,1,1,1,2,0,0,1,0,0,0,0,1
1408,l0,male,54,Budakeszi,Szakorvos ,172,3,2,3,0,1,1,1,2,2,1,0,0,0,0,1,0,1,1,0,1,0,1,1,0,3,1,0,0,2,0,0,74,3,0,1,3,0,1,0,2,2,1,1,0,1
1409,l1,female,41,Budakeszi,Szakorvos ,184,3,0,2,1,1,1,1,4,2,2,1,0,0,178365,0,0,0,1,0,1,1,1,0,0,1,2,0,1,0,1,3,408,2,1,1,3,1,0,0,1,2,1,1,1,1
1410,l0,male,64,Nagykanizsa,asztalos ,174,4,2,3,1,1,1,1,2,2,1,0,0,0,0,1,1,1,0,1,0,1,0,1,1,5,1,0,1,0,4,1,314,2,2,1,2,2,0,0,1,0,0,1,1,1
1411,l0,male,52,Nagykanizsa,asztalos ,184,0,0,2,0,1,1,1,2,2,5,4,0,0,0,1,0,0,0,1,1,1,1,1,0,0,0,0,1,2,0,1,851,3,0,1,0,1,0,0,2,2,1,0,0,1
1412,l0,male,52,Nagybajcs,asztalos ,170,1,2,3,1,1,1,1,4,2,9,1,0,1,95345,1,0,1,0,1,1,1,1,1,1,5,0,0,1,2,0,1,24,2,1,1,3,1,0,0,2,2,0,1,0,0
1413,l1,male,63,Nagybajcs,Szakorvos ,160,0,1,4,1,1,2,1,1,3,1,0,0,0,7833,1,1,0,1,1,0,1,1,1,1,1,1,0,4,2,0,1,405,2,2,1,3,0,1,1,2,2,1,1,1,1
1414,l0,male,57,Budakeszi,Lakatos ,180,4,1,3,1,1,1,1,2,2,12,4,0,1,428334,1,0,0,0,1,1,0,1,1,1,1,0,0,1,4,0,2,14,1,3,1,1,0,1,1,2,1,0,0,1,2
1415,l0,male,44,Budakeszi,asztalos ,179,3,0,3,1,1,1,1,1,2,7,1,0,0,93762,1,1,0,0,1,0,0,1,0,0,3,1,0,1,0,0,0,0,2,1,1,1,2,0,0,1,0,0,0,0,1
1416,l0,male,47,Nagykanizsa,asztalos ,153,1,0,4,0,1,1,1,1,2,3,1,0,0,201230,0,0,1,0,0,1,1,1,1,0,1,3,0,1,0,0,0,61,2,1,1,0,1,1,0,1,0,1,1,1,3
1417,l1,male,25,Budakeszi,Lakatos ,167,2,0,3,0,1,1,1,1,2,0,0,0,0,100264,1,0,1,1,1,0,1,1,1,1,1,0,1,1,0,0,4,8532,2,1,1,3,2,1,1,2,2,0,1,0,3
1418,l1,male,50,Nagykanizsa,asztalos ,167,4,2,3,1,1,1,1,1,3,7,4,0,1,542831,1,1,1,0,1,0,0,1,1,0,1,1,0,0,0,0,1,282,3,0,1,2,1,1,0,2,2,0,1,1,4
1419,l0,male,50,Budakeszi,asztalos ,166,4,0,3,0,1,2,1,1,3,3,1,0,0,324883,1,0,0,0,1,1,0,1,0,0,1,0,0,3,2,0,0,122,1,1,1,2,2,0,0,1,0,0,1,0,1
1420,l0,male,38,Nagykanizsa,asztalos ,162,4,0,1,1,1,1,1,2,0,7,4,0,1,120999,1,0,1,0,0,0,1,1,1,1,1,1,0,1,0,0,4,0,3,3,1,1,1,0,0,1,2,0,0,1,3
1421,l1,female,49,Nagykanizsa,Szakorvos ,193,4,0,2,0,1,1,0,2,1,5,4,0,0,0,1,0,0,1,1,1,1,0,0,0,1,1,0,1,2,0,0,0,2,1,1,2,0,1,1,1,2,0,1,0,4
1422,l0,male,51,Budakeszi,asztalos ,154,4,0,3,0,1,1,1,1,3,2,1,0,1,231439,0,0,1,0,1,1,1,1,1,1,3,2,0,0,1,0,3,0,2,3,1,1,2,1,0,1,1,1,1,1,1
1423,l0,male,37,Budakeszi,asztalos ,174,4,0,3,1,1,1,1,2,0,5,4,0,0,0,1,0,1,0,1,0,0,1,0,0,1,1,0,1,0,0,0,255,2,0,1,3,0,0,0,1,0,1,0,0,1
1424,l0,male,29,Nagybajcs,asztalos ,179,4,0,1,1,1,1,1,3,3,2,1,0,1,88242,1,0,0,0,1,1,0,1,1,1,5,1,0,0,0,0,3,0,2,3,1,1,0,0,1,1,0,0,0,1,1
1425,l0,male,61,Nagykanizsa,asztalos ,166,1,0,3,1,1,1,1,1,0,1,1,0,1,457090,1,0,0,0,1,0,0,1,0,0,4,1,0,1,2,1,0,422,2,3,1,1,1,0,0,1,1,1,1,1,4
1426,l1,male,29,Nagykanizsa,Szakorvos ,154,4,0,3,0,1,1,0,1,0,0,0,0,0,0,1,0,0,1,1,0,0,1,1,1,5,1,0,4,2,0,3,0,3,3,1,2,2,1,0,1,2,0,0,0,1
1427,l0,male,52,Nagykanizsa,asztalos ,176,4,0,1,0,1,1,1,11,2,4,1,0,0,492945,1,0,1,1,1,1,0,1,1,0,2,1,0,1,2,0,0,447,3,0,1,3,2,0,0,1,0,0,0,0,1
1428,l0,male,25,Nagykanizsa,Szakorvos ,170,4,0,3,0,1,1,1,1,0,0,0,0,1,0,0,0,0,0,1,0,0,1,0,0,4,1,0,4,2,0,0,0,2,3,1,2,1,0,0,1,2,0,0,0,1
1429,l1,male,56,Nagykanizsa,Szakorvos ,177,4,0,3,0,1,1,1,1,3,3,1,1,1,0,0,0,0,0,1,0,0,1,1,1,0,1,0,0,2,0,0,0,2,1,1,1,2,1,1,2,2,0,1,1,3
1430,l1,female,48,Budakeszi,Szakorvos ,170,1,2,4,1,1,1,1,1,2,4,4,0,1,139337,1,0,1,1,1,0,0,0,1,1,5,1,0,1,0,3,4,961,2,1,1,3,2,0,0,2,2,1,0,0,2
1431,l1,male,33,Nagybajcs,Lakatos ,171,0,1,4,1,1,2,1,0,2,2,1,0,0,471130,1,0,1,1,1,1,0,1,1,0,1,1,0,1,2,3,1,123,3,3,1,0,1,1,1,2,2,1,1,1,2
1432,l0,male,51,Budakeszi,asztalos ,162,3,0,3,1,1,1,1,4,2,1,1,0,0,280462,1,0,0,0,1,1,1,0,1,1,1,1,0,4,2,0,3,619,1,1,1,2,2,0,0,1,0,1,1,0,3
1433,l0,male,59,Nagykanizsa,Lakatos ,184,4,0,3,1,1,1,0,2,2,0,0,0,0,0,1,0,0,0,1,1,0,1,0,0,3,0,0,0,2,0,3,39,2,1,1,3,2,0,0,0,0,0,0,0,4
1434,l1,male,59,Nagykanizsa,Lakatos ,162,4,0,4,1,1,1,0,1,0,2,1,0,1,66972,1,0,1,0,1,0,0,1,1,0,1,2,0,3,2,1,4,83,2,0,1,0,2,0,0,1,0,1,1,1,1
1435,l1,female,35,Nagykanizsa,Lakatos ,170,4,0,4,1,1,1,1,2,2,3,4,0,1,145980,1,0,0,1,0,0,1,1,1,1,0,1,0,1,0,0,1,215,1,1,0,1,0,0,1,2,2,1,1,0,1
1436,l0,female,56,Nagybajcs,asztalos ,160,4,0,3,0,1,1,0,1,3,1,0,0,1,60253,1,0,1,0,1,1,1,1,1,0,1,0,0,4,2,1,4,501,1,0,1,2,1,0,0,2,2,1,0,0,1
1437,l0,male,33,Nagybajcs,asztalos ,157,4,0,1,1,1,1,1,2,2,1,0,0,0,0,1,0,1,0,1,0,0,1,1,1,2,2,0,1,4,2,3,5824,1,1,1,2,2,0,0,1,0,0,1,1,1
1438,l1,male,63,Nagykanizsa,asztalos ,167,3,0,3,1,1,2,1,1,0,3,1,0,1,517553,1,0,1,0,1,0,1,1,1,0,5,0,0,4,2,0,0,144,3,1,0,3,0,1,0,1,0,0,1,1,4
1439,l1,female,61,Budakeszi,Lakatos ,198,4,0,3,1,1,1,1,4,2,0,0,0,1,123813,0,0,0,0,0,0,0,0,1,0,0,1,0,0,2,0,3,534,2,0,1,2,0,1,0,1,1,1,1,0,1
1440,l0,male,50,Budakeszi,asztalos ,165,1,0,1,1,1,1,1,1,2,0,0,0,0,368796,1,0,0,0,1,0,0,1,1,1,0,1,0,0,0,0,0,309,2,3,1,1,2,0,1,2,2,0,1,0,0
1441,l0,male,28,Budakeszi,asztalos ,181,3,0,1,1,1,1,1,1,0,2,0,0,0,0,1,0,0,0,1,0,0,0,1,1,5,1,0,4,0,0,0,737,1,1,1,1,2,1,0,1,0,1,1,0,1
1442,l0,male,57,Nagybajcs,asztalos ,185,3,0,3,1,1,2,1,1,2,1,0,0,1,9806269,1,0,0,0,1,1,0,1,1,1,3,1,0,1,0,0,0,241,3,3,1,1,1,0,0,1,0,0,1,0,1
1443,l0,male,50,Nagykanizsa,asztalos ,169,0,0,1,0,1,2,1,1,3,1,0,0,0,0,0,0,0,1,1,0,0,0,0,0,1,0,0,1,2,0,1,482,1,0,1,3,2,0,0,2,1,1,0,0,1
1444,l0,female,28,Nagykanizsa,Lakatos ,176,1,0,1,1,1,1,1,2,2,2,0,0,0,0,1,0,0,0,0,1,0,1,1,1,0,2,0,4,2,0,3,31,3,1,1,0,2,0,0,1,0,1,0,0,1
1445,l1,male,25,Nagykanizsa,Lakatos ,162,0,1,4,0,1,1,0,2,2,0,0,0,0,0,0,0,0,0,1,1,1,0,0,0,1,0,0,1,0,0,3,5207,2,0,1,2,1,1,1,2,2,1,1,0,1
1446,l0,male,52,Nagybajcs,Lakatos ,178,3,0,4,1,1,1,1,1,2,1,0,0,0,150383,1,0,0,0,1,0,0,1,1,0,4,1,0,2,0,1,3,97,2,3,1,2,2,1,0,1,0,1,1,1,1
1447,l0,male,38,Nagykanizsa,asztalos ,162,2,0,2,1,1,1,1,2,2,2,1,0,0,57817,1,0,0,1,1,1,0,0,1,1,2,2,0,4,2,0,3,0,2,1,1,2,2,1,1,2,2,1,0,0,3
1448,l1,female,60,Nagykanizsa,Szakorvos ,174,4,0,4,1,1,1,1,1,0,2,0,0,0,183828,1,1,1,0,1,1,1,1,0,1,5,2,0,1,2,0,3,595,2,1,1,3,2,1,1,1,0,1,1,1,1
1449,l0,male,41,Budakeszi,asztalos ,167,4,0,3,1,1,2,1,1,3,3,1,0,1,246259,1,0,0,1,1,0,0,1,1,1,5,2,0,1,2,0,3,120,3,1,1,3,1,1,0,2,2,2,1,0,3
1450,l0,male,48,Budakeszi,Lakatos ,171,3,2,4,1,1,1,1,1,2,1,0,0,1,322518,1,1,0,0,0,0,0,1,1,0,0,1,0,1,2,2,4,6162,2,3,1,2,2,1,1,2,1,1,1,1,1
1451,l0,male,60,Budakeszi,asztalos ,162,4,0,3,0,0,0,1,1,3,3,0,0,0,0,1,0,0,0,1,1,1,1,1,1,5,1,0,1,2,0,0,574,3,2,1,1,0,1,1,2,2,0,1,1,4
1452,l1,male,49,Nagykanizsa,Lakatos ,154,4,0,1,1,1,2,1,2,1,3,1,0,0,0,1,0,0,0,1,0,0,1,1,0,1,2,1,0,1,1,4,8268,3,1,1,2,1,1,1,1,0,0,0,0,1
1453,l0,male,64,Nagybajcs,asztalos ,173,3,0,3,1,1,1,1,1,3,1,0,0,1,0,1,0,0,0,1,0,1,1,1,0,4,2,0,1,0,0,4,4006,3,1,1,1,0,1,1,0,0,0,0,0,1
1454,l0,female,25,Nagykanizsa,Lakatos ,173,4,0,3,1,1,1,1,3,2,0,0,0,1,639995,0,0,0,0,1,1,0,0,0,0,5,2,0,3,2,0,0,691,2,1,1,2,2,0,0,1,0,1,0,0,2
1455,l1,male,57,Nagybajcs,asztalos ,164,3,0,3,1,1,1,1,1,3,2,1,0,1,166879,1,1,1,0,1,0,0,1,1,0,5,3,0,1,0,0,0,303,1,1,1,2,1,1,0,2,0,0,1,1,3
1456,l1,male,26,Nagykanizsa,Lakatos ,174,4,0,4,0,1,1,1,1,2,1,0,0,1,184368,1,0,1,1,1,0,0,1,0,0,1,0,0,0,2,0,1,453,2,3,1,3,1,1,0,2,2,1,1,1,2
1457,l1,male,51,Budakeszi,Szakorvos ,172,4,0,4,1,1,1,1,1,2,1,0,0,1,305254,1,0,0,1,1,0,1,1,0,0,1,1,1,1,0,0,0,431,2,3,1,1,2,1,0,1,0,1,0,0,2
1458,l0,male,55,Nagykanizsa,Lakatos ,171,0,0,1,0,1,1,1,1,0,2,0,0,0,0,1,0,0,0,1,0,0,1,1,1,1,1,0,1,2,0,3,0,2,1,1,3,1,1,1,1,0,1,1,1,0
1459,l1,male,44,Budakeszi,Szakorvos ,175,0,2,4,1,1,2,1,1,2,5,1,0,1,149055,1,1,0,0,0,1,0,1,1,1,1,1,0,0,1,0,1,250,3,1,1,1,1,1,0,1,1,0,1,1,1
1460,l1,male,65,Nagykanizsa,asztalos ,164,4,0,3,1,1,2,1,1,2,0,0,0,1,296025,0,0,0,1,1,0,0,0,1,1,3,2,0,0,2,1,1,0,2,1,0,1,2,1,1,2,0,0,1,1,1
1461,l0,male,37,Budakeszi,Lakatos ,168,3,0,3,1,1,2,0,2,2,0,0,0,0,178054,1,0,0,0,0,0,0,1,1,0,0,0,0,0,2,0,1,486,2,0,1,2,2,0,0,2,2,0,0,0,0
1462,l1,female,60,Nagykanizsa,Szakorvos ,180,0,0,2,1,1,1,1,2,2,11,1,0,0,292226,1,0,0,0,1,1,0,0,1,1,2,1,0,1,2,0,1,146,1,0,1,3,2,0,0,1,1,1,1,0,3
1463,l0,male,38,Nagykanizsa,Lakatos ,172,4,0,1,0,1,1,1,3,2,2,1,0,1,193851,0,0,0,0,0,1,0,1,0,0,0,1,0,1,2,1,4,62286,2,1,1,2,2,0,1,1,0,0,0,0,4
1464,l1,male,46,Nagykanizsa,Szakorvos ,160,3,0,3,1,1,1,1,1,3,2,1,0,0,48133,0,0,0,0,1,0,1,1,0,0,0,1,0,1,2,4,3,83,3,3,1,0,2,0,1,1,0,1,1,1,4
1465,l0,male,47,Budakeszi,Lakatos ,184,4,0,4,0,1,1,1,1,2,4,4,0,0,102908,1,0,1,0,1,1,0,1,1,1,1,1,0,1,0,1,3,84,3,0,1,2,2,0,1,0,0,0,1,0,3
1466,l1,male,30,Nagybajcs,asztalos ,173,0,0,3,0,1,1,1,3,2,11,4,0,1,298891,1,0,1,1,1,0,1,1,1,1,5,0,1,3,2,0,3,0,3,3,1,1,2,1,1,2,2,0,1,0,1
1467,l1,male,65,Nagykanizsa,Lakatos ,160,0,0,1,0,1,1,1,4,2,2,1,0,0,96729,1,0,1,0,1,0,0,1,0,0,1,1,0,1,0,1,3,6725,1,0,1,2,1,1,0,1,2,1,1,1,1
1468,l1,male,38,Nagykanizsa,asztalos ,159,0,2,3,1,1,1,1,1,2,7,0,0,1,407498,1,0,0,1,1,0,0,0,1,1,5,2,0,1,1,2,4,8090,2,3,1,3,2,1,0,1,0,1,1,0,3
1469,l1,male,46,Nagykanizsa,Lakatos ,164,4,0,4,1,1,1,1,7,2,15,4,0,0,345579,0,0,1,0,0,0,0,0,1,0,1,2,0,1,0,0,0,168,2,3,1,0,1,1,0,1,0,0,0,1,1
1470,l1,male,30,Nagykanizsa,asztalos ,170,3,0,3,1,1,1,1,2,3,3,1,0,0,219466,1,0,0,1,1,1,0,1,0,0,5,1,1,4,0,1,0,152,3,1,1,3,0,0,0,1,0,0,1,0,1
1471,l1,male,56,Nagybajcs,Lakatos ,169,3,0,3,1,1,2,1,1,2,1,1,0,0,0,0,0,0,0,1,0,1,0,1,1,4,1,0,1,0,0,1,513,2,1,1,1,0,0,0,1,1,0,1,1,0
1472,l1,female,54,Nagybajcs,Szakorvos ,166,0,0,4,1,1,1,0,2,2,0,0,0,1,235671,1,0,1,0,1,1,0,1,0,0,5,0,0,1,3,0,1,111,2,3,1,2,2,0,1,1,0,0,1,0,1
1473,l1,male,50,Nagykanizsa,Lakatos ,184,0,2,3,1,1,1,1,2,0,0,0,0,1,94313,0,0,1,0,1,1,1,1,0,0,1,3,0,1,2,1,4,344,1,1,1,3,2,0,0,1,0,1,1,1,4
1474,l1,male,42,Budakeszi,Szakorvos ,164,4,0,3,1,1,1,1,1,2,3,1,0,1,104428,0,0,0,0,1,0,1,1,0,0,1,1,1,1,1,0,0,307,2,1,1,1,2,1,1,1,1,0,1,0,0
1475,l0,male,52,Budakeszi,Szakorvos ,174,0,0,1,1,1,2,0,1,1,0,0,0,0,63311,1,0,0,0,1,0,0,1,0,0,1,1,0,3,0,0,3,299,1,1,1,2,0,0,0,0,1,1,0,0,3
1476,l1,male,41,Nagykanizsa,Szakorvos ,164,4,0,4,1,1,2,1,1,3,2,1,0,1,153962,1,1,0,0,1,1,0,0,1,1,2,1,0,0,0,4,4,7798,2,1,1,3,2,1,0,0,0,0,0,0,1
1477,l0,female,32,Nagykanizsa,Szakorvos ,171,2,0,2,1,1,1,1,1,3,1,1,0,0,434932,0,0,1,0,1,0,0,1,1,1,5,1,0,1,0,2,4,407,2,1,1,3,2,1,0,1,0,1,1,1,4
1478,l0,male,59,Nagybajcs,asztalos ,159,4,0,3,1,1,1,1,1,2,1,0,0,0,0,0,0,0,0,1,1,0,1,0,0,5,2,0,0,0,0,3,62,2,3,1,2,1,1,1,1,0,0,0,0,1
1479,l0,female,60,Nagykanizsa,asztalos ,162,4,0,3,0,1,1,1,2,0,2,1,0,0,0,0,0,0,0,1,0,0,1,1,1,1,0,0,1,0,0,3,0,1,3,1,3,2,0,0,1,0,1,1,1,1
1480,l1,male,39,Nagybajcs,Lakatos ,167,2,2,4,0,1,1,1,2,2,14,4,0,0,0,0,0,0,0,0,0,0,1,1,1,5,1,0,1,0,2,4,463,2,3,1,0,1,0,1,1,0,1,1,0,1
1481,l1,male,41,Budakeszi,Lakatos ,170,4,2,4,1,1,1,1,1,1,1,0,0,0,0,1,1,0,1,1,1,1,1,1,0,2,1,0,1,2,0,3,0,2,3,1,1,2,1,1,2,0,1,0,0,0
1482,l0,female,36,Budakeszi,Lakatos ,182,2,0,3,1,1,2,0,1,0,1,1,0,0,30802,0,0,0,0,1,1,1,1,0,0,5,1,0,1,2,3,3,735,3,0,1,3,1,0,0,1,0,0,1,0,1
1483,l0,male,38,Nagykanizsa,asztalos ,171,4,0,3,0,1,1,1,1,0,0,1,0,1,328818,1,0,1,1,1,0,0,1,0,1,1,0,1,1,2,0,0,0,3,3,1,3,2,1,1,0,0,1,1,1,0
1484,l1,male,38,Nagykanizsa,Szakorvos ,163,1,0,3,0,1,2,1,1,0,0,0,1,1,543521,1,0,0,1,1,0,0,1,1,1,4,1,0,1,2,1,4,0,3,3,1,1,2,1,0,1,2,0,1,0,1
1485,l0,female,50,Nagybajcs,asztalos ,162,0,0,1,1,1,1,1,3,2,0,0,0,0,4667,1,0,1,0,0,0,1,1,1,1,1,1,0,1,1,0,4,367,2,0,1,2,0,1,0,1,2,1,1,0,1
1486,l1,female,45,Budakeszi,Szakorvos ,183,4,0,3,1,1,1,1,1,2,3,1,0,0,97138,1,0,0,0,1,1,1,1,1,1,1,1,0,4,2,0,0,299,3,3,1,3,0,0,0,1,1,1,1,1,1
1487,l1,male,65,Nagykanizsa,Lakatos ,167,3,0,3,1,1,1,1,2,0,0,0,0,0,26831,1,1,1,0,1,0,0,1,0,0,4,0,0,3,3,0,3,6699,2,1,1,1,1,1,0,1,2,0,0,0,1
1488,l1,male,46,Nagykanizsa,Szakorvos ,173,4,0,4,1,1,1,1,3,2,12,0,0,0,271241,0,0,0,0,0,1,0,1,1,1,1,0,0,4,0,3,4,446,2,1,1,1,0,0,0,1,1,0,1,0,3
1489,l1,female,27,Nagykanizsa,Szakorvos ,169,2,1,4,0,1,1,1,0,0,4,1,0,1,0,1,0,1,0,1,0,0,1,0,0,3,0,1,4,2,4,4,6368,2,3,1,1,1,1,0,2,0,1,0,0,2
1490,l1,male,43,Nagykanizsa,Szakorvos ,158,0,0,3,1,1,2,1,1,2,0,0,0,1,354105,1,0,1,0,1,0,0,1,1,1,0,2,0,1,3,0,4,0,2,0,1,1,2,1,0,1,0,1,1,0,1
1491,l1,male,65,Budakeszi,Szakorvos ,167,0,0,3,0,1,1,1,2,3,0,0,0,1,75,1,0,0,0,0,1,1,1,1,0,5,0,0,3,2,0,0,0,1,1,1,0,2,1,1,1,2,0,1,1,1
1492,l0,female,26,Nagykanizsa,Szakorvos ,176,3,2,4,1,1,1,1,2,2,5,4,0,0,0,1,0,0,0,1,0,0,0,0,0,1,2,0,1,0,0,3,13,2,1,1,1,2,0,0,1,2,1,1,0,2
1493,l0,female,43,Budakeszi,asztalos ,150,4,2,3,1,1,2,1,2,2,2,1,0,0,0,1,0,0,0,1,0,1,0,0,0,5,1,0,3,0,0,4,0,3,1,1,2,0,0,0,1,0,0,1,0,3
1494,l0,male,40,Budakeszi,asztalos ,161,3,0,1,1,1,1,1,3,2,0,0,0,0,170850,1,0,0,0,1,1,0,1,1,1,0,1,0,3,2,0,0,0,1,2,0,2,1,1,0,1,2,0,1,0,1
1495,l1,female,49,Nagykanizsa,Szakorvos ,184,3,0,2,0,1,1,1,2,3,1,4,0,0,0,1,0,0,0,1,1,0,1,1,0,2,1,0,0,2,0,4,102,2,0,1,1,2,1,1,2,0,1,1,0,2
1496,l0,male,49,Budakeszi,asztalos ,174,3,0,0,0,1,1,1,1,3,3,1,0,0,0,0,1,0,0,1,1,1,1,0,0,1,1,0,3,0,4,0,181,3,2,1,3,0,0,0,1,0,0,1,1,1
1497,l1,female,56,Nagykanizsa,asztalos ,163,0,0,3,1,1,2,1,2,2,1,4,1,1,195956,1,0,0,0,1,0,0,1,1,1,4,0,0,4,0,0,3,83,1,3,1,1,2,1,0,1,0,0,1,1,3
1498,l1,male,46,Budakeszi,Szakorvos ,173,3,0,4,1,1,1,1,2,2,1,1,0,0,0,1,1,0,1,0,0,0,1,1,1,0,1,0,1,0,1,4,62,2,0,1,1,0,1,0,2,2,0,0,1,1
1499,l0,female,30,Budakeszi,asztalos ,180,0,0,3,1,1,1,1,2,3,0,1,0,1,79323,0,0,0,0,0,0,1,1,0,0,0,0,0,1,2,0,3,370,2,0,1,3,1,0,0,0,0,1,0,1,2
1500,l1,male,40,Budakeszi,Szakorvos ,178,4,0,3,1,1,2,1,1,3,0,0,0,0,222097,1,0,0,1,1,0,0,1,1,0,5,1,0,1,2,0,0,0,2,1,1,3,2,1,0,2,2,0,1,1,1
1501,l1,male,48,Nagykanizsa,Lakatos ,178,4,0,3,1,1,1,1,1,2,2,0,0,1,148929,0,0,0,0,1,0,0,1,0,0,5,3,0,1,2,0,3,307,2,1,1,1,2,1,1,1,1,1,0,0,2
1502,l1,male,60,Budakeszi,Szakorvos ,171,3,0,2,0,1,1,1,3,2,1,0,0,1,329437,1,1,0,1,1,1,1,1,1,1,1,1,0,1,2,0,3,465,2,0,1,3,2,1,1,1,2,0,0,0,1
1503,l1,male,61,Nagykanizsa,Szakorvos ,181,0,0,2,1,1,2,1,1,2,1,1,0,1,361245,0,0,0,1,0,1,1,1,1,1,5,1,0,1,2,1,1,0,3,3,1,1,2,1,1,2,2,0,1,0,1
1504,l1,female,58,Budakeszi,asztalos ,171,1,0,4,0,1,1,1,1,2,1,4,0,0,0,1,0,0,0,1,1,0,1,1,0,1,0,0,1,0,0,1,471,2,1,1,1,0,1,0,1,2,0,0,0,2
1505,l1,male,65,Budakeszi,Szakorvos ,187,4,2,4,1,1,1,1,1,2,0,0,0,1,0,1,0,0,0,1,0,1,1,1,1,5,1,0,0,0,1,3,89,2,1,1,1,2,0,1,1,2,1,1,1,1
1506,l1,male,28,Budakeszi,Lakatos ,173,0,1,4,1,1,1,1,1,3,7,4,0,0,0,0,0,0,0,0,0,0,1,1,1,1,1,0,1,0,0,2,0,0,3,1,1,1,0,1,2,2,1,1,0,1
1507,l1,female,49,Budakeszi,Szakorvos ,182,4,0,4,1,1,2,1,3,2,1,1,0,1,0,1,0,1,0,1,0,0,1,0,0,0,2,0,4,2,1,4,552,2,2,1,3,2,0,0,1,2,0,1,0,2
1508,l1,female,34,Budakeszi,Szakorvos ,167,3,2,3,1,1,1,1,2,2,0,0,0,1,0,1,0,1,0,1,0,1,0,1,0,4,1,0,0,2,1,4,6671,2,1,1,2,2,1,1,1,2,0,1,0,3
1509,l1,male,43,Nagykanizsa,Lakatos ,163,3,2,4,1,1,2,1,6,2,2,0,0,0,321107,1,0,1,0,1,0,1,1,1,1,1,2,0,1,1,4,4,5207,2,1,1,1,0,1,0,1,0,1,0,0,3
1510,l1,male,38,Nagykanizsa,Szakorvos ,175,0,0,1,1,1,1,1,8,3,5,4,0,1,114315,1,0,1,0,1,1,1,1,1,1,1,2,1,4,0,0,0,8,3,3,1,2,2,0,0,1,0,0,0,0,1
1511,l1,male,27,Budakeszi,Szakorvos ,175,3,0,3,1,1,1,1,1,2,1,0,0,1,0,1,0,0,0,1,0,0,1,1,1,1,1,0,0,0,0,3,113,1,2,1,3,0,0,0,0,2,1,1,1,2
1512,l1,male,28,Nagybajcs,Szakorvos ,162,1,0,3,1,1,2,1,2,0,5,1,0,1,0,0,0,0,1,0,0,1,1,1,0,0,1,0,1,0,0,0,0,3,0,1,1,2,0,0,1,2,1,0,0,0
1513,l1,female,57,Nagykanizsa,Szakorvos ,177,3,1,3,1,1,1,1,1,2,1,0,0,1,56547,1,0,1,1,1,0,0,1,1,0,1,2,0,1,0,0,0,102,2,0,1,3,1,0,0,2,2,1,0,0,3
1514,l1,male,26,Nagykanizsa,Szakorvos ,187,3,2,4,1,1,1,0,3,2,2,1,0,1,207527,0,0,0,0,1,1,0,1,0,0,5,1,0,1,1,1,0,0,1,3,1,1,0,1,0,2,0,2,1,0,1
1515,l1,male,54,Nagykanizsa,Szakorvos ,168,3,0,4,0,1,1,1,3,2,1,0,0,0,1781,1,0,0,0,1,0,0,0,0,1,1,1,0,4,1,0,0,0,2,0,1,1,2,1,0,1,1,0,1,1,2
1516,l0,male,46,Budakeszi,asztalos ,168,4,0,3,1,1,1,1,1,0,2,1,0,1,163212,1,1,0,0,1,1,0,0,0,0,5,2,0,1,0,0,1,742,2,3,1,3,0,1,1,2,0,0,0,0,1
1517,l0,male,49,Nagybajcs,asztalos ,162,3,0,3,1,1,1,0,3,1,1,0,0,0,0,1,0,0,1,1,1,1,1,1,1,1,1,1,0,2,0,0,112,2,3,1,1,2,0,1,2,2,0,1,0,4
1518,l1,male,37,Budakeszi,asztalos ,162,1,0,4,0,1,2,1,0,2,5,1,0,0,74773,0,0,0,0,1,1,0,1,1,1,1,2,0,4,2,0,3,716,2,1,1,2,2,1,0,2,0,0,1,1,1
1519,l1,male,27,Nagybajcs,Szakorvos ,184,4,0,4,1,1,1,1,0,1,1,1,0,1,0,0,0,1,0,1,1,0,1,1,1,0,1,0,1,2,2,3,497,2,1,1,0,2,1,0,1,0,0,0,0,3
1520,l1,female,27,Nagykanizsa,Szakorvos ,175,4,0,2,1,1,1,1,1,2,4,1,0,0,113621,0,0,0,1,1,0,1,0,1,0,4,1,0,0,3,1,0,5088,2,1,1,0,1,1,1,2,2,0,0,0,1
1521,l1,female,26,Budakeszi,asztalos ,163,4,0,4,1,1,1,1,1,2,2,1,0,1,191134,0,1,1,1,1,1,0,1,1,0,2,1,1,4,2,0,3,0,3,3,1,3,0,1,1,2,2,1,1,1,3
1522,l1,female,43,Nagykanizsa,Lakatos ,165,0,0,4,1,1,1,1,3,0,2,0,0,1,16013637,1,0,1,0,1,0,0,0,0,0,5,3,0,1,2,2,4,6738,2,3,1,1,2,1,1,2,0,0,0,0,4
1523,l1,male,48,Nagykanizsa,Szakorvos ,195,0,0,4,0,1,1,0,1,2,2,1,0,1,0,1,0,1,0,1,1,0,1,0,0,4,1,0,1,2,0,0,0,2,0,1,3,2,0,1,2,2,1,1,1,0
1524,l0,male,42,Budakeszi,Lakatos ,168,4,0,4,1,1,1,1,1,2,2,1,0,0,0,0,0,0,0,1,1,1,0,1,1,3,1,1,1,2,0,0,301,2,2,1,1,2,1,1,1,2,1,0,0,1
1525,l1,female,39,Budakeszi,Szakorvos ,172,3,0,4,1,1,1,1,1,3,2,1,0,0,25252,1,0,0,0,1,0,1,0,1,1,5,1,0,1,0,0,3,655,1,0,1,1,1,0,1,1,0,0,1,0,1
1526,l1,male,26,Nagykanizsa,Szakorvos ,169,3,2,4,1,1,1,1,4,2,0,0,0,0,0,1,0,1,0,1,1,0,1,1,0,5,0,0,4,2,3,4,29827,2,0,1,3,2,0,0,1,0,1,0,0,1
1527,l0,male,28,Nagykanizsa,asztalos ,151,0,0,3,1,1,2,1,1,2,0,0,0,0,173167,1,0,1,0,0,0,1,1,1,1,1,1,0,0,0,0,0,0,2,3,1,1,1,1,0,0,0,0,1,0,0
1528,l0,female,44,Budakeszi,Szakorvos ,166,4,0,1,1,1,1,1,2,0,0,1,0,0,127556,1,1,1,0,1,0,0,1,1,1,4,1,0,1,2,2,3,0,2,1,1,2,1,1,0,1,2,2,1,1,1
1529,l1,female,60,Nagykanizsa,Szakorvos ,171,0,2,4,1,1,2,1,1,2,9,4,0,1,512750,1,0,1,0,0,0,1,1,1,0,5,1,0,1,0,0,3,474,2,0,1,1,2,0,0,1,2,0,1,0,2
1530,l0,male,25,Nagykanizsa,Lakatos ,161,3,0,1,1,1,1,1,2,2,2,1,0,0,5284,0,0,0,0,1,0,1,1,0,0,5,0,1,1,2,0,2,0,3,3,1,3,2,1,1,1,2,1,0,0,0
1531,l0,male,58,Nagykanizsa,Lakatos ,176,0,0,1,1,1,1,1,5,2,11,4,0,0,0,0,0,0,0,1,0,0,0,0,0,1,1,0,1,2,3,3,3773,1,1,0,1,2,1,0,2,0,0,0,0,1
1532,l0,male,64,Nagykanizsa,Lakatos ,180,0,0,1,0,1,1,1,2,2,3,1,0,1,187500,1,0,1,0,0,0,0,1,1,1,1,1,0,1,2,0,0,466,2,2,1,2,2,0,0,1,0,1,1,0,1
1533,l0,male,35,Nagykanizsa,Lakatos ,157,0,2,3,1,1,2,1,1,2,2,1,0,1,323092,0,0,1,0,1,0,0,0,1,1,3,1,0,0,0,1,2,0,2,1,1,2,2,1,0,2,2,1,0,0,2
1534,l1,male,48,Budakeszi,Lakatos ,155,4,0,1,0,1,1,1,2,3,2,1,0,0,359583,1,0,0,0,0,1,0,1,1,0,1,1,0,1,0,0,0,41,1,0,0,0,0,1,1,2,2,0,1,1,1
1535,l1,male,40,Budakeszi,Szakorvos ,148,4,1,4,1,1,1,1,4,0,5,4,0,1,173520,1,1,1,0,1,0,0,1,0,0,5,1,1,1,3,0,0,0,3,3,1,3,2,0,0,1,2,1,0,0,4
1536,l1,male,61,Budakeszi,Szakorvos ,167,4,0,2,1,1,1,1,1,2,0,0,0,0,375293,0,0,0,1,1,1,1,1,1,1,0,1,1,1,0,0,0,0,2,1,1,3,0,0,1,0,0,0,1,1,4
1537,l0,male,28,Nagybajcs,asztalos ,163,4,0,1,1,1,1,1,4,2,0,0,0,1,0,1,0,1,0,1,0,0,0,0,0,3,3,0,1,2,0,3,6,2,2,1,1,2,0,0,1,0,0,1,1,3
1538,l1,male,51,Budakeszi,Lakatos ,158,3,0,1,1,1,1,1,1,2,0,0,0,0,0,1,0,0,0,1,1,0,1,1,1,1,1,0,4,2,0,4,0,2,1,1,0,1,1,0,1,0,0,1,0,3
1539,l0,male,27,Nagykanizsa,asztalos ,160,0,0,3,1,1,1,1,3,2,7,1,0,0,379007,1,0,0,1,1,0,0,1,1,0,1,1,0,1,0,0,0,0,2,3,1,1,0,1,1,2,1,0,1,1,3
1540,l1,male,49,Budakeszi,Szakorvos ,181,0,2,3,0,1,3,1,2,2,4,1,0,0,0,0,0,1,0,1,0,0,1,1,0,1,1,0,4,2,0,4,942,3,1,1,1,2,0,1,1,0,0,1,0,1
1541,l0,male,61,Budakeszi,Szakorvos ,170,0,0,3,1,1,1,1,1,2,4,1,0,1,125315,1,0,0,0,1,0,1,1,1,1,1,1,0,1,0,1,4,476,2,3,1,3,1,0,0,2,1,1,0,0,1
1542,l0,male,34,Nagykanizsa,asztalos ,169,0,0,3,1,1,1,1,1,2,7,4,0,0,0,0,0,0,0,1,1,0,1,1,1,1,0,0,1,0,3,0,293,3,0,1,1,2,1,0,1,0,1,0,0,1
1543,l1,female,63,Nagykanizsa,Szakorvos ,177,2,0,3,0,1,1,1,1,2,2,0,0,1,1481,1,1,1,0,1,1,0,1,1,0,5,1,0,1,2,0,3,106,2,3,1,1,2,0,0,1,0,1,1,1,3
1544,l0,male,48,Nagykanizsa,asztalos ,173,4,1,3,1,1,1,1,1,3,1,0,0,0,0,1,1,0,0,1,1,0,0,1,1,1,1,0,1,0,0,3,42,3,2,1,3,0,1,0,1,0,1,0,0,0
1545,l1,male,28,Budakeszi,Lakatos ,169,3,0,4,1,1,1,1,1,0,0,0,0,0,0,1,0,0,0,1,1,0,1,1,0,4,1,0,0,1,0,4,150,2,0,0,3,1,0,0,1,0,1,0,0,1
1546,l0,male,40,Nagykanizsa,asztalos ,174,4,1,2,1,1,1,1,1,3,4,4,1,1,48344,0,0,0,1,1,1,1,1,0,1,0,2,0,1,1,0,0,0,3,0,1,1,0,1,1,2,2,1,1,1,3
1547,l0,male,28,Nagykanizsa,Szakorvos ,165,1,0,3,0,1,1,1,2,2,4,1,0,1,75898,1,0,1,0,1,1,0,0,1,1,5,1,0,1,2,3,4,376,3,3,1,1,1,1,0,0,2,0,0,1,1
1548,l0,female,27,Budakeszi,Szakorvos ,169,3,0,2,1,1,1,1,2,0,6,4,0,1,0,1,0,0,0,1,0,0,1,1,1,4,1,0,1,2,0,0,242,2,3,1,1,2,0,0,1,2,0,0,0,3
1549,l1,male,52,Budakeszi,Szakorvos ,165,4,0,4,0,1,1,1,5,3,7,1,0,0,492220,1,1,0,0,1,0,0,1,0,0,1,0,0,1,2,0,3,753,1,0,1,1,2,0,1,1,0,1,1,0,1
1550,l1,male,58,Budakeszi,asztalos ,164,3,2,4,0,1,1,1,2,1,4,0,1,1,52574,1,0,1,0,1,1,1,1,1,0,5,0,0,4,4,0,1,298,2,2,1,1,2,0,0,1,0,0,0,0,3
1551,l0,female,58,Budakeszi,Lakatos ,161,4,2,1,1,1,1,1,2,3,3,1,0,1,343966,1,1,0,0,1,1,0,1,1,0,0,1,0,0,0,0,3,406,3,0,1,1,2,0,0,1,1,0,1,1,1
1552,l1,female,45,Budakeszi,Szakorvos ,180,3,0,4,1,1,2,1,1,3,3,1,0,0,0,1,0,0,0,1,0,0,0,1,0,3,1,0,4,2,0,0,663,2,1,1,1,1,0,0,0,2,0,0,0,0
1553,l1,female,56,Nagykanizsa,Szakorvos ,184,4,0,2,1,0,1,1,2,2,5,1,0,1,28306,0,0,0,1,1,1,1,1,1,0,5,1,0,1,0,0,3,0,3,1,1,2,0,1,1,1,0,0,0,0,1
1554,l1,male,37,Nagybajcs,asztalos ,164,4,0,3,0,1,1,1,1,3,0,0,0,0,0,0,0,1,0,1,0,0,0,1,1,1,2,0,1,0,0,3,349,2,1,1,1,1,1,0,2,2,0,1,1,2
1555,l0,male,60,Budakeszi,Lakatos ,154,4,2,4,0,1,1,1,2,2,3,1,0,1,0,1,0,0,0,1,0,1,1,0,0,5,0,0,1,2,0,3,524,2,1,1,1,0,0,0,2,0,0,0,0,1
1556,l1,female,57,Nagykanizsa,Szakorvos ,168,0,0,1,1,1,1,1,1,2,0,0,0,0,0,1,0,0,0,1,1,0,0,1,1,0,1,0,0,2,1,3,613,3,0,1,1,2,1,0,1,1,1,1,1,1
1557,l0,male,34,Nagykanizsa,asztalos ,168,0,0,3,1,1,1,1,3,2,7,4,0,0,0,0,0,0,0,0,1,0,0,1,0,4,1,0,1,2,3,4,407,2,1,1,0,1,0,0,0,0,0,1,0,1
1558,l0,male,61,Budakeszi,asztalos ,169,0,0,3,1,1,1,1,2,0,0,0,0,1,65925,1,0,0,0,0,0,0,1,0,0,0,1,0,4,0,0,0,0,3,1,1,0,3,1,1,2,0,1,0,0,3
1559,l1,male,58,Nagykanizsa,Szakorvos ,163,4,0,1,0,1,1,1,2,2,2,0,0,1,745389,1,0,0,0,1,1,1,1,1,0,3,1,0,1,2,2,4,56662,1,1,1,1,1,1,1,2,2,0,1,1,3
1560,l1,male,34,Nagybajcs,asztalos ,157,0,0,3,1,1,1,1,2,2,1,0,0,0,197370,1,0,0,0,1,1,0,0,0,0,1,2,0,1,0,0,1,102,2,1,1,1,2,1,1,1,2,0,1,0,2
1561,l1,male,42,Nagykanizsa,Szakorvos ,166,1,0,2,1,1,1,0,2,2,1,0,0,1,0,1,0,0,0,0,0,0,0,1,1,0,1,0,0,0,0,3,275,2,1,1,1,2,0,1,1,1,0,1,0,1
1562,l0,male,51,Nagybajcs,asztalos ,157,4,0,3,1,1,1,1,2,2,2,1,0,0,415725,1,0,1,1,1,0,0,1,1,1,5,2,0,1,0,3,0,251,1,0,1,3,1,1,0,2,2,0,1,0,3
1563,l1,male,52,Budakeszi,Lakatos ,160,0,0,1,1,1,1,1,2,2,4,4,0,0,418314,1,0,0,0,1,1,0,1,0,1,5,1,1,0,2,0,1,6583,3,3,1,3,1,0,0,1,0,0,0,0,1
1564,l1,male,33,Nagykanizsa,Lakatos ,156,4,0,3,0,1,1,1,1,2,2,1,0,0,0,1,0,0,0,1,1,0,1,1,0,0,0,0,1,2,0,3,146,2,1,1,1,1,0,0,1,2,1,1,0,1
1565,l1,male,27,Budakeszi,asztalos ,171,0,2,3,1,0,0,1,8,3,7,0,0,0,0,0,0,0,0,1,0,0,0,0,0,4,1,0,1,1,0,3,1257,2,1,1,1,1,0,0,0,2,1,1,0,0
1566,l1,male,34,Budakeszi,Lakatos ,167,3,1,3,0,1,1,0,2,3,1,1,0,0,0,1,0,1,0,1,1,1,1,1,0,2,2,0,1,0,1,4,5795,3,3,1,1,2,1,0,2,2,1,1,0,1
1567,l1,male,54,Budakeszi,Szakorvos ,159,3,0,2,0,1,2,1,2,2,2,1,0,0,75105,1,0,0,0,1,1,1,1,1,0,5,1,0,4,1,0,0,299,1,0,1,2,2,0,0,1,0,1,1,0,1
1568,l1,male,56,Nagykanizsa,Szakorvos ,169,4,0,4,1,1,1,1,1,2,0,4,0,0,0,1,1,0,0,1,0,0,1,0,0,1,2,0,1,2,0,4,0,2,1,1,3,2,0,0,1,1,1,1,0,1
1569,l1,female,47,Budakeszi,Szakorvos ,187,0,0,3,1,1,2,1,4,3,2,1,0,0,115983,1,0,0,0,0,1,0,1,0,0,1,1,0,1,4,1,4,645,2,0,0,3,1,0,0,0,0,0,0,0,0
1570,l0,male,25,Budakeszi,Lakatos ,170,0,0,1,1,1,2,0,3,2,0,0,0,0,0,0,0,0,0,1,0,0,1,1,1,2,0,0,4,2,1,4,790,2,3,1,3,2,1,1,1,2,0,1,0,1
1571,l0,female,60,Budakeszi,asztalos ,185,3,0,0,1,1,1,1,3,0,4,1,0,0,0,1,0,0,0,1,0,0,1,1,0,5,1,0,1,0,2,4,7019,2,0,1,2,1,0,0,0,0,0,0,0,0
1572,l0,male,25,Nagykanizsa,asztalos ,169,4,0,3,1,1,2,1,7,0,1,1,0,1,195912,1,1,0,0,1,0,0,1,1,1,5,1,0,1,2,0,3,40,2,1,1,1,2,1,0,1,2,1,1,0,3
1573,l1,female,35,Nagykanizsa,Szakorvos ,182,3,0,4,1,1,1,1,1,2,2,4,0,1,95913,1,0,1,0,1,1,0,0,1,0,1,0,0,1,2,2,4,0,3,0,1,3,2,0,0,0,0,1,1,0,3
1574,l0,male,25,Budakeszi,asztalos ,174,4,0,3,0,1,1,1,1,3,2,1,0,0,0,0,0,1,0,1,0,1,0,0,0,1,0,0,1,0,0,0,25,3,3,1,3,2,0,0,1,0,0,1,0,2
1575,l1,male,42,Budakeszi,Lakatos ,164,3,0,4,0,1,1,0,1,3,0,0,0,0,0,1,0,1,0,1,1,0,1,1,1,1,1,0,4,0,0,0,0,2,1,1,3,2,1,1,2,2,0,1,0,2
1576,l1,male,30,Budakeszi,Szakorvos ,177,0,0,2,0,1,1,1,2,3,8,4,0,0,353120,1,1,0,0,1,1,1,1,1,0,3,1,0,4,2,1,3,321,3,1,1,2,1,1,0,1,2,0,0,0,1
1577,l0,male,41,Nagykanizsa,asztalos ,172,4,0,1,1,1,2,1,2,2,7,4,0,1,251096,1,0,0,0,0,0,0,0,0,0,0,2,0,1,0,0,3,0,1,0,1,3,1,1,0,1,0,1,0,0,1
1578,l0,male,28,Nagybajcs,asztalos ,160,1,0,1,1,1,1,1,1,3,1,0,0,0,0,1,1,0,0,1,0,1,1,0,0,1,2,0,1,0,0,1,5580,2,1,1,1,2,0,0,1,0,1,0,0,1
1579,l0,female,46,Budakeszi,asztalos ,172,0,0,3,0,1,3,1,2,2,2,1,0,1,0,1,0,0,0,1,0,0,0,1,0,5,0,1,1,0,0,3,5956,1,1,1,1,2,1,1,1,0,0,1,0,1
1580,l1,female,30,Nagybajcs,Szakorvos ,183,4,0,3,1,1,1,1,1,2,2,1,0,1,284622,1,0,0,0,1,1,0,0,1,0,1,2,0,1,2,0,0,3103,1,0,1,3,0,1,0,2,2,1,1,0,1
1581,l1,male,56,Nagybajcs,asztalos ,174,0,2,3,1,1,1,1,1,2,0,0,0,1,242562,1,0,0,0,1,1,1,1,0,0,1,1,0,1,0,1,3,8050,1,0,1,2,2,1,1,1,0,1,0,0,2
1582,l0,male,29,Nagykanizsa,asztalos ,165,0,0,2,1,1,2,1,2,2,9,4,0,1,135392,0,0,0,1,1,1,0,1,1,0,1,2,1,1,4,2,3,88,2,0,1,2,2,0,1,1,0,1,1,0,0
1583,l1,male,57,Budakeszi,Lakatos ,159,4,0,3,0,1,1,1,1,3,0,1,0,1,84501,1,0,0,0,1,1,0,1,1,1,5,1,0,0,1,0,4,265,2,1,1,3,1,0,0,1,2,1,1,1,3
1584,l1,male,44,Nagykanizsa,Szakorvos ,170,0,0,3,1,1,2,1,1,2,3,1,0,0,0,1,0,1,0,1,1,0,1,1,1,1,1,0,4,1,0,1,489,3,3,1,1,2,0,0,0,0,1,1,1,0
1585,l1,female,45,Nagykanizsa,Szakorvos ,181,1,0,2,1,1,1,1,4,2,0,0,0,0,0,1,0,0,0,1,0,1,1,1,1,0,3,0,1,0,0,0,427,3,3,1,2,2,1,1,1,0,1,1,1,0
1586,l0,male,35,Nagykanizsa,Lakatos ,184,0,0,3,0,1,1,1,1,1,3,1,0,0,35170,1,0,0,0,1,0,0,1,0,0,1,1,0,1,0,2,4,0,3,3,1,2,0,1,1,1,2,0,0,0,1
1587,l0,male,34,Budakeszi,asztalos ,188,4,0,3,1,1,0,1,1,0,0,0,0,0,0,1,0,1,0,1,0,0,1,1,0,5,2,0,3,2,0,0,25,3,0,1,3,0,0,0,0,0,0,1,0,1
1588,l1,male,33,Nagykanizsa,Lakatos ,171,4,0,3,0,1,1,1,0,1,2,4,0,0,390600,1,0,0,0,0,0,0,1,1,0,1,0,0,4,2,1,4,25765,1,1,1,0,1,0,0,1,0,1,1,1,1
1589,l1,female,33,Nagykanizsa,Szakorvos ,170,3,0,3,1,1,1,1,2,0,6,4,0,0,0,0,1,0,0,1,1,0,1,1,0,2,1,0,1,0,0,0,411,3,1,1,1,1,1,0,1,1,0,0,0,1
1590,l1,male,33,Budakeszi,Szakorvos ,178,3,0,2,1,1,1,1,1,3,0,0,0,0,0,1,0,0,0,1,1,1,1,0,0,4,1,1,0,0,0,1,300,2,1,1,2,2,0,0,0,2,1,0,0,0
1591,l0,female,28,Budakeszi,asztalos ,176,3,0,1,1,1,1,1,2,2,0,0,0,1,16682002,0,0,1,0,1,0,1,0,1,1,2,1,0,1,2,0,3,0,3,1,1,2,1,1,1,1,0,1,1,0,4
1592,l1,female,54,Budakeszi,Szakorvos ,176,3,0,3,1,1,1,1,3,2,0,0,0,1,336473,1,0,0,1,1,1,0,0,0,0,4,1,0,1,2,0,0,0,2,3,1,1,2,1,1,1,2,0,1,1,2
1593,l0,male,50,Nagykanizsa,asztalos ,170,1,1,3,1,1,1,1,1,2,3,4,0,1,167620,1,0,0,0,1,1,0,0,1,0,1,1,0,1,0,0,1,0,1,0,1,1,2,0,0,1,0,1,1,1,4
1594,l0,male,60,Budakeszi,asztalos ,168,3,0,3,1,1,1,1,1,2,1,0,0,1,230782,1,0,0,0,1,0,0,0,1,0,1,1,0,4,2,0,1,0,1,0,1,3,1,0,0,1,2,0,0,0,3
1595,l1,male,42,Nagykanizsa,asztalos ,164,3,1,3,1,1,1,1,1,3,5,1,0,0,185010,1,0,1,0,1,0,0,1,0,0,1,1,0,1,2,0,4,224,2,1,1,1,2,0,0,0,0,0,1,1,0
1596,l0,female,45,Nagykanizsa,Lakatos ,161,3,0,3,0,1,1,1,1,0,3,1,0,0,0,0,0,0,0,1,1,1,1,1,0,1,1,1,1,0,0,0,0,2,1,1,2,1,1,0,0,0,1,0,0,0
1597,l1,female,39,Budakeszi,Szakorvos ,173,4,0,3,1,1,1,1,1,0,6,4,0,1,59748,1,1,1,0,1,0,1,1,1,1,1,1,0,4,0,0,3,328,3,3,1,2,2,0,1,1,2,0,1,0,3
1598,l0,male,30,Nagykanizsa,asztalos ,158,3,2,3,1,1,1,1,1,0,0,0,1,1,292968,1,0,0,0,1,0,0,0,1,1,1,1,0,0,0,0,3,0,3,1,1,1,1,1,1,2,0,0,0,0,3
1599,l0,male,52,Nagykanizsa,asztalos ,162,4,0,1,1,1,1,1,4,2,1,1,0,0,67779,0,0,1,0,1,0,1,0,1,1,5,0,0,1,0,0,1,485,1,2,1,2,1,0,0,1,1,1,1,0,1
1600,l0,female,48,Nagykanizsa,Lakatos ,189,0,2,1,1,1,2,1,1,3,3,1,0,1,95974,1,0,0,1,1,0,0,0,1,1,5,1,0,1,0,0,0,0,2,0,1,1,0,1,1,2,2,1,0,1,3
1601,l1,male,37,Nagykanizsa,asztalos ,169,3,2,3,1,1,1,1,2,2,2,1,0,1,279881,0,0,0,1,1,1,0,1,1,1,1,1,0,1,2,0,3,105,1,1,1,1,2,1,1,2,2,1,0,0,1
1602,l1,female,58,Nagykanizsa,Szakorvos ,193,0,0,4,1,1,1,1,1,2,2,4,0,1,215470,0,0,0,0,1,0,1,1,1,0,0,0,0,4,0,0,1,194,2,1,1,1,2,0,0,1,1,0,1,1,3
1603,l0,male,32,Nagykanizsa,asztalos ,173,3,0,1,1,1,1,1,2,2,1,0,0,1,459849,0,0,0,0,1,0,0,1,1,1,0,1,0,1,2,0,3,324,3,1,1,3,1,0,0,1,0,1,1,1,3
1604,l1,male,52,Budakeszi,Lakatos ,167,3,2,4,1,1,1,1,1,2,0,0,0,1,0,1,0,1,0,1,1,1,1,1,0,1,1,0,1,2,0,0,532,1,1,1,1,1,1,0,1,0,0,1,0,3
1605,l1,male,27,Nagykanizsa,asztalos ,170,4,2,3,1,1,2,1,1,2,1,1,0,0,0,1,0,0,0,1,0,1,1,1,0,5,1,0,4,0,0,1,339,2,1,1,1,2,0,0,0,0,1,1,0,3
1606,l1,male,26,Nagykanizsa,Szakorvos ,168,4,2,2,0,1,1,1,1,2,6,4,0,1,396272,1,0,1,0,1,1,1,1,1,0,0,1,0,1,1,0,0,580,2,0,1,2,2,1,0,1,2,0,1,1,1
1607,l1,female,36,Nagykanizsa,Lakatos ,167,3,0,3,1,1,1,1,2,3,0,0,0,0,170674,0,0,1,0,1,0,0,1,1,1,2,1,0,1,0,0,3,19312,2,2,1,2,1,0,0,1,2,0,1,1,3
1608,l0,male,28,Nagybajcs,asztalos ,173,4,0,3,1,1,1,1,2,0,1,4,0,1,497138,0,0,0,0,1,1,0,1,1,0,1,1,0,0,2,3,0,341,3,1,1,1,1,1,1,0,0,1,1,0,2
1609,l0,male,35,Nagybajcs,Lakatos ,172,4,2,1,1,1,2,1,1,2,0,0,0,1,325050,1,0,1,0,0,0,0,1,1,0,1,1,0,0,2,0,0,58,2,0,1,0,1,1,0,0,1,1,0,1,3
1610,l1,female,32,Budakeszi,Lakatos ,163,0,0,3,1,1,1,1,2,3,0,0,0,0,0,1,1,0,0,1,1,1,1,1,1,1,3,0,1,2,0,0,0,1,1,1,0,1,0,0,0,1,0,0,0,2
1611,l0,male,58,Budakeszi,Lakatos ,165,4,0,2,1,1,2,1,1,0,0,2,0,0,593022,1,0,0,0,1,0,1,1,1,0,3,1,1,1,0,0,4,907,2,3,1,2,1,0,0,0,0,1,1,0,3
1612,l1,male,51,Nagykanizsa,Szakorvos ,168,4,0,3,0,1,1,1,1,2,10,4,0,0,247940,0,0,1,0,0,0,1,0,0,0,0,1,0,4,1,4,4,206,3,1,1,1,2,0,0,0,0,1,1,1,3
1613,l0,male,62,Nagybajcs,asztalos ,170,4,0,3,1,1,1,1,7,0,2,1,0,1,0,0,1,0,0,1,1,0,1,0,0,1,2,0,1,0,0,4,306,2,1,1,3,0,0,0,1,2,0,1,1,1
1614,l0,male,49,Budakeszi,asztalos ,158,0,1,3,1,1,1,0,1,1,3,1,0,1,0,0,0,0,0,1,0,1,1,0,0,3,1,0,1,2,0,0,228,1,1,1,2,2,1,0,1,2,1,0,0,1
1615,l1,male,61,Budakeszi,Lakatos ,165,0,0,3,0,1,1,1,4,2,1,1,0,0,177486,1,1,0,0,1,0,0,1,0,0,5,1,0,1,0,0,3,191,2,1,1,2,0,1,1,1,0,1,0,0,3
1616,l0,male,40,Nagybajcs,asztalos ,167,1,0,1,0,1,1,1,1,2,2,1,0,0,0,0,0,0,1,1,0,1,1,1,0,5,2,0,1,0,1,4,5915,2,1,1,2,2,1,0,2,0,0,0,0,1
1617,l0,male,45,Nagykanizsa,asztalos ,162,0,0,3,1,1,1,0,1,2,1,1,0,0,493102,1,0,1,0,1,1,0,1,1,1,0,2,0,1,0,0,1,55,1,0,1,2,2,0,0,1,0,1,1,0,1
1618,l0,female,39,Nagykanizsa,Szakorvos ,175,4,0,4,1,1,1,1,2,2,1,4,0,0,0,1,1,0,0,0,0,0,1,1,0,1,1,0,1,0,3,4,103,3,3,1,1,0,0,0,1,0,0,1,0,1
1619,l1,male,46,Nagykanizsa,asztalos ,162,0,0,3,0,1,1,0,1,0,5,4,0,0,269459,1,0,0,0,1,0,0,1,1,0,1,0,0,1,2,0,0,0,2,1,1,1,2,1,1,1,0,1,1,1,1
1620,l1,male,37,Nagykanizsa,Szakorvos ,167,3,0,2,1,1,1,1,1,3,2,0,0,0,333968,1,0,1,1,1,1,0,0,0,0,2,1,0,1,0,0,0,8,2,2,1,1,2,1,1,2,2,0,1,0,3
1621,l1,male,43,Nagykanizsa,Lakatos ,164,1,0,4,0,1,1,1,3,3,1,0,0,1,7006,1,1,1,0,1,1,1,1,1,1,4,1,0,4,0,0,3,95,2,0,1,1,1,1,1,1,0,0,0,0,3
1622,l0,male,31,Nagybajcs,Szakorvos ,159,4,0,0,0,0,0,0,1,2,0,0,0,1,15012182,0,1,1,0,0,0,0,1,1,0,0,0,0,4,0,0,1,633,2,3,1,0,2,0,1,1,2,2,1,1,3
1623,l1,female,50,Nagykanizsa,Szakorvos ,175,0,0,2,1,1,1,1,1,0,2,0,0,1,100346,1,0,0,1,1,0,0,1,0,0,5,0,0,1,2,0,4,0,2,1,1,3,2,1,1,2,2,0,1,0,4
1624,l0,male,37,Budakeszi,asztalos ,179,4,0,2,1,1,1,1,1,1,2,1,0,1,215663,1,0,0,0,1,0,0,1,1,1,5,2,0,0,2,2,3,488,2,0,1,0,0,1,1,1,1,1,1,1,1
1625,l1,male,32,Budakeszi,asztalos ,153,4,0,3,0,1,1,0,2,2,1,0,0,1,135304,1,0,0,0,1,0,0,1,0,0,5,2,0,0,0,3,2,458,3,3,1,3,2,1,0,1,0,1,0,0,3
1626,l0,female,29,Nagykanizsa,Lakatos ,171,4,0,1,1,1,1,0,2,1,3,0,0,1,189725,1,0,1,0,0,0,1,1,1,0,1,1,0,1,2,0,0,500,0,1,1,0,0,1,1,0,2,1,0,1,4
1627,l1,male,39,Budakeszi,asztalos ,167,4,0,4,1,1,1,1,1,3,1,0,0,1,429615,0,0,0,0,1,1,0,1,1,0,3,1,0,3,0,0,1,595,3,1,0,3,2,0,1,1,2,0,1,1,1
1628,l0,male,63,Budakeszi,Lakatos ,171,0,0,1,1,1,1,1,2,1,1,0,0,0,102011,1,0,0,0,1,1,0,0,0,0,5,1,0,1,0,0,0,29,1,0,1,3,1,1,1,0,0,0,0,0,1
1629,l1,male,57,Nagykanizsa,asztalos ,169,0,0,3,0,1,1,1,2,2,2,1,0,1,285136,0,0,1,0,1,0,0,1,1,1,1,0,0,1,0,0,3,0,2,1,1,1,2,1,0,1,2,0,0,0,2
1630,l0,male,34,Budakeszi,asztalos ,160,0,0,3,1,1,1,1,2,2,0,0,0,0,56273,0,0,0,1,1,0,1,1,1,1,2,0,0,1,0,2,4,842,2,3,1,2,0,1,0,2,1,0,1,1,1
1631,l1,male,28,Nagykanizsa,asztalos ,172,4,2,3,0,1,1,1,1,2,5,4,0,1,0,0,0,0,0,1,1,0,1,1,0,1,1,0,1,2,0,0,0,2,0,1,0,2,1,0,1,2,1,1,1,1
1632,l0,female,54,Budakeszi,Lakatos ,173,4,0,1,1,1,2,1,0,2,2,4,0,0,204904,1,0,0,0,1,1,1,1,0,0,5,1,0,0,0,0,3,5363,2,0,1,2,0,0,0,1,2,0,0,0,3
1633,l0,male,40,Budakeszi,asztalos ,167,3,2,1,0,1,2,1,2,2,3,1,0,1,216849,0,1,1,0,1,1,1,1,1,0,5,1,0,1,0,1,4,0,3,3,1,1,0,0,0,1,0,0,0,0,2
1634,l1,female,32,Nagykanizsa,asztalos ,166,3,0,3,1,1,1,1,2,2,18,4,0,0,0,0,0,1,0,1,0,0,0,1,0,3,1,0,1,0,1,1,5856,3,1,1,3,2,1,1,2,0,0,0,0,0
1635,l1,male,43,Nagykanizsa,Lakatos ,166,4,0,1,1,1,1,1,2,2,1,1,0,1,203613,1,0,0,0,0,0,0,1,1,0,0,2,0,4,0,0,0,221,1,1,1,1,2,0,0,0,0,1,1,1,2
1636,l0,male,59,Nagykanizsa,Lakatos ,163,3,0,3,1,1,2,1,2,3,0,0,0,0,0,1,0,0,0,1,0,0,0,0,0,1,1,0,1,1,0,4,291,2,2,1,0,2,1,1,2,0,0,1,1,1
1637,l1,female,58,Nagykanizsa,Szakorvos ,172,3,0,3,1,1,2,1,1,3,3,0,0,0,0,1,0,1,1,1,0,0,1,0,0,5,1,0,1,0,0,1,0,2,0,1,3,1,0,0,2,2,0,0,0,3
1638,l1,male,43,Budakeszi,Lakatos ,158,2,0,3,1,1,1,1,1,2,2,0,0,1,556451,0,0,0,1,1,1,0,1,1,0,3,1,0,1,2,0,0,30,2,0,1,0,0,1,1,2,2,1,1,1,1
1639,l1,male,25,Nagykanizsa,Lakatos ,169,3,2,3,0,1,1,1,1,2,1,0,0,1,27954,1,0,0,0,1,1,1,1,1,0,0,0,0,1,2,0,0,75,2,3,1,1,0,1,0,2,2,1,0,0,1
1640,l1,female,45,Budakeszi,Szakorvos ,189,0,0,3,1,1,1,1,1,2,3,1,0,1,34885,0,0,0,0,1,0,1,1,1,0,3,0,0,1,0,0,3,0,1,1,1,3,1,1,1,1,0,1,1,0,4
1641,l1,female,35,Nagykanizsa,Szakorvos ,175,0,0,3,1,1,2,1,2,0,5,4,0,1,110320,1,0,0,0,1,0,0,1,1,0,1,0,0,4,0,0,0,158,1,1,1,2,1,0,0,1,2,1,1,0,3
1642,l0,male,29,Budakeszi,asztalos ,164,4,0,1,0,1,1,0,2,3,2,4,0,1,367365,1,0,0,0,1,1,0,0,0,0,5,1,0,0,0,0,4,286,2,1,1,3,2,0,0,1,0,1,1,1,1
1643,l1,female,63,Budakeszi,asztalos ,191,4,0,3,0,1,1,1,3,3,8,4,0,0,125595,1,0,0,0,0,0,1,1,1,1,1,1,0,0,0,0,2,73,3,1,1,0,1,0,0,1,2,1,1,1,0
1644,l1,female,64,Budakeszi,Szakorvos ,170,0,2,3,1,1,1,1,1,3,0,0,0,0,57590,1,0,0,0,1,1,1,0,1,1,0,1,0,1,0,0,3,0,2,1,1,2,2,0,0,1,1,0,1,0,0
1645,l0,male,61,Nagykanizsa,asztalos ,169,4,0,3,1,1,2,1,1,2,0,0,0,0,352197,1,0,0,0,1,1,0,1,1,1,0,0,0,1,0,0,0,96,2,0,1,0,2,1,0,1,2,1,1,1,1
1646,l0,male,41,Nagykanizsa,Lakatos ,166,3,0,3,0,1,1,1,0,0,3,4,0,0,91401,1,0,0,0,1,1,1,1,1,1,4,1,0,1,0,0,3,7528,2,2,1,3,1,1,0,1,0,1,1,1,3
1647,l1,female,57,Nagykanizsa,Szakorvos ,178,1,0,2,1,1,1,1,1,2,2,1,0,1,606364,1,0,1,0,1,0,0,1,1,0,2,1,0,1,0,0,4,4857,2,0,1,3,2,1,0,2,2,1,1,0,3
1648,l0,male,56,Nagykanizsa,asztalos ,176,1,0,1,0,1,1,1,1,2,7,1,0,1,0,1,0,1,0,1,0,0,0,1,0,2,3,0,1,4,0,3,0,1,0,1,1,2,1,0,0,0,1,0,1,2
1649,l0,male,25,Nagybajcs,asztalos ,163,4,0,4,1,1,1,0,1,2,0,0,0,1,0,0,0,0,0,1,1,0,1,1,1,0,0,0,1,2,0,0,459,2,0,1,3,2,1,1,1,1,1,1,0,1
1650,l1,male,30,Nagykanizsa,Lakatos ,172,0,2,3,0,1,1,1,1,3,0,0,0,0,5882,1,0,0,0,1,0,1,0,1,0,0,1,0,1,1,0,4,69,3,1,1,1,1,0,0,0,0,0,1,1,0
1651,l0,male,25,Budakeszi,Lakatos ,176,0,0,1,1,1,1,1,1,2,0,0,0,0,0,1,0,1,0,1,0,0,1,0,0,0,2,1,1,2,0,3,590,3,3,1,1,2,1,1,1,0,0,0,1,1
1652,l0,male,35,Nagykanizsa,asztalos ,162,3,0,3,1,1,1,1,2,2,2,1,0,1,408198,1,0,1,0,1,1,1,1,1,0,1,2,0,1,0,0,4,0,3,3,1,1,2,0,0,0,0,0,0,0,1
1653,l1,male,37,Budakeszi,Szakorvos ,166,1,0,4,1,1,1,1,1,3,2,1,0,1,238201,1,0,0,0,1,0,1,1,1,0,3,1,0,1,0,3,3,430,2,3,1,1,2,0,0,1,1,1,1,1,2
1654,l0,male,47,Nagykanizsa,asztalos ,159,2,0,1,1,1,1,1,2,3,1,4,0,0,63299,1,0,1,0,1,0,1,1,1,1,1,1,0,1,2,1,1,372,2,0,1,2,2,0,0,1,2,0,0,0,3
1655,l1,male,60,Budakeszi,Lakatos ,164,3,0,4,0,1,1,1,3,0,2,1,0,1,162939,0,0,1,0,1,0,1,0,1,0,5,2,0,1,2,3,4,457,2,1,1,1,1,0,0,1,0,1,1,1,1
1656,l1,female,35,Budakeszi,Szakorvos ,178,4,0,2,1,1,2,1,1,2,0,1,0,1,74337,1,1,0,0,1,1,0,1,0,0,1,1,0,1,2,0,3,384,2,0,1,2,1,1,1,2,0,1,1,1,4
1657,l0,male,25,Nagykanizsa,asztalos ,166,3,0,3,0,1,1,1,1,0,3,4,0,1,164267,1,0,0,0,1,0,0,1,1,1,1,1,0,3,0,0,0,242,2,3,1,3,1,1,1,0,0,0,1,1,1
1658,l0,male,26,Budakeszi,asztalos ,172,4,0,3,0,1,1,1,1,3,0,0,0,0,0,0,0,0,0,1,1,1,1,1,1,0,1,0,1,2,0,0,515,0,0,1,3,2,1,1,1,2,1,1,1,1
1659,l1,male,49,Nagykanizsa,Szakorvos ,162,4,0,3,0,1,1,1,2,3,0,0,0,1,227099,1,0,1,0,1,1,0,0,1,0,5,1,0,1,2,0,3,426,2,3,1,2,2,0,0,0,0,0,0,0,3
1660,l1,female,25,Nagykanizsa,Szakorvos ,175,4,0,3,1,1,1,1,2,2,3,4,0,0,0,1,1,0,0,1,1,1,1,1,1,0,2,0,0,0,0,3,246,2,1,1,2,0,1,1,1,2,1,1,1,4
1661,l1,male,38,Nagybajcs,asztalos ,166,4,0,3,1,0,1,1,1,2,3,1,0,0,0,1,0,0,0,0,0,1,1,0,0,1,1,0,1,0,1,3,180,2,0,1,1,2,1,1,2,1,1,1,0,3
1662,l0,female,55,Budakeszi,Lakatos ,173,4,0,3,0,1,1,1,1,2,2,1,0,0,0,0,0,0,0,1,0,0,1,1,1,1,1,0,1,0,0,0,0,2,3,1,1,1,1,1,0,0,1,0,0,0
1663,l1,female,44,Budakeszi,Szakorvos ,190,3,0,3,1,1,1,1,1,2,0,0,0,1,373213,1,0,0,0,1,1,0,1,1,1,0,3,0,1,2,2,4,0,2,0,0,3,2,1,1,1,0,0,1,0,4
1664,l1,male,30,Nagykanizsa,Szakorvos ,157,0,0,0,1,1,2,1,1,0,15,0,0,0,651953,1,0,0,0,0,0,0,1,1,0,0,1,0,0,2,0,0,541,3,1,0,1,2,1,0,1,2,0,0,1,4
1665,l1,male,29,Nagykanizsa,Lakatos ,158,0,1,1,1,1,1,1,1,3,1,4,0,0,86070,1,0,0,1,1,0,0,1,0,0,4,1,0,2,1,0,4,340,2,3,1,2,3,0,0,2,2,0,1,0,1
1666,l0,male,50,Budakeszi,Lakatos ,164,3,0,1,1,1,2,1,1,2,3,1,0,0,394404,0,0,0,0,1,0,0,1,1,1,1,1,0,3,2,0,1,0,2,0,1,1,2,1,1,2,0,1,1,0,1
1667,l0,female,51,Nagybajcs,Szakorvos ,188,4,0,3,0,1,2,1,1,0,3,1,0,1,432709,0,0,1,0,0,1,0,1,0,0,5,2,1,4,2,0,0,0,3,3,1,2,0,0,0,1,2,1,1,0,3
1668,l1,male,34,Nagykanizsa,asztalos ,163,0,0,4,1,1,2,1,1,2,2,0,0,1,146227,1,0,0,0,1,0,1,0,1,1,1,1,0,1,0,3,3,685,3,1,1,2,0,0,0,1,0,1,1,0,3
1669,l0,female,37,Nagykanizsa,asztalos ,194,4,0,3,1,1,1,1,1,3,1,0,0,0,0,1,0,0,0,1,1,1,0,1,1,1,1,0,0,4,0,0,312,1,1,1,3,1,0,0,0,0,1,1,0,4
1670,l0,male,60,Nagybajcs,Lakatos ,176,3,0,3,1,1,1,1,1,3,0,0,0,1,0,1,1,0,0,0,0,1,1,0,0,1,1,1,1,2,0,3,447,3,3,1,0,2,0,0,1,0,1,0,0,1
1671,l1,male,54,Budakeszi,Lakatos ,160,0,0,3,1,1,1,1,2,3,2,1,0,1,540140,1,0,0,1,0,0,1,0,1,0,4,1,0,1,2,3,3,131,1,0,1,2,2,1,0,1,2,0,1,1,3
1672,l1,male,63,Nagykanizsa,Szakorvos ,169,3,2,3,1,1,1,1,3,0,0,0,0,0,423459,0,0,0,1,0,1,0,1,1,1,0,1,0,4,0,3,4,499,2,1,0,1,1,1,0,2,1,0,1,0,1
1673,l0,male,39,Budakeszi,Szakorvos ,175,4,0,4,1,1,1,1,1,3,0,0,0,1,377099,0,0,0,0,1,0,1,0,1,1,3,1,0,1,2,0,0,5906,3,3,1,3,1,0,0,0,2,1,1,0,1
1674,l1,male,35,Budakeszi,Szakorvos ,174,3,0,2,1,1,1,1,1,2,3,1,0,0,0,0,0,0,0,1,1,0,1,0,0,1,0,1,1,1,3,3,470,3,3,1,2,2,1,1,2,0,1,0,0,1
1675,l1,male,51,Nagykanizsa,asztalos ,170,1,1,3,1,1,2,1,1,3,7,4,0,1,206563,1,0,1,1,1,0,1,0,1,1,5,2,0,1,1,0,4,436,2,1,1,1,1,1,1,2,2,0,1,1,1
1676,l0,male,51,Nagykanizsa,Szakorvos ,167,0,0,2,1,1,1,1,2,2,1,1,0,1,645292,1,1,1,0,0,1,1,1,1,1,5,1,0,1,2,0,3,0,2,1,1,1,2,1,1,1,2,0,0,0,1
1677,l1,male,48,Budakeszi,Szakorvos ,174,0,2,1,0,1,0,1,0,0,6,3,0,1,269040,1,1,0,0,0,1,0,1,1,1,1,0,0,4,0,1,0,583,2,1,1,3,2,0,0,2,2,0,0,0,1
1678,l0,male,48,Nagykanizsa,Lakatos ,150,3,0,1,1,1,1,1,1,0,1,0,0,1,0,0,0,0,0,0,0,0,1,0,0,1,1,0,4,0,1,0,0,2,1,1,1,1,1,1,1,0,1,0,0,1
1679,l1,female,27,Nagykanizsa,Lakatos ,169,4,0,4,1,1,1,0,2,2,3,1,0,0,0,1,0,1,0,1,0,1,1,0,0,5,1,0,1,2,2,0,0,2,1,1,3,1,1,0,2,0,1,0,0,0
1680,l1,male,42,Nagykanizsa,asztalos ,150,4,2,3,1,1,2,1,0,2,2,1,0,0,370805,1,1,1,0,1,0,1,1,1,0,1,1,0,1,0,3,0,427,2,3,1,1,2,1,0,2,0,1,1,0,1
1681,l1,male,27,Budakeszi,asztalos ,159,0,0,3,1,1,1,1,4,0,2,1,0,1,23371,1,0,1,0,0,1,0,1,0,0,1,0,0,1,0,0,0,0,1,0,0,1,2,1,1,2,2,1,1,1,4
1682,l1,female,36,Nagykanizsa,Szakorvos ,167,3,2,4,0,1,1,1,1,2,0,1,0,1,139755,1,1,1,0,0,0,1,0,1,1,2,2,0,1,0,0,1,201,2,1,1,0,3,0,0,1,0,0,1,0,2
1683,l0,female,32,Budakeszi,Szakorvos ,180,4,0,2,1,1,1,1,2,2,5,4,0,0,0,0,0,0,0,0,0,0,1,1,0,0,0,0,1,1,4,0,33,2,1,1,2,1,0,0,0,0,0,1,1,1
1684,l0,male,53,Budakeszi,asztalos ,172,0,0,1,1,1,1,1,0,3,0,0,0,0,43739,1,0,0,0,0,1,1,1,1,1,1,1,0,1,0,0,0,428,3,1,1,1,2,0,0,1,2,0,0,0,1
1685,l1,male,59,Nagykanizsa,Szakorvos ,173,4,0,4,0,1,1,1,1,3,5,0,0,1,151200,1,0,1,0,1,0,0,1,0,0,1,3,0,1,0,4,0,688,2,1,1,1,2,1,0,1,0,0,1,0,2
1686,l1,male,49,Budakeszi,Lakatos ,163,3,0,4,1,1,0,1,1,0,2,1,0,1,0,1,0,0,0,1,0,1,0,1,1,1,1,0,1,0,3,4,6420,2,1,0,0,2,1,1,0,0,0,1,1,1
1687,l0,male,38,Nagykanizsa,Szakorvos ,166,4,0,0,0,1,1,1,1,2,0,0,0,1,348892,1,0,0,0,1,0,0,1,1,1,4,1,0,3,0,0,0,230,3,3,1,2,2,0,0,1,0,0,1,1,1
1688,l0,male,51,Budakeszi,Lakatos ,176,3,0,1,1,1,2,0,2,0,0,0,0,0,41986,1,1,0,0,1,1,1,1,1,1,5,1,0,3,0,0,0,189,3,1,1,1,1,1,0,1,2,0,0,0,0
1689,l0,male,34,Budakeszi,Lakatos ,183,3,0,3,1,1,1,0,1,2,4,4,0,0,0,1,0,0,0,1,0,0,1,1,1,5,2,0,0,0,0,0,0,2,1,1,2,0,0,0,0,0,1,0,0,1
1690,l1,male,49,Budakeszi,Lakatos ,166,3,2,3,0,1,2,1,1,2,1,1,0,1,689326,0,0,0,0,1,0,1,1,1,0,5,1,0,0,2,1,0,75,3,2,1,2,2,1,0,1,2,1,0,1,1
1691,l1,male,43,Nagybajcs,asztalos ,167,0,0,3,1,1,2,1,2,3,0,1,0,0,0,1,1,1,0,0,1,0,1,1,1,1,1,0,4,1,0,0,0,2,1,1,2,0,1,1,1,0,0,1,1,1
1692,l0,male,27,Budakeszi,asztalos ,182,3,0,3,0,1,0,1,3,2,5,0,0,1,515292,1,0,1,0,0,0,0,1,1,0,0,1,0,3,0,0,0,0,3,1,1,1,1,1,1,2,0,0,1,0,3
1693,l1,female,30,Nagykanizsa,Szakorvos ,167,0,2,3,1,1,1,1,3,2,3,1,0,0,107156,0,0,0,0,1,1,1,1,0,0,0,1,0,0,0,0,0,87,1,2,1,3,1,0,0,1,0,1,1,0,1
1694,l1,male,57,Budakeszi,Szakorvos ,160,0,0,3,1,1,2,1,0,3,0,0,0,0,0,0,0,1,1,0,0,0,1,1,1,4,1,0,1,0,0,3,134,2,3,1,1,1,0,0,2,2,0,1,0,2
1695,l0,male,44,Nagykanizsa,Szakorvos ,169,3,1,4,1,1,1,1,3,3,2,1,0,0,0,1,0,0,0,1,0,0,1,0,0,1,1,0,1,2,1,3,352,2,0,1,1,2,0,0,0,0,0,0,0,2
1696,l0,male,60,Budakeszi,asztalos ,176,4,0,3,1,1,1,1,1,3,0,0,0,1,25982,0,0,0,0,1,0,0,1,1,0,1,1,0,1,0,0,0,312,2,3,1,1,0,0,0,0,2,1,1,0,2
1697,l0,male,61,Budakeszi,Lakatos ,169,2,2,3,1,1,1,1,1,2,9,4,1,0,143835,1,0,0,0,1,1,1,1,1,1,5,0,0,1,0,3,1,5966,1,0,1,0,2,0,0,0,0,1,0,0,0
1698,l0,male,40,Nagykanizsa,asztalos ,177,0,0,3,1,1,1,1,2,2,3,1,0,0,185676,1,0,0,0,1,1,1,0,1,0,5,1,1,1,2,1,4,550,3,3,1,3,2,1,0,1,1,0,0,0,1
1699,l0,male,65,Nagykanizsa,asztalos ,160,0,0,4,0,1,1,1,1,2,3,1,0,1,18018016,1,0,1,0,0,0,0,1,1,0,1,1,0,0,0,3,4,843,2,0,1,3,2,1,0,1,0,1,0,0,3
1700,l1,female,54,Budakeszi,Lakatos ,173,4,0,2,0,1,1,1,3,3,1,0,0,1,238974,0,0,0,0,1,1,1,1,1,0,0,1,0,1,2,1,0,421,3,1,1,1,0,0,0,2,0,0,1,1,0
1701,l0,male,44,Budakeszi,Szakorvos ,191,4,0,2,0,1,1,1,7,0,3,1,0,0,0,1,0,0,0,1,0,0,0,1,0,3,1,0,0,0,0,0,26186,2,1,1,2,0,1,0,0,2,0,1,0,1
1702,l1,female,25,Nagybajcs,Szakorvos ,169,0,0,2,1,1,1,1,1,2,0,0,0,1,217235,1,0,1,0,1,0,0,0,1,1,1,1,0,1,0,1,4,6620,1,1,1,1,2,1,1,0,0,0,0,1,2
1703,l0,male,25,Nagykanizsa,Lakatos ,162,4,0,1,0,1,1,1,1,2,1,0,0,1,228631,0,0,0,1,1,1,1,0,0,0,2,2,0,1,2,0,2,537,2,1,0,1,2,1,0,1,2,1,0,1,3
1704,l0,male,36,Budakeszi,Lakatos ,178,3,0,3,0,1,1,1,1,3,3,1,0,1,14084,1,0,0,0,1,0,0,1,1,1,5,1,0,1,2,0,3,0,1,0,1,1,0,1,0,1,0,0,1,1,1
1705,l0,male,41,Nagykanizsa,Lakatos ,163,4,0,1,0,1,1,1,2,2,6,1,0,1,101092,1,0,0,0,0,0,1,1,0,0,0,1,0,1,0,0,3,27,2,1,1,1,1,1,0,1,0,0,0,0,1
1706,l1,male,54,Budakeszi,Szakorvos ,174,4,0,4,1,1,1,1,2,1,5,4,0,0,108492,1,1,0,0,1,1,0,1,0,1,5,1,1,1,2,0,3,0,2,3,1,2,2,0,0,1,0,1,0,0,0
1707,l1,female,28,Budakeszi,Szakorvos ,182,3,0,4,1,1,1,1,1,2,3,1,0,0,104810,0,0,0,1,0,1,0,1,0,0,0,1,0,1,2,1,0,299,2,3,1,1,1,1,1,1,2,1,1,1,3
1708,l0,male,28,Nagykanizsa,asztalos ,154,0,0,3,1,1,1,1,1,2,1,1,0,0,0,1,0,0,0,1,0,1,1,1,0,5,1,0,1,2,0,0,128,2,3,1,3,2,0,0,1,2,0,1,1,2
1709,l0,male,36,Nagybajcs,Lakatos ,167,0,2,1,1,1,2,1,1,3,0,0,0,0,14234,1,1,1,0,1,0,1,1,0,0,3,3,0,1,2,0,3,0,2,1,1,3,1,0,0,0,0,0,0,1,1
1710,l1,male,57,Budakeszi,Lakatos ,163,0,0,1,1,1,1,1,3,2,2,1,0,1,448834,1,0,1,0,1,0,0,1,1,1,2,2,0,1,2,0,1,0,1,3,1,1,2,0,0,1,2,1,1,1,1
1711,l1,male,51,Nagykanizsa,asztalos ,160,2,1,4,0,1,1,1,1,2,4,1,0,1,519468,1,0,0,0,1,1,1,0,1,1,3,0,0,1,2,0,3,240,3,1,1,3,2,1,1,1,2,0,1,1,3
1712,l1,male,44,Budakeszi,Szakorvos ,177,2,2,3,1,1,1,1,3,2,3,1,0,0,101171,0,0,1,0,1,1,0,1,0,0,1,1,0,1,2,0,3,511,3,2,1,1,1,1,0,2,1,0,1,1,1
1713,l0,male,25,Nagykanizsa,asztalos ,183,3,0,3,0,0,0,1,2,3,3,1,0,0,0,0,0,1,0,0,0,0,1,1,1,1,2,0,0,0,0,0,720,2,3,0,1,0,1,0,0,0,0,1,1,1
1714,l0,male,36,Budakeszi,Szakorvos ,189,3,0,3,1,1,2,1,2,0,2,1,0,1,16391,1,0,0,0,1,1,0,1,1,0,0,1,1,1,0,0,0,0,3,3,1,1,1,1,0,1,0,0,1,1,1
1715,l1,male,40,Budakeszi,Lakatos ,171,0,0,2,1,1,1,1,1,2,0,4,0,0,42627,0,0,1,1,1,1,0,0,1,1,2,1,0,0,0,0,3,245,3,3,1,1,2,1,1,2,2,0,1,1,2
1716,l1,male,28,Nagykanizsa,asztalos ,178,3,0,2,0,1,1,1,1,0,0,0,0,0,0,0,0,0,1,0,0,0,0,1,0,0,1,0,1,1,0,1,0,3,2,0,0,2,1,1,2,2,0,1,0,1
1717,l0,male,51,Budakeszi,Lakatos ,176,4,0,4,1,1,1,1,2,2,3,1,0,1,66359,1,0,0,0,1,0,0,1,1,0,4,1,0,1,2,1,1,98,2,3,1,1,2,1,1,1,2,1,1,0,1
1718,l0,male,36,Budakeszi,Lakatos ,171,4,0,4,1,1,2,1,0,2,1,1,0,0,0,0,0,1,0,0,1,0,0,1,0,0,1,0,1,0,2,4,213,1,0,1,2,0,0,0,1,0,0,0,0,1
1719,l1,male,44,Nagykanizsa,asztalos ,164,0,0,3,1,1,1,1,0,0,13,1,0,0,0,1,0,0,1,1,1,0,0,0,0,2,0,0,1,1,0,0,282,3,2,1,1,2,0,1,1,1,0,0,0,0
1720,l1,male,45,Budakeszi,Lakatos ,168,3,2,4,1,1,2,1,1,2,4,0,0,1,225758,1,0,1,0,1,0,0,1,1,1,3,1,0,3,0,2,3,854,2,1,1,1,1,1,1,1,0,0,1,1,3
1721,l1,female,59,Budakeszi,Szakorvos ,172,4,0,3,1,1,1,1,1,2,0,0,0,1,0,1,0,0,0,1,0,0,0,0,0,1,0,0,3,2,0,0,139,2,1,1,3,2,1,1,1,0,0,1,1,3
1722,l0,male,60,Nagykanizsa,asztalos ,166,0,0,3,0,1,1,1,3,2,0,0,0,0,0,1,1,0,0,1,0,1,1,0,0,5,1,0,1,0,0,4,1101,1,3,1,2,2,1,0,1,0,1,0,1,1
1723,l1,male,28,Nagykanizsa,asztalos ,154,0,0,3,0,1,1,1,1,2,2,1,0,0,0,0,0,0,0,1,0,1,0,1,0,5,0,0,1,0,0,0,187,3,1,1,3,1,1,0,2,1,1,1,1,2
1724,l1,male,30,Nagykanizsa,Lakatos ,167,4,0,4,1,1,1,1,3,0,0,0,0,1,0,1,1,0,0,1,1,1,0,0,0,5,2,0,4,0,1,3,33319,1,1,1,1,2,0,0,0,1,0,1,0,1
1725,l0,male,46,Nagybajcs,asztalos ,167,1,0,3,1,1,2,1,0,3,3,4,0,0,421809,1,0,1,0,1,1,1,1,1,0,3,0,0,1,2,4,4,169,1,3,1,3,3,0,0,1,0,1,1,0,0
1726,l0,male,48,Nagykanizsa,asztalos ,165,0,2,4,1,1,1,1,2,3,3,1,0,0,221253,0,0,1,0,1,1,1,1,1,0,1,1,0,0,2,0,3,0,2,0,1,0,1,0,0,1,0,1,1,1,3
1727,l0,male,54,Budakeszi,Lakatos ,166,4,0,1,1,1,2,1,2,1,1,0,0,0,0,1,1,1,0,1,1,1,1,1,1,5,3,0,0,0,0,2,0,3,2,1,2,1,0,0,0,0,0,1,1,3
1728,l0,female,48,Nagykanizsa,Lakatos ,173,3,0,4,1,1,2,1,1,3,3,1,0,0,0,1,0,0,0,0,1,0,1,1,1,5,0,0,0,2,0,1,255,1,0,1,1,1,0,0,0,2,0,0,0,0
1729,l1,male,57,Nagybajcs,asztalos ,174,4,0,3,0,1,1,1,1,2,16,1,0,1,784754,0,0,1,1,1,0,0,1,1,1,1,1,1,2,2,0,0,0,3,3,1,3,2,0,0,1,1,1,1,1,1
1730,l0,male,25,Nagykanizsa,asztalos ,168,4,0,3,0,1,1,1,2,2,3,4,0,0,0,1,0,0,0,1,0,0,1,1,1,4,1,0,1,2,0,4,563,3,1,1,1,1,1,1,1,0,0,0,0,3
1731,l0,female,55,Budakeszi,Szakorvos ,178,0,0,2,1,1,1,1,2,3,5,4,0,0,11309,1,0,0,1,1,0,1,1,1,1,3,1,0,1,2,0,0,558,2,1,1,2,2,1,1,1,2,0,0,0,4
1732,l0,male,26,Budakeszi,asztalos ,173,3,0,3,1,1,1,1,1,2,1,1,0,0,0,1,0,0,0,1,0,0,1,1,1,5,1,0,1,2,0,1,0,2,1,1,3,2,1,0,1,1,0,1,0,1
1733,l1,male,53,Nagykanizsa,Lakatos ,178,1,2,3,1,1,1,1,1,3,1,1,0,1,0,1,0,0,0,1,0,0,1,1,1,2,1,1,4,0,0,0,0,3,3,1,3,1,0,0,2,0,0,0,0,1
1734,l1,female,56,Nagykanizsa,Szakorvos ,177,3,0,4,1,1,2,1,1,2,1,1,0,1,167072,1,1,1,0,0,0,0,1,1,1,0,2,1,1,0,0,3,267,2,3,1,2,1,0,1,0,0,0,1,0,1
1735,l0,male,62,Nagybajcs,Lakatos ,180,3,0,1,0,0,0,1,1,3,7,0,0,1,544053,1,0,1,0,1,0,0,1,0,0,3,1,0,1,2,1,4,1090,1,1,1,1,2,0,0,2,2,0,1,1,4
1736,l0,male,41,Nagybajcs,Szakorvos ,177,4,0,2,1,1,1,1,1,2,7,0,0,0,427883,1,0,0,0,0,0,1,0,1,1,0,1,0,1,2,0,4,405,3,1,1,1,2,1,0,1,1,0,0,1,0
1737,l0,male,58,Nagykanizsa,Lakatos ,157,4,0,1,1,1,1,1,1,1,2,4,0,0,0,1,0,1,0,1,0,0,1,1,1,1,1,1,3,0,1,3,513,1,1,1,0,1,0,0,1,0,1,0,0,2
1738,l0,male,45,Nagykanizsa,asztalos ,165,1,0,4,1,1,1,1,1,2,2,0,1,0,344807,1,0,0,0,1,0,1,1,0,0,2,0,0,1,0,1,4,176,1,0,1,0,2,1,0,0,0,1,0,0,1
1739,l0,female,64,Nagykanizsa,asztalos ,185,4,0,3,0,1,1,1,7,2,4,1,0,0,0,0,0,0,1,1,0,1,1,1,0,5,1,1,4,0,0,3,0,2,1,1,1,2,1,0,1,2,1,1,1,1
1740,l1,female,25,Nagykanizsa,Szakorvos ,161,4,2,4,1,1,1,1,1,0,2,1,0,0,0,1,0,1,1,1,0,1,1,1,0,1,1,0,1,0,1,4,80,3,3,1,3,2,1,1,2,2,1,1,1,1
1741,l1,male,62,Nagybajcs,Szakorvos ,186,4,1,2,0,1,1,1,3,2,3,1,0,1,280250,1,0,1,1,0,0,0,1,1,0,1,1,0,3,0,0,4,0,1,0,1,1,2,0,0,2,2,1,0,0,1
1742,l1,male,65,Nagykanizsa,Szakorvos ,162,3,0,4,1,1,1,0,9,2,2,1,0,0,120683,1,0,1,0,1,0,0,1,0,1,5,1,0,1,2,0,0,0,2,0,1,1,0,1,0,1,2,1,1,1,1
1743,l1,male,44,Budakeszi,Szakorvos ,172,3,0,3,0,1,2,1,1,2,5,4,0,0,0,0,0,1,0,1,0,0,1,1,0,3,1,0,0,1,2,1,5559,2,1,1,2,1,0,1,1,2,0,1,1,4
1744,l0,male,30,Nagybajcs,Lakatos ,172,0,0,1,0,1,1,1,1,2,2,0,0,0,78518,0,0,0,0,1,1,0,1,0,0,0,1,0,0,0,1,3,5596,2,1,1,2,1,0,0,1,0,0,0,1,1
1745,l1,male,64,Budakeszi,Lakatos ,157,0,2,4,1,1,1,1,1,2,0,0,0,1,378357,1,0,0,0,1,0,1,1,1,0,4,1,0,0,2,0,0,81,2,3,1,3,2,1,1,1,2,0,1,0,2
1746,l1,male,63,Nagykanizsa,asztalos ,163,4,0,4,0,1,1,1,2,3,9,0,0,0,0,0,1,0,0,1,0,1,0,1,0,4,1,0,1,0,4,4,344,2,1,1,0,1,1,0,1,2,0,1,0,4
1747,l1,female,30,Nagykanizsa,Lakatos ,173,1,0,3,1,1,1,1,1,3,2,1,0,0,192189,1,0,0,0,0,0,1,1,1,0,0,1,0,1,2,0,0,0,1,1,0,0,1,1,1,1,0,0,1,1,2
1748,l1,male,33,Nagykanizsa,asztalos ,171,0,0,3,1,1,1,1,3,2,5,4,0,1,214142,0,0,1,1,1,0,0,1,0,0,1,1,0,3,0,0,1,0,1,0,0,1,2,1,0,1,2,1,1,1,2
1749,l1,male,51,Nagykanizsa,asztalos ,185,3,0,3,0,1,1,1,2,2,0,0,0,1,327288,0,0,1,0,1,0,1,1,1,1,0,0,0,1,0,0,1,314,2,1,1,1,1,0,0,2,2,1,1,0,1
1750,l0,female,33,Nagybajcs,Szakorvos ,176,4,0,3,1,1,1,1,3,2,2,1,0,0,0,1,0,0,0,0,1,0,1,1,1,2,1,0,1,1,1,3,240,2,0,1,1,0,1,0,1,0,1,1,1,1
1751,l0,male,55,Nagybajcs,asztalos ,159,0,0,3,1,1,1,1,2,2,0,0,0,0,0,0,0,0,1,1,1,0,1,1,1,2,3,0,1,0,0,1,565,1,2,1,3,2,1,1,1,2,0,1,1,1
1752,l1,male,58,Nagykanizsa,Lakatos ,156,1,2,4,1,1,1,1,1,3,3,1,0,1,590478,1,1,1,0,0,1,1,1,1,0,1,0,1,1,2,0,3,483,3,3,1,2,2,0,0,1,0,0,1,0,1
1753,l1,male,53,Budakeszi,Lakatos ,166,0,0,3,1,1,2,1,1,2,3,4,0,1,342490,1,0,0,0,0,0,0,1,1,0,3,1,0,3,0,1,1,6054,2,2,0,1,1,0,0,1,0,0,1,0,3
1754,l1,male,37,Budakeszi,Szakorvos ,170,4,0,3,1,1,2,1,4,2,5,4,0,0,559654,1,1,1,0,1,1,0,0,1,1,5,1,0,3,2,0,4,371,3,1,1,2,2,0,0,2,1,0,1,1,2
1755,l1,female,32,Budakeszi,Lakatos ,180,3,0,1,1,1,1,1,4,2,1,0,0,1,0,1,0,0,1,1,0,0,1,1,1,5,1,0,1,2,0,0,368,1,1,1,2,2,1,0,2,2,0,1,1,1
1756,l1,male,36,Budakeszi,Lakatos ,173,0,0,3,1,1,1,1,2,2,1,0,0,1,182268,1,0,1,0,1,0,1,1,1,1,5,1,0,1,0,0,4,3572,3,0,1,2,1,0,0,1,2,1,0,0,3
1757,l1,male,39,Budakeszi,Szakorvos ,174,3,0,3,1,1,1,1,2,2,0,0,0,1,0,1,0,0,0,1,0,1,1,0,0,4,1,0,4,4,0,4,551,1,1,1,3,1,0,0,0,0,0,1,1,3
1758,l1,male,64,Nagykanizsa,Lakatos ,170,3,0,3,1,1,2,1,1,3,0,0,0,1,0,1,1,0,0,1,0,1,1,1,1,4,1,0,0,2,0,0,262,2,3,1,3,1,0,0,0,0,0,0,0,3
1759,l0,male,53,Budakeszi,asztalos ,170,4,0,3,1,1,1,0,1,3,1,0,0,1,646782,1,0,1,0,1,1,0,0,0,0,1,1,0,1,0,0,1,16,3,3,1,1,2,1,0,1,1,0,0,0,3
1760,l0,male,27,Nagybajcs,Lakatos ,153,1,0,3,1,1,1,0,2,2,2,1,0,1,25406,0,0,0,0,1,0,0,1,0,0,1,1,0,4,2,3,4,638,2,1,1,3,2,0,1,0,0,1,1,1,1
1761,l1,male,60,Nagykanizsa,asztalos ,156,4,0,3,1,1,1,1,2,2,0,0,0,0,0,1,0,0,0,0,1,1,1,0,0,0,1,0,1,0,3,0,951,2,1,1,1,0,1,0,2,0,0,1,0,2
1762,l0,male,42,Budakeszi,asztalos ,158,0,0,3,1,1,2,1,1,0,2,0,0,0,160365,1,0,0,1,1,0,0,1,1,0,5,1,0,1,0,1,4,7834,2,1,1,2,2,1,1,1,2,1,0,0,1
1763,l0,male,64,Budakeszi,asztalos ,182,3,0,0,1,1,2,1,2,0,0,0,0,0,0,1,0,0,0,1,0,0,1,1,0,2,2,0,1,0,2,3,403,2,1,1,2,0,0,0,2,1,0,1,1,1
1764,l1,female,41,Nagykanizsa,Szakorvos ,180,1,0,4,0,1,1,1,2,2,0,0,0,1,0,1,0,0,0,1,0,0,1,1,1,5,1,0,1,2,0,3,72,2,1,1,2,2,1,0,1,0,1,0,0,0
1765,l1,male,29,Nagykanizsa,Szakorvos ,156,4,2,3,1,1,1,1,2,2,15,0,0,0,0,1,0,0,0,1,0,1,1,1,0,2,1,0,1,0,0,3,20391,1,0,1,3,2,0,0,1,2,0,0,0,1
1766,l1,female,33,Nagybajcs,Lakatos ,178,0,0,4,1,1,2,1,1,2,2,4,0,1,0,0,0,0,0,1,0,0,0,0,0,1,1,0,4,0,0,0,552,2,1,1,2,1,1,0,2,2,1,1,1,0
1767,l1,male,63,Nagykanizsa,Szakorvos ,167,3,1,4,1,1,1,1,1,2,2,1,0,0,459482,1,0,0,0,1,1,1,1,0,0,5,1,0,0,2,0,4,362,2,1,1,3,2,0,0,1,0,0,1,0,1
1768,l0,male,45,Nagykanizsa,Lakatos ,159,3,0,3,0,1,1,1,1,2,0,0,1,0,0,1,1,1,0,0,0,0,0,1,1,2,2,1,0,0,0,0,16,3,3,1,1,2,1,1,2,0,1,1,1,2
1769,l1,male,27,Budakeszi,Szakorvos ,167,3,0,3,1,1,1,1,2,2,3,3,0,1,116367,1,0,0,0,1,1,0,1,0,0,2,1,0,0,0,0,1,0,2,0,1,2,2,0,0,1,1,0,0,1,3
1770,l1,male,25,Nagykanizsa,Lakatos ,165,3,0,3,1,1,1,1,1,2,0,0,0,0,0,0,0,0,0,1,0,0,1,1,1,1,0,0,1,0,3,4,482,3,3,1,1,1,0,1,1,0,0,0,0,1
1771,l0,male,39,Budakeszi,Lakatos ,171,3,0,3,1,1,2,1,3,3,0,0,0,0,186931,0,0,0,0,0,0,1,1,1,1,1,2,0,1,0,1,3,226,3,1,1,1,1,0,1,1,0,0,1,1,1
1772,l0,male,46,Budakeszi,asztalos ,164,0,1,3,1,1,1,1,1,1,0,1,0,1,62015,1,0,1,0,1,0,0,1,1,1,1,0,0,1,2,0,0,67,3,3,1,2,0,0,0,1,0,1,0,0,1
1773,l0,female,27,Budakeszi,Szakorvos ,170,4,2,3,1,1,1,1,1,2,3,4,0,1,272434,0,0,1,0,1,0,1,1,1,1,5,0,0,1,2,0,0,453,3,1,1,3,2,1,1,1,2,0,0,0,1
1774,l0,male,56,Budakeszi,asztalos ,171,3,0,1,0,1,1,1,1,0,0,0,0,0,39000,1,0,1,0,1,0,1,1,1,1,1,1,0,1,0,0,3,376,2,2,1,2,2,0,0,0,0,1,1,1,1
1775,l1,male,55,Nagykanizsa,Szakorvos ,173,3,1,4,1,1,2,1,1,2,3,1,0,0,308128,0,0,0,0,1,0,0,1,1,1,5,2,0,3,0,0,0,0,2,0,1,1,1,0,0,1,2,1,1,1,0
1776,l0,female,37,Nagykanizsa,Szakorvos ,184,0,0,3,1,1,1,1,2,2,1,1,0,1,119707,1,0,0,0,0,0,1,1,1,0,1,1,0,4,0,4,3,8105,2,3,1,1,0,0,0,0,2,1,1,0,1
1777,l1,male,64,Nagybajcs,Lakatos ,154,0,0,1,1,1,1,1,2,2,0,0,0,0,0,1,0,0,1,1,0,1,1,1,1,5,1,0,1,0,0,0,0,3,3,1,3,2,1,1,1,2,0,1,1,1
1778,l1,male,60,Nagykanizsa,Szakorvos ,169,4,2,4,1,1,1,1,2,2,0,0,0,0,378236,1,0,1,0,1,1,1,1,1,1,1,0,0,4,2,0,3,91,2,0,1,1,1,1,1,1,0,1,1,0,3
1779,l1,female,56,Budakeszi,Szakorvos ,174,3,2,4,1,1,1,0,1,2,1,1,0,0,0,0,0,0,0,1,0,0,1,1,1,5,1,1,0,0,1,0,105,2,1,1,0,0,0,0,2,2,1,0,0,0
1780,l0,male,27,Nagykanizsa,asztalos ,176,3,0,3,1,1,2,1,1,3,1,4,0,1,0,1,0,0,0,1,1,0,1,0,1,5,1,1,0,2,0,4,0,2,3,1,3,2,0,0,1,2,1,0,0,3
1781,l0,male,30,Nagykanizsa,asztalos ,168,0,2,4,0,1,0,1,1,2,2,1,0,1,483786,1,0,0,0,1,1,0,1,1,0,0,1,0,1,2,0,3,0,2,1,1,1,0,1,1,1,1,0,1,1,3
1782,l1,female,34,Nagykanizsa,Szakorvos ,170,0,0,4,0,1,1,1,1,3,0,0,0,1,60921,1,0,1,0,0,1,0,1,1,1,2,1,0,1,2,1,4,533,3,2,1,1,2,1,0,1,0,1,1,1,1
1783,l1,male,62,Budakeszi,Szakorvos ,177,0,2,3,1,1,1,1,1,2,0,0,0,0,0,1,1,0,0,1,0,1,1,1,1,1,2,1,4,0,1,0,29,3,3,1,3,0,0,0,1,2,0,1,0,0
1784,l1,male,44,Budakeszi,asztalos ,164,0,0,3,1,1,1,1,1,3,0,1,0,1,0,0,0,0,0,1,1,0,1,0,0,3,1,0,1,2,0,3,368,2,1,1,3,2,1,0,1,2,1,1,1,2
1785,l0,male,32,Nagykanizsa,asztalos ,166,3,0,3,1,1,1,1,3,0,0,0,0,1,556154,1,0,1,0,1,0,1,1,1,1,2,1,0,1,4,0,0,95,2,1,1,2,0,0,0,1,0,1,1,1,2
1786,l1,male,63,Budakeszi,Szakorvos ,169,1,0,4,1,1,2,1,0,3,3,1,0,0,0,0,0,0,0,1,1,1,1,1,0,1,1,0,1,0,0,0,3902,1,1,1,3,1,0,0,1,0,0,1,1,0
1787,l1,female,39,Nagykanizsa,Lakatos ,193,0,0,3,0,1,1,1,2,2,4,1,0,1,275609,0,0,1,1,1,0,0,1,1,0,1,1,0,1,0,0,4,603,3,1,1,1,2,1,1,1,0,0,1,0,3
1788,l0,male,30,Nagybajcs,Lakatos ,162,1,0,2,0,1,1,1,1,0,10,4,0,1,0,0,0,0,0,0,0,1,0,0,0,1,2,0,1,2,0,0,89,2,0,1,1,1,0,0,2,1,1,0,0,1
1789,l1,male,34,Nagykanizsa,Lakatos ,177,0,0,1,1,1,1,1,1,1,0,0,0,1,312910,0,1,0,1,0,1,1,0,1,0,0,1,0,1,0,0,0,0,2,3,1,1,0,1,1,2,2,1,1,0,3
1790,l1,male,55,Nagykanizsa,Szakorvos ,167,0,0,3,1,1,1,1,1,2,0,0,0,1,16839358,1,0,1,0,1,0,0,1,1,0,3,1,0,1,2,0,2,16330,1,0,1,3,1,1,0,2,2,1,1,0,4
1791,l0,male,29,Nagykanizsa,Lakatos ,168,4,0,1,1,1,1,1,1,2,0,0,0,0,0,1,0,0,0,1,1,1,1,1,1,1,1,0,1,0,0,3,379,3,1,1,1,0,1,0,1,1,0,1,0,3
1792,l0,male,53,Budakeszi,asztalos ,169,4,0,3,1,1,1,1,1,2,5,4,0,0,0,1,0,0,0,1,0,1,0,1,1,3,1,0,1,0,0,4,312,3,2,1,1,1,1,0,1,0,1,1,1,1
1793,l1,female,26,Nagykanizsa,Lakatos ,175,4,1,3,0,1,1,1,1,3,0,0,0,0,97658,1,1,0,1,1,0,0,0,0,0,1,2,0,4,0,0,4,0,2,0,1,1,2,0,0,1,2,0,1,1,1
1794,l1,female,61,Budakeszi,Szakorvos ,162,3,0,3,1,1,2,1,2,2,0,0,0,0,142241,0,0,0,0,1,1,0,1,1,0,0,1,0,4,2,0,0,239,1,1,1,1,1,1,1,2,2,0,0,0,1
1795,l1,female,65,Nagykanizsa,Szakorvos ,183,0,0,3,1,1,1,1,1,2,5,4,0,1,11116201,0,0,1,0,0,1,0,0,1,1,1,0,0,3,0,0,0,0,2,1,1,1,2,1,1,1,0,0,1,0,3
1796,l0,male,36,Nagykanizsa,asztalos ,167,3,0,3,1,1,2,1,1,2,1,1,0,0,60953,1,0,0,1,1,0,0,0,0,0,1,1,0,1,2,0,3,0,1,1,1,3,2,1,0,1,0,0,1,0,3
1797,l1,female,58,Nagykanizsa,Lakatos ,163,0,0,4,1,1,1,1,0,2,1,1,0,0,20229,1,0,0,0,0,0,0,1,0,1,0,1,1,3,0,3,4,7274,3,3,1,0,1,0,0,1,2,0,0,0,1
1798,l0,female,29,Nagykanizsa,asztalos ,172,0,0,3,1,1,1,1,1,3,5,1,0,0,0,1,0,1,1,0,0,0,1,1,0,1,2,0,4,0,0,3,52,1,0,1,2,2,1,0,0,0,1,1,0,2
1799,l0,male,29,Nagykanizsa,asztalos ,168,0,2,3,0,1,1,1,2,2,4,4,0,1,358325,1,0,1,0,1,0,1,1,1,0,1,0,0,1,0,0,0,278,2,0,1,1,2,1,0,2,2,0,0,1,2
1800,l0,male,28,Budakeszi,asztalos ,163,0,1,3,1,1,1,1,2,3,5,4,0,1,209223,1,1,1,0,1,0,0,1,1,0,1,1,0,4,0,0,0,401,2,1,1,3,2,1,0,0,0,1,1,1,3
1801,l1,male,58,Nagykanizsa,asztalos ,172,4,0,3,1,1,1,1,0,2,0,0,0,0,12885,1,0,0,0,1,0,0,1,1,0,5,1,1,1,2,0,3,300,3,3,1,3,2,0,0,2,0,0,1,0,0
1802,l0,male,55,Nagykanizsa,asztalos ,161,3,0,3,1,1,0,1,2,3,8,4,0,0,0,1,0,0,0,1,1,1,1,1,1,0,2,0,1,1,0,0,0,2,3,1,1,2,1,0,1,0,0,1,1,1
1803,l1,female,37,Budakeszi,Szakorvos ,171,0,0,4,1,1,2,1,3,3,1,0,0,1,0,0,0,1,0,1,1,1,1,1,1,0,1,0,1,2,0,0,0,3,1,0,2,1,1,0,1,2,0,1,1,4
1804,l1,female,29,Budakeszi,Szakorvos ,172,4,2,3,1,1,1,1,1,3,0,0,0,0,51412,0,0,0,0,1,1,0,0,1,0,5,0,0,1,2,0,0,11,3,2,1,3,2,1,0,1,0,1,1,0,4
1805,l1,male,25,Budakeszi,asztalos ,168,4,0,3,1,1,1,1,1,2,2,1,0,1,475543,1,0,1,0,1,0,0,0,1,1,0,1,0,1,0,1,4,8783,2,1,1,3,2,0,0,0,0,1,1,1,0
1806,l1,male,36,Budakeszi,asztalos ,173,4,0,0,0,1,1,1,1,0,1,0,0,1,8139869,0,0,0,1,1,0,0,0,1,0,2,1,0,1,1,2,3,0,1,0,1,3,1,1,1,2,1,1,1,0,1
1807,l1,female,61,Nagykanizsa,Szakorvos ,161,2,2,3,1,1,1,1,3,2,0,0,0,0,219881,1,1,0,0,0,0,0,1,0,0,1,1,0,1,2,4,4,7404,1,0,1,3,1,1,0,1,0,1,1,0,3
1808,l0,male,65,Nagykanizsa,Lakatos ,167,4,0,3,0,1,1,1,2,2,0,0,0,1,0,0,0,0,0,1,0,1,1,1,0,2,1,0,1,2,2,0,630,3,1,1,1,2,1,0,1,0,0,0,0,1
1809,l1,male,25,Budakeszi,Lakatos ,167,0,0,3,0,1,1,1,2,2,0,0,0,0,0,1,1,0,0,1,0,0,0,1,1,1,1,0,1,2,0,3,148,1,1,1,0,1,0,0,2,2,1,1,1,1
1810,l1,female,45,Nagykanizsa,Szakorvos ,169,3,0,3,1,1,2,1,2,3,1,1,0,0,0,1,0,0,0,1,1,1,1,1,1,5,1,0,0,0,1,3,24303,1,1,1,3,2,0,0,0,0,0,1,0,3
1811,l0,female,58,Nagybajcs,Szakorvos ,183,4,0,3,1,1,1,1,2,3,1,0,0,0,0,1,0,0,0,1,0,0,1,0,1,5,2,0,1,3,0,0,104,3,0,1,2,2,0,0,1,1,0,0,1,0
1812,l1,male,36,Nagykanizsa,Lakatos ,169,3,2,1,1,1,1,1,0,2,3,1,0,0,0,1,1,0,0,1,0,0,1,1,0,1,1,0,1,0,0,3,502,2,1,1,1,1,1,0,0,0,1,0,0,1
1813,l1,male,53,Nagykanizsa,Lakatos ,174,3,0,3,0,1,1,1,2,2,0,0,0,1,0,1,1,1,1,0,1,1,1,0,0,1,1,0,1,2,0,0,0,2,3,0,1,2,1,1,2,2,0,0,0,3
1814,l0,male,29,Nagykanizsa,Lakatos ,171,4,0,1,0,1,1,1,2,3,7,4,0,0,0,1,0,0,0,1,0,0,1,0,0,1,1,0,4,0,0,0,0,1,0,1,1,1,1,1,1,0,1,1,1,1
1815,l0,female,34,Budakeszi,Lakatos ,171,4,0,3,0,1,1,1,4,3,1,0,0,0,137003,1,0,0,0,1,0,1,1,1,1,5,1,0,1,2,0,2,430,2,1,1,3,1,0,0,0,2,1,0,0,1
1816,l1,female,25,Budakeszi,Szakorvos ,181,4,2,4,1,1,2,1,1,2,1,1,0,1,2920,1,0,0,1,1,0,0,1,0,0,1,2,0,3,2,2,3,525,2,2,1,1,1,1,0,1,0,0,1,0,1
1817,l0,female,34,Nagybajcs,Lakatos ,175,2,0,3,1,1,1,1,2,2,1,0,0,0,218469,1,0,1,0,0,0,0,0,1,1,1,3,0,1,1,0,0,84,3,3,1,3,1,1,1,2,2,0,0,0,0
1818,l0,male,52,Budakeszi,asztalos ,154,4,0,3,1,1,1,1,3,2,1,0,0,0,0,1,0,0,1,1,0,0,1,1,1,1,1,0,1,2,0,3,684,1,0,1,1,2,1,1,1,0,1,1,1,0
1819,l1,female,56,Nagykanizsa,Szakorvos ,173,0,2,4,1,1,1,1,3,2,0,0,0,1,100457,0,1,0,0,1,1,0,1,1,0,1,1,0,1,0,0,3,0,3,1,1,1,2,0,0,1,2,1,1,0,3
1820,l0,male,62,Nagykanizsa,Lakatos ,172,0,0,1,1,1,1,1,1,3,8,4,0,0,30591,1,0,0,0,1,0,1,1,1,0,1,1,0,3,0,0,0,0,2,0,1,1,1,0,1,0,0,1,0,0,0
1821,l1,female,47,Nagykanizsa,Szakorvos ,164,4,0,3,1,1,1,1,1,2,3,0,0,0,0,1,0,1,0,1,1,1,1,1,1,2,2,0,1,0,2,3,495,2,1,1,1,2,0,0,0,0,0,0,0,0
1822,l1,male,52,Nagykanizsa,Lakatos ,172,3,0,3,1,1,1,1,1,2,5,4,0,0,0,1,0,0,1,1,1,0,1,1,0,1,1,0,1,1,0,0,522,2,1,1,3,0,0,0,1,2,1,1,1,3
1823,l1,female,49,Nagykanizsa,Szakorvos ,186,3,0,2,1,1,1,0,1,2,2,1,0,1,349384,1,0,1,0,1,0,0,0,1,1,2,1,0,0,0,0,4,320,2,1,1,1,2,1,1,2,2,0,0,0,1
1824,l0,male,59,Nagybajcs,Szakorvos ,168,4,2,3,0,1,1,1,3,2,0,0,0,0,0,1,0,0,0,0,0,0,1,1,0,5,1,1,0,0,1,2,0,2,0,1,1,2,0,0,0,2,0,0,0,2
1825,l1,female,34,Budakeszi,Szakorvos ,160,4,0,3,0,1,2,1,2,3,1,0,0,1,275288,1,0,1,1,1,0,0,1,0,0,4,1,0,4,2,0,4,238,2,0,1,1,2,1,1,2,2,0,0,0,1
1826,l1,male,33,Nagykanizsa,Lakatos ,159,4,0,3,1,1,1,1,2,3,2,4,0,0,384827,1,0,0,0,1,0,1,1,1,0,1,0,0,1,2,0,3,630,2,1,1,1,2,0,0,2,2,0,1,1,2
1827,l0,male,31,Budakeszi,asztalos ,169,3,0,2,1,1,2,1,6,0,2,0,0,1,145182,0,1,0,0,1,0,1,1,0,0,5,1,0,0,2,0,1,58,1,0,1,3,2,0,1,1,0,0,0,0,1
1828,l0,male,30,Nagykanizsa,asztalos ,164,4,2,3,1,0,0,1,1,2,7,4,0,0,0,1,0,0,0,0,0,1,0,1,0,0,3,0,1,0,1,3,604,2,3,1,3,1,1,0,1,1,1,1,0,1
1829,l1,female,49,Nagykanizsa,Szakorvos ,186,4,2,4,1,1,1,1,1,2,0,0,0,0,9539,1,0,0,0,1,1,0,1,1,1,5,1,0,0,0,0,0,0,2,0,1,1,1,1,0,1,0,0,0,0,1
1830,l1,female,65,Nagykanizsa,Szakorvos ,168,4,0,4,1,1,1,1,2,0,2,1,0,0,0,1,0,0,0,1,0,0,1,1,1,3,1,0,3,2,0,0,0,3,3,1,1,2,1,1,1,0,0,1,1,1
1831,l1,male,42,Budakeszi,Szakorvos ,169,4,0,4,1,1,1,1,1,2,3,1,0,1,140315,1,0,0,0,1,0,0,1,1,0,2,1,0,1,2,0,1,1059,2,1,1,1,1,1,1,1,0,0,1,1,3
1832,l1,male,42,Nagykanizsa,Szakorvos ,171,1,0,4,1,1,1,1,2,2,0,0,0,0,204348,1,0,1,0,0,0,0,1,1,1,0,1,0,4,0,0,4,264,2,1,1,1,2,1,1,1,0,1,1,1,3
1833,l1,male,31,Budakeszi,Lakatos ,154,0,0,3,1,1,1,1,1,2,0,0,0,0,0,1,0,0,1,0,0,0,1,1,0,0,1,0,4,0,0,0,340,2,0,0,0,1,1,1,2,2,1,1,0,1
1834,l1,male,41,Budakeszi,asztalos ,175,0,0,3,0,1,1,1,0,2,0,4,0,0,0,1,0,0,0,1,0,1,1,1,0,1,1,0,4,2,3,3,6750,2,0,1,3,2,0,1,1,2,1,1,1,1
1835,l1,male,40,Nagykanizsa,asztalos ,175,1,0,3,1,1,1,1,4,2,0,0,0,1,568336,1,0,1,1,1,0,0,1,1,1,1,1,0,4,2,0,0,0,1,2,1,0,2,0,0,2,2,1,1,1,3
1836,l1,male,57,Nagykanizsa,Lakatos ,180,1,2,3,1,0,1,1,2,2,0,0,0,0,80052,0,0,0,0,1,0,0,1,1,1,1,1,0,1,2,1,4,0,3,2,1,1,2,0,0,1,2,1,1,0,1
1837,l1,male,34,Budakeszi,Lakatos ,154,4,0,2,0,0,1,1,1,2,3,1,0,1,0,1,0,1,0,1,0,0,1,1,1,1,1,0,4,0,0,0,0,2,2,1,1,2,1,1,1,0,0,1,1,2
1838,l0,male,32,Nagybajcs,asztalos ,155,0,2,3,0,1,1,1,2,2,0,0,0,1,32734,0,1,1,0,1,1,1,1,0,0,5,1,0,1,2,0,0,269,2,1,1,1,2,1,1,1,0,0,0,0,2
1839,l0,male,48,Budakeszi,Lakatos ,166,3,0,1,1,1,1,1,2,2,1,0,0,0,90260,1,0,1,0,1,1,0,1,1,1,4,3,0,4,2,2,3,432,1,1,1,0,2,0,0,1,0,0,1,1,1
1840,l0,female,50,Nagykanizsa,Lakatos ,164,3,0,4,1,1,1,1,1,3,18,0,0,0,75001,0,0,0,0,1,0,0,1,1,0,3,1,0,3,2,0,3,66838,1,1,1,1,0,1,1,1,0,0,0,0,3
1841,l1,male,59,Nagykanizsa,Lakatos ,164,4,0,2,0,1,1,1,4,0,2,1,0,0,84988,1,0,0,0,1,0,0,1,1,0,0,0,0,1,1,0,3,23288,2,1,1,1,1,0,0,1,2,0,1,0,1
1842,l1,male,65,Budakeszi,Szakorvos ,183,3,0,2,1,1,1,1,2,3,1,1,0,0,123003,1,0,1,1,1,0,1,1,0,1,5,1,1,4,0,0,0,0,3,3,1,3,2,1,0,1,2,1,0,0,1
1843,l1,male,28,Budakeszi,Szakorvos ,182,0,0,2,1,1,1,1,1,3,0,0,0,0,340270,1,0,0,0,1,0,1,1,1,1,5,1,0,1,2,0,0,0,1,0,1,3,2,0,0,1,0,0,1,1,1
1844,l1,female,43,Nagykanizsa,Szakorvos ,172,3,0,4,1,1,1,1,2,2,4,1,0,1,0,0,0,0,0,1,0,1,1,1,1,3,2,0,3,0,2,4,0,2,0,1,3,1,0,0,0,0,1,1,0,0
1845,l1,male,51,Nagykanizsa,Szakorvos ,184,1,1,3,1,1,2,1,1,3,0,0,0,1,60177,0,0,0,0,1,1,0,1,1,1,1,1,0,1,1,1,0,250,2,2,1,1,1,1,1,0,1,0,1,0,1
1846,l0,male,30,Nagybajcs,asztalos ,168,3,0,3,1,1,2,1,1,2,1,0,0,1,514128,1,0,0,0,1,0,1,1,1,1,4,2,0,1,0,0,0,365,1,0,1,3,1,1,0,0,0,0,0,0,2
1847,l1,male,60,Budakeszi,asztalos ,170,0,0,3,0,1,1,1,1,3,0,0,0,1,0,1,1,0,1,0,1,1,1,1,1,0,1,0,1,2,1,0,0,3,3,1,0,1,1,1,2,2,0,0,0,1
1848,l0,male,34,Nagykanizsa,Lakatos ,170,4,0,4,0,1,1,1,2,2,5,4,0,0,201043,1,0,0,0,1,1,0,1,1,1,0,0,0,1,0,0,0,19,2,0,1,1,2,0,0,1,0,0,1,0,1
1849,l1,male,49,Nagybajcs,Szakorvos ,181,3,0,3,0,1,2,1,1,2,1,1,0,0,268505,1,0,0,0,1,0,1,0,1,0,5,2,0,1,1,0,3,0,3,0,1,1,1,1,0,1,2,1,1,1,4
1850,l1,male,33,Nagykanizsa,Lakatos ,165,2,0,1,1,1,2,1,1,3,0,0,0,0,61346,0,0,0,1,1,1,0,1,1,1,4,1,0,0,2,1,1,511,2,3,1,2,0,1,0,2,2,0,1,1,2
1851,l1,male,51,Budakeszi,Szakorvos ,167,3,0,3,1,1,1,1,1,2,3,1,0,0,0,0,0,0,0,1,1,1,1,1,1,1,3,0,1,0,0,3,220,2,1,1,3,1,1,1,1,0,1,1,0,3
1852,l1,male,32,Nagybajcs,asztalos ,164,3,0,3,1,1,1,1,1,2,5,4,0,1,390675,1,0,1,0,1,1,1,0,1,1,5,2,0,0,2,1,3,466,3,3,1,1,0,0,1,1,1,0,1,0,3
1853,l0,female,60,Budakeszi,Szakorvos ,168,3,0,2,1,1,1,1,2,2,2,1,0,1,140685,1,0,1,0,1,0,0,1,1,1,3,1,0,1,2,0,0,506,2,1,1,1,2,0,0,0,2,1,0,0,4
1854,l0,male,27,Nagybajcs,asztalos ,156,0,0,1,1,1,2,1,1,0,5,1,0,0,181600,1,0,0,0,1,1,0,1,1,0,0,1,1,4,2,3,0,0,3,3,1,1,2,0,0,1,2,1,0,0,1
1855,l1,male,63,Budakeszi,asztalos ,163,4,0,3,1,1,1,1,3,2,3,1,0,1,261575,1,0,1,0,1,1,0,1,1,0,1,1,0,1,4,1,4,9,1,0,1,1,2,0,0,1,0,0,1,0,1
1856,l1,male,26,Budakeszi,Szakorvos ,154,4,0,1,1,1,1,0,1,2,4,1,0,0,239988,1,0,0,0,1,0,0,1,1,1,1,1,0,4,2,3,3,4034,2,3,0,2,2,0,0,0,1,1,1,0,3
1857,l1,male,56,Nagykanizsa,asztalos ,161,4,0,3,1,1,1,1,2,3,3,1,0,0,718149,1,0,0,1,1,1,0,1,1,1,2,0,0,1,2,0,0,0,3,3,1,3,1,0,0,1,2,0,1,0,4
1858,l1,female,52,Budakeszi,asztalos ,180,4,0,3,1,1,1,1,2,0,1,0,0,0,0,1,0,1,1,1,1,0,1,1,1,1,1,0,1,2,3,4,8284,2,0,1,2,0,1,1,0,0,0,1,1,3
1859,l0,male,59,Nagykanizsa,Lakatos ,175,4,0,4,0,1,1,1,1,2,0,0,0,1,0,1,0,1,1,0,1,1,1,1,1,1,1,1,0,0,0,0,163,2,3,1,3,2,0,0,2,2,0,1,0,1
1860,l1,male,50,Nagykanizsa,Lakatos ,161,0,2,4,1,1,1,1,4,3,0,0,0,1,10498,0,0,0,0,0,0,0,1,1,1,0,1,1,3,0,0,1,488,3,2,1,1,2,1,1,1,2,0,1,0,1
1861,l0,male,28,Budakeszi,asztalos ,157,0,0,3,1,1,1,1,0,3,4,1,0,1,354815,1,0,0,0,1,0,1,1,1,0,3,1,0,3,2,0,4,7311,1,1,0,1,2,1,0,2,1,1,1,1,2
1862,l0,male,30,Budakeszi,Lakatos ,175,0,0,1,1,1,1,1,1,2,1,0,0,1,249126,1,0,1,0,1,1,0,1,1,0,1,1,0,1,0,0,3,0,2,2,1,1,2,1,0,1,0,1,1,1,1
1863,l0,male,47,Budakeszi,Lakatos ,165,0,0,3,0,1,1,1,2,2,0,0,0,0,297319,0,0,0,0,0,0,1,1,1,1,1,0,0,1,0,1,4,676,2,3,1,0,2,0,0,1,0,1,0,0,2
1864,l1,female,48,Budakeszi,Szakorvos ,183,4,0,3,0,1,1,1,1,0,0,0,0,0,12644475,0,0,1,0,1,0,0,1,0,1,1,1,0,1,4,0,3,281,2,1,1,3,2,1,0,1,2,1,1,0,1
1865,l1,female,61,Budakeszi,Szakorvos ,153,4,2,4,1,1,1,1,1,2,1,4,0,0,180604,1,1,0,0,1,0,0,1,1,1,1,2,0,1,0,0,4,30283,2,1,1,3,1,1,0,0,0,0,1,0,0
1866,l1,male,50,Nagykanizsa,Lakatos ,165,0,0,4,1,1,1,1,2,2,2,0,0,0,0,0,0,0,0,1,1,0,1,1,1,1,0,0,1,2,0,3,241,1,1,1,0,1,0,0,1,0,0,1,1,0
1867,l0,male,47,Nagykanizsa,Lakatos ,170,0,0,1,0,1,1,1,2,2,4,0,0,0,0,1,0,0,1,1,0,0,0,0,0,1,1,0,3,0,0,3,125,1,0,1,1,2,1,1,2,2,0,0,0,3
1868,l1,male,27,Budakeszi,asztalos ,179,4,2,3,1,1,2,1,1,2,0,0,0,1,344100,1,0,0,0,1,1,0,1,1,1,1,2,0,3,2,0,0,0,2,3,1,1,2,1,1,2,0,1,1,0,3
1869,l0,male,58,Budakeszi,Szakorvos ,159,3,0,1,1,1,1,0,2,2,5,4,0,1,351904,0,1,0,0,1,0,0,1,1,0,5,2,0,1,2,0,1,29152,2,0,1,1,2,0,0,1,0,1,0,1,3
1870,l0,male,38,Budakeszi,asztalos ,165,3,0,3,1,1,1,1,2,0,5,0,0,1,79804,1,1,1,0,1,1,1,0,0,0,1,0,0,1,2,0,0,0,3,0,1,2,2,1,0,2,1,2,1,1,1
1871,l0,male,51,Nagykanizsa,asztalos ,156,0,2,3,1,1,1,1,1,2,3,1,0,1,13360820,1,0,1,0,1,0,0,1,1,1,1,0,0,1,0,1,3,71,1,0,1,3,1,0,0,1,0,0,1,1,0
1872,l1,male,58,Nagykanizsa,Lakatos ,162,3,2,3,0,1,2,1,1,2,0,0,0,0,65743,1,0,1,0,1,1,1,1,1,0,5,1,0,1,0,0,3,727,1,1,1,3,2,0,0,0,0,0,1,1,1
1873,l0,male,49,Nagykanizsa,asztalos ,169,4,0,3,1,1,1,1,1,2,2,4,0,0,0,1,0,0,0,1,1,0,1,1,0,2,0,0,4,0,2,3,365,2,2,1,1,2,1,1,2,0,0,0,0,1
1874,l1,male,41,Budakeszi,Szakorvos ,172,2,0,4,1,1,2,1,1,2,1,0,1,1,182313,1,0,0,0,1,1,0,1,1,1,5,1,0,1,2,1,3,521,3,1,1,1,1,1,1,1,0,1,1,0,0
1875,l0,male,44,Nagybajcs,asztalos ,157,0,0,3,1,1,1,1,1,2,5,1,0,0,301210,1,1,0,0,1,0,1,0,0,0,1,1,0,1,4,1,4,334,1,2,1,1,2,1,0,1,0,1,1,0,3
1876,l1,male,56,Nagykanizsa,Lakatos ,165,4,0,2,1,1,1,1,4,0,1,0,0,1,0,1,0,1,0,0,0,0,1,0,0,0,0,0,1,3,1,4,415,2,1,0,1,2,0,0,2,2,0,0,0,2
1877,l1,male,60,Nagykanizsa,Szakorvos ,181,4,0,4,1,1,1,1,0,2,0,0,0,1,61542,1,0,0,0,1,1,1,1,1,1,1,0,0,1,0,1,4,380,1,1,1,3,0,0,1,1,1,1,0,0,3
1878,l0,male,37,Nagykanizsa,asztalos ,155,0,0,3,0,1,1,1,3,2,2,1,0,0,0,0,0,0,0,1,0,1,1,1,0,5,1,0,0,0,1,3,6316,2,1,0,3,1,1,0,1,0,1,0,0,1
1879,l0,male,43,Nagykanizsa,Lakatos ,152,1,0,1,1,1,1,1,1,2,2,0,0,1,240007,1,0,1,0,1,0,1,1,1,0,1,1,0,4,2,0,3,541,2,0,1,1,1,0,0,1,1,0,0,1,3
1880,l0,male,38,Budakeszi,asztalos ,168,3,0,1,1,1,1,1,2,0,2,4,0,1,236332,1,0,0,1,1,0,0,0,0,0,0,1,1,2,2,0,1,0,2,1,1,1,2,1,1,1,2,1,1,1,1
1881,l1,male,52,Budakeszi,Szakorvos ,169,0,0,2,1,1,1,1,1,2,2,1,0,1,0,1,1,0,1,1,1,0,1,1,1,1,1,0,1,2,0,4,5434,2,3,1,1,0,1,1,2,2,1,1,1,1
1882,l1,female,44,Budakeszi,Lakatos ,171,3,0,4,1,1,1,1,1,2,6,4,0,1,54921,0,0,0,0,1,0,0,1,1,0,2,1,0,1,2,1,4,130,1,0,1,1,2,1,1,2,2,1,1,1,1
1883,l1,male,51,Budakeszi,asztalos ,159,0,0,3,1,1,1,1,2,2,3,1,0,0,116995,1,0,1,0,0,1,0,1,1,0,1,2,0,3,0,0,1,105,3,0,1,3,2,0,0,1,0,1,1,1,3
1884,l1,male,28,Nagykanizsa,asztalos ,191,0,2,3,1,0,1,1,1,3,0,0,0,0,436989,1,0,1,0,1,1,0,0,0,0,1,1,0,1,0,0,4,779,2,0,1,3,1,0,0,1,2,0,1,1,1
1885,l1,female,33,Nagykanizsa,Szakorvos ,178,3,0,2,0,1,1,1,3,3,0,0,0,1,184905,1,0,1,0,1,0,0,1,0,1,3,2,1,1,2,0,0,0,3,3,1,3,2,0,0,1,1,0,1,1,4
1886,l1,female,59,Budakeszi,Szakorvos ,162,0,0,2,1,1,1,1,4,2,2,1,0,1,483496,1,0,1,1,1,1,0,1,0,0,1,1,0,0,2,0,3,129,1,1,1,3,2,0,0,1,2,1,1,0,3
1887,l1,male,60,Nagykanizsa,Lakatos ,167,1,0,3,1,1,1,1,2,0,3,4,0,0,30633,1,0,0,1,1,1,0,1,1,0,1,1,0,1,2,0,0,299,2,0,1,2,2,1,1,2,2,1,1,1,4
1888,l0,male,60,Budakeszi,Lakatos ,162,2,0,1,0,1,1,1,1,3,5,1,0,0,2759,1,1,0,0,1,0,1,1,1,1,0,1,0,1,0,1,3,0,3,3,1,2,2,1,0,0,0,0,1,1,1
1889,l1,male,51,Nagykanizsa,Lakatos ,153,2,2,3,1,1,2,1,1,2,1,0,0,1,280778,1,0,0,0,0,0,0,0,0,0,5,1,0,1,0,0,3,252,3,0,1,1,2,0,0,1,0,1,1,0,0
1890,l1,male,33,Budakeszi,Szakorvos ,171,4,0,2,1,1,1,1,1,2,0,0,0,0,0,1,0,0,0,1,0,1,0,1,1,5,0,0,1,2,0,0,53,2,1,1,1,1,1,1,2,2,0,1,0,1
1891,l1,female,29,Budakeszi,Szakorvos ,167,0,0,3,1,1,1,0,3,2,7,4,0,1,0,1,0,0,1,1,1,0,1,1,0,5,1,0,1,2,0,1,256,2,3,1,3,2,1,1,2,2,1,0,0,1
1892,l1,male,49,Nagykanizsa,Szakorvos ,164,4,0,3,0,1,1,1,1,2,3,1,1,1,0,1,0,0,0,1,0,1,1,1,0,3,0,1,1,0,0,3,446,2,3,1,3,2,1,1,1,1,0,1,0,2
1893,l0,male,44,Budakeszi,Lakatos ,170,4,0,4,1,1,1,1,1,3,1,1,0,0,89201,1,0,0,0,0,1,1,1,1,0,1,0,0,1,0,0,0,342,2,2,1,1,2,0,0,1,2,0,1,1,1
1894,l1,male,50,Budakeszi,asztalos ,164,4,0,1,1,1,0,1,2,3,7,1,0,0,251105,0,0,0,0,1,1,0,1,1,1,0,0,0,0,2,1,4,225,1,3,1,1,0,0,0,2,1,0,0,0,1
1895,l1,male,54,Budakeszi,asztalos ,166,0,0,3,1,1,2,1,1,3,5,1,0,0,178531,1,0,0,0,0,1,1,0,1,0,1,1,0,3,0,0,0,0,2,1,1,2,2,0,1,1,0,1,1,1,2
1896,l1,male,46,Nagykanizsa,Szakorvos ,164,3,1,4,0,1,1,1,4,2,4,4,0,0,0,1,0,0,0,1,0,1,1,1,0,3,0,0,0,1,1,3,0,1,1,1,3,2,1,0,2,2,1,1,0,2
1897,l0,male,26,Nagybajcs,asztalos ,171,0,0,3,1,1,2,1,1,3,7,0,0,1,0,1,0,0,0,1,1,0,1,1,0,2,1,0,4,0,0,0,0,2,1,1,1,1,0,0,0,0,0,1,1,3
1898,l0,female,44,Nagybajcs,Lakatos ,172,0,0,1,1,1,1,1,2,2,3,1,0,0,170384,1,0,0,0,1,1,0,1,1,1,5,2,0,4,2,1,3,219,3,1,1,3,2,1,0,1,0,0,0,0,0
1899,l0,female,32,Budakeszi,asztalos ,170,3,0,3,1,1,2,1,2,2,0,0,0,0,84361,1,0,0,0,1,0,1,1,1,0,1,1,0,1,2,0,0,0,2,3,1,3,2,0,1,1,0,1,1,0,1
1900,l1,female,25,Nagybajcs,Szakorvos ,170,3,0,4,1,1,1,1,1,3,3,1,0,0,414597,1,0,0,0,1,1,1,1,1,0,1,1,0,0,0,3,4,13,2,1,1,3,0,1,1,1,2,0,0,0,2
1901,l0,male,53,Nagykanizsa,asztalos ,168,4,2,0,1,1,1,1,0,2,7,4,0,1,0,1,0,0,0,1,0,1,0,1,1,1,0,0,4,0,3,4,0,2,1,1,3,2,0,0,1,1,1,1,1,2
1902,l1,female,29,Nagykanizsa,Szakorvos ,165,4,2,4,1,1,1,1,2,2,7,4,0,0,0,0,0,1,0,1,1,0,1,1,0,1,0,0,1,0,0,2,0,1,1,1,2,2,1,1,2,2,0,0,0,1
1903,l1,male,39,Nagybajcs,Szakorvos ,189,3,0,3,1,1,1,0,2,3,3,1,0,1,10285,1,0,1,0,1,0,1,1,1,0,5,2,1,1,2,0,4,599,3,1,1,3,2,1,1,1,0,1,1,1,2
1904,l0,female,63,Nagykanizsa,Lakatos ,171,4,0,3,1,1,1,1,1,0,2,1,0,0,0,0,1,0,1,0,0,1,1,1,1,1,1,0,1,0,0,1,130,3,0,1,1,1,0,0,2,2,1,1,1,0
1905,l0,male,50,Budakeszi,asztalos ,169,1,1,3,1,1,1,1,1,2,1,0,0,1,625681,0,0,1,1,1,0,0,0,1,1,4,1,0,3,2,0,4,533,2,0,1,3,1,0,1,1,2,1,0,0,3
1906,l1,female,65,Budakeszi,Lakatos ,174,3,2,3,1,1,1,1,3,2,0,0,0,0,148675,1,0,0,0,1,0,1,1,1,1,5,1,0,1,2,1,0,286,3,3,1,0,2,0,0,1,0,0,1,0,1
1907,l0,male,34,Budakeszi,asztalos ,164,4,0,1,1,1,1,1,3,1,0,0,0,1,210827,1,0,0,0,1,0,0,0,1,1,5,3,0,1,2,0,0,90,2,2,1,1,2,0,0,0,1,0,1,0,3
1908,l0,male,57,Nagykanizsa,Lakatos ,159,4,0,3,1,1,1,1,1,2,2,1,0,0,308975,0,0,0,0,1,0,0,1,1,1,5,1,0,1,0,0,0,14,3,0,1,2,2,0,0,1,0,1,1,0,1
1909,l1,male,42,Nagykanizsa,Lakatos ,159,4,0,3,0,1,1,1,4,2,2,4,0,1,119452,0,0,0,1,1,0,0,1,0,0,0,1,0,1,1,0,4,7123,3,1,1,2,1,1,1,2,2,0,1,0,1
1910,l1,male,35,Nagykanizsa,Szakorvos ,172,4,0,2,1,1,1,1,1,2,0,0,0,1,457506,1,0,1,0,0,0,0,1,1,0,1,1,0,3,2,0,3,113,3,1,1,1,2,0,0,1,1,0,1,0,2
1911,l0,female,27,Nagykanizsa,Lakatos ,172,4,0,4,1,1,1,1,0,1,1,1,0,0,0,1,0,0,0,1,1,0,0,1,0,1,1,0,4,2,0,0,825,3,1,1,3,0,1,0,1,1,1,1,0,1
1912,l1,male,25,Nagykanizsa,Lakatos ,176,3,0,4,0,1,1,1,1,3,3,1,0,1,55579,1,0,1,1,1,0,0,1,1,0,1,0,0,0,0,0,0,0,2,1,1,3,2,1,1,2,2,1,1,0,3
1913,l1,male,30,Nagykanizsa,Szakorvos ,170,4,0,3,0,0,1,1,1,2,1,1,0,0,84713,0,0,0,1,1,1,0,1,0,0,1,0,0,0,0,1,0,226,3,3,1,3,1,1,1,2,2,0,1,0,3
1914,l0,male,46,Nagykanizsa,asztalos ,158,3,0,3,0,1,1,1,4,3,0,0,0,1,0,1,0,1,0,1,1,0,1,0,0,1,1,0,1,2,2,3,581,3,3,1,1,0,0,0,0,0,0,0,0,3
1915,l0,male,36,Nagykanizsa,asztalos ,158,1,0,1,0,1,1,0,2,2,2,1,0,0,0,1,0,0,1,1,1,0,0,1,0,5,1,1,1,2,1,3,954,3,3,1,2,2,1,1,2,0,0,1,1,1
1916,l0,male,44,Nagykanizsa,asztalos ,171,1,0,3,0,1,1,1,1,0,0,0,0,0,0,1,1,1,0,1,0,0,1,0,0,0,1,0,1,1,3,0,0,3,3,1,2,3,1,0,2,2,1,1,0,2
1917,l1,male,49,Budakeszi,Lakatos ,179,0,0,1,1,1,1,1,4,3,3,1,0,1,438786,0,0,0,0,1,0,0,1,1,1,1,1,0,1,2,0,4,0,3,3,1,1,0,1,1,2,2,0,1,1,1
1918,l0,male,44,Nagybajcs,asztalos ,156,3,0,3,1,1,1,1,1,2,0,0,0,0,0,1,0,0,0,1,1,1,1,1,0,2,2,0,1,0,0,0,227,2,0,1,1,1,0,0,1,1,0,1,1,2
1919,l1,male,30,Budakeszi,Szakorvos ,170,4,2,3,1,1,0,1,1,0,2,1,0,0,9684230,1,0,0,1,1,0,1,1,0,0,2,1,0,1,0,0,3,252,2,2,1,2,1,1,1,2,2,0,0,0,1
1920,l1,female,27,Nagybajcs,Lakatos ,174,4,0,3,1,1,1,1,1,2,2,1,0,0,5355,1,0,1,1,1,0,1,0,1,0,0,2,1,1,2,0,3,78143,3,3,1,2,1,1,1,1,2,0,1,0,3
1921,l1,male,51,Nagykanizsa,Lakatos ,179,0,0,3,1,1,2,1,0,3,4,4,0,1,101662,1,0,0,1,1,0,0,1,1,1,1,2,0,4,1,3,4,784,2,1,1,1,1,1,0,2,2,1,1,1,1
1922,l1,male,50,Budakeszi,Lakatos ,173,0,0,3,0,1,1,1,1,3,3,0,0,0,0,0,0,0,1,1,0,0,1,1,1,1,1,0,4,0,0,1,0,2,1,1,0,0,1,1,1,2,1,1,1,0
1923,l1,female,46,Budakeszi,Szakorvos ,165,4,0,2,1,1,2,0,1,2,3,1,0,0,0,0,0,1,0,1,1,0,0,0,0,1,0,0,4,0,0,1,197,2,0,1,2,1,1,1,1,2,0,0,0,3
1924,l1,male,41,Nagykanizsa,Lakatos ,175,4,0,2,1,1,1,1,1,2,3,1,0,0,184510,1,0,0,1,1,0,1,1,1,0,1,1,1,3,2,0,0,0,2,1,1,3,1,1,1,2,0,1,1,0,2
1925,l1,male,57,Budakeszi,Lakatos ,164,4,0,3,1,1,1,1,3,1,3,1,0,0,96686,0,0,0,0,1,0,0,1,1,1,5,1,0,1,0,0,0,3521,2,0,1,3,1,1,0,1,0,0,1,0,1
1926,l0,male,56,Budakeszi,asztalos ,162,4,0,3,0,1,1,1,3,3,7,4,0,0,0,1,0,0,1,1,1,0,1,1,1,1,0,0,0,0,1,1,188,2,1,1,0,2,0,0,1,2,0,1,1,2
1927,l1,female,62,Nagykanizsa,Szakorvos ,180,3,0,2,0,1,1,1,1,0,1,0,0,0,31523,1,0,0,0,1,0,0,1,1,0,5,1,0,1,2,4,4,18,3,0,0,3,2,0,0,1,0,1,1,1,1
1928,l1,male,39,Nagybajcs,Szakorvos ,168,4,2,3,1,1,1,1,4,3,7,0,0,1,14161439,1,0,1,0,1,0,1,0,0,0,4,2,0,3,2,1,0,480,2,1,1,3,2,0,0,0,0,0,1,0,3
1929,l0,male,65,Nagykanizsa,Lakatos ,161,3,2,3,1,1,2,1,1,2,2,0,0,1,232567,0,0,1,0,1,0,0,1,1,1,4,1,1,1,0,1,4,6179,2,1,1,2,1,0,0,2,2,1,0,0,4
1930,l1,female,45,Budakeszi,Szakorvos ,177,3,0,2,1,1,2,1,1,0,0,0,0,0,0,1,0,0,0,0,0,1,1,1,1,2,1,0,0,2,0,0,10,3,1,1,1,1,1,1,1,0,1,0,1,0
1931,l0,male,34,Nagykanizsa,asztalos ,173,1,0,3,1,1,1,1,1,2,0,0,0,1,0,1,0,1,0,1,0,0,1,1,1,3,1,0,3,0,0,4,431,3,1,1,1,2,1,1,1,2,0,1,0,1
1932,l1,male,36,Budakeszi,Szakorvos ,169,3,0,3,0,1,1,1,1,2,0,0,0,1,227500,1,0,1,0,1,0,0,1,1,1,4,1,0,1,2,2,3,457,2,1,1,3,1,1,1,1,0,0,1,1,3
1933,l1,female,44,Budakeszi,Szakorvos ,174,3,0,2,0,1,2,1,2,3,3,0,0,0,0,0,0,0,0,1,1,1,1,1,1,5,1,0,1,0,3,4,10866,3,3,1,1,2,1,1,1,0,1,1,0,3
1934,l0,female,32,Nagykanizsa,Lakatos ,184,0,0,1,1,1,1,1,2,2,1,1,0,0,152362,1,0,1,0,0,0,0,1,1,0,5,2,0,1,2,0,3,0,2,1,1,2,0,1,1,2,0,0,0,0,1
1935,l0,female,54,Budakeszi,Szakorvos ,168,4,1,3,0,1,1,1,1,2,7,4,0,0,180682,1,1,1,0,1,1,1,1,1,0,0,2,0,1,0,0,0,13,2,0,1,1,2,1,0,0,1,0,0,0,2
1936,l0,male,60,Nagykanizsa,Lakatos ,167,3,0,3,1,1,1,1,2,2,1,4,0,0,104883,1,0,1,0,1,0,0,1,1,1,1,0,0,0,2,0,0,236,2,1,1,1,2,1,0,1,1,0,1,1,3
1937,l1,male,54,Budakeszi,Lakatos ,163,0,0,4,1,1,1,1,2,2,4,4,0,0,0,1,0,1,0,0,0,0,1,1,1,1,1,0,1,2,2,0,267,3,3,1,2,2,1,1,2,0,1,1,1,1
1938,l0,male,37,Budakeszi,asztalos ,171,1,0,1,0,1,1,1,1,2,5,4,0,0,69258,0,0,0,0,0,1,0,1,1,0,1,1,0,1,0,0,0,202,2,1,1,2,1,0,0,1,1,0,0,0,1
1939,l1,male,42,Nagykanizsa,asztalos ,175,4,0,2,0,1,1,1,2,2,2,1,0,1,0,0,0,0,1,0,0,1,1,1,1,3,3,0,0,2,0,0,35,2,0,0,1,2,0,1,2,2,1,1,1,3
1940,l0,male,39,Budakeszi,Lakatos ,164,0,2,3,1,1,1,1,1,3,1,1,0,0,108014,0,0,0,0,1,0,0,1,1,1,1,1,0,1,0,0,3,0,2,3,1,1,2,1,1,1,0,0,0,0,1
1941,l0,male,59,Budakeszi,asztalos ,177,3,2,3,1,1,1,1,0,2,0,4,0,0,18717,0,0,1,0,1,0,0,0,1,0,3,1,1,1,2,0,4,865,2,2,1,1,0,1,0,1,2,0,1,1,0
1942,l0,male,25,Nagykanizsa,asztalos ,168,0,0,3,1,1,1,1,1,2,5,1,0,0,0,0,0,0,0,1,0,1,0,0,0,5,3,0,3,1,1,1,0,2,1,1,3,0,0,0,1,0,0,0,0,0
1943,l1,female,29,Nagykanizsa,Lakatos ,172,3,2,3,1,1,1,0,0,2,2,1,0,1,0,1,0,1,0,1,0,0,1,0,0,2,1,0,1,0,0,3,554,3,0,1,3,0,0,0,2,0,1,1,0,2
1944,l1,male,63,Nagykanizsa,asztalos ,164,0,0,3,1,1,1,1,1,2,3,1,0,0,0,0,1,0,0,1,0,0,1,1,0,3,0,0,1,1,1,4,6328,1,1,1,3,0,0,0,2,2,1,1,0,1
1945,l1,female,60,Budakeszi,Szakorvos ,175,4,0,2,1,1,1,1,1,0,2,1,0,0,229943,0,0,1,0,1,1,0,1,1,1,1,2,0,0,2,0,1,197,2,1,1,3,1,1,1,2,1,1,0,0,0
1946,l0,male,54,Nagykanizsa,asztalos ,164,3,0,1,1,1,1,1,2,2,5,4,0,0,24316,0,0,0,0,0,1,0,1,1,1,1,2,0,4,0,3,4,3464,2,2,1,3,2,1,0,1,2,1,1,1,1
1947,l0,female,25,Nagykanizsa,Szakorvos ,172,3,0,2,1,1,1,1,1,2,2,1,0,0,0,1,0,0,1,1,1,0,1,1,1,5,1,1,1,0,0,3,295,3,3,1,3,2,1,0,1,1,1,1,0,3
1948,l0,male,54,Nagykanizsa,asztalos ,174,3,1,3,1,1,1,1,2,2,5,1,0,0,0,1,0,1,0,1,1,0,1,1,1,1,1,0,1,0,0,3,77,2,1,1,0,0,0,0,1,0,0,1,0,3
1949,l1,male,52,Budakeszi,Lakatos ,160,1,0,2,1,1,1,1,1,0,1,1,0,1,320614,1,1,0,0,1,1,1,1,1,1,0,1,0,4,0,1,0,218,1,2,1,2,2,0,0,0,0,0,0,0,1
1950,l0,male,33,Nagybajcs,Lakatos ,166,4,0,3,1,1,1,1,2,0,2,1,0,0,0,1,0,0,0,1,1,0,0,1,0,5,3,0,4,2,0,0,457,2,1,1,2,1,0,0,1,0,0,1,1,4
1951,l0,male,31,Budakeszi,Lakatos ,170,3,0,1,1,0,1,1,2,3,0,0,0,0,6342,1,0,1,0,1,0,0,0,1,0,1,1,0,1,0,2,4,43,2,1,1,3,1,0,0,0,2,0,0,0,3
1952,l1,male,41,Nagykanizsa,Lakatos ,169,0,0,4,1,1,1,1,2,3,2,0,0,0,3811,1,1,0,0,1,1,0,1,1,1,1,1,0,3,0,0,4,30507,2,3,1,1,0,0,0,1,0,1,0,0,3
1953,l0,male,29,Nagykanizsa,Szakorvos ,171,0,0,1,1,1,1,1,2,2,1,1,0,1,11492990,0,0,0,0,1,1,0,1,1,0,1,2,0,0,1,2,0,14781,2,3,1,2,1,1,1,0,2,1,1,1,0
1954,l1,male,27,Nagykanizsa,Szakorvos ,176,4,0,2,1,1,1,1,3,2,5,3,0,0,0,1,0,1,0,1,0,0,1,1,1,5,1,1,1,2,0,0,95,2,1,1,1,2,0,0,1,2,1,1,1,0
1955,l0,male,39,Budakeszi,Lakatos ,162,1,0,2,0,1,2,1,2,2,1,0,0,0,7109,1,1,0,0,1,0,0,0,1,1,3,1,0,0,2,0,3,354,1,3,0,2,2,1,1,0,0,0,0,1,1
1956,l1,male,45,Budakeszi,Lakatos ,170,3,1,4,1,1,1,1,1,2,0,0,0,1,126549,0,0,0,0,1,1,1,0,0,0,1,1,0,1,2,0,2,59712,2,1,1,1,2,0,0,0,2,1,1,0,1
1957,l1,male,32,Budakeszi,Szakorvos ,174,4,0,2,0,1,1,0,2,2,1,4,1,1,190293,1,0,1,0,1,1,1,1,1,1,1,1,0,1,0,0,4,473,2,0,1,3,2,0,0,1,2,0,1,1,3
1958,l1,male,56,Nagykanizsa,Lakatos ,174,0,1,4,0,1,1,1,0,2,0,0,0,0,0,1,0,0,0,1,1,0,1,1,0,5,1,0,0,0,0,0,300,2,2,1,3,0,1,1,1,2,2,0,0,0
1959,l1,male,37,Nagykanizsa,Lakatos ,158,0,1,3,0,1,1,1,1,3,2,1,0,0,0,0,0,0,0,1,0,0,0,0,0,1,1,0,4,2,0,0,543,2,1,1,1,2,0,0,1,2,1,1,0,3
1960,l1,female,57,Nagybajcs,Szakorvos ,171,3,0,4,1,1,1,1,1,2,0,1,0,0,0,1,0,0,0,0,0,0,0,1,0,0,0,0,1,2,0,0,15,2,0,1,0,0,0,0,1,1,1,1,1,2
1961,l1,male,36,Nagykanizsa,asztalos ,166,4,0,3,1,1,1,1,3,1,3,1,0,0,0,0,0,1,1,1,1,0,0,1,0,2,1,0,0,2,0,0,297,2,2,1,3,2,1,1,0,1,0,0,0,4
1962,l1,male,43,Nagykanizsa,Szakorvos ,187,3,0,3,1,1,1,0,8,2,0,0,0,0,414414,1,0,0,0,1,0,0,1,0,0,5,1,1,1,0,0,0,83,2,3,1,1,3,0,0,0,0,2,0,0,1
1963,l1,male,36,Nagykanizsa,asztalos ,160,3,0,3,1,1,2,1,2,2,0,0,0,0,0,0,0,0,0,1,0,0,0,1,0,3,1,1,3,0,2,4,1029,3,3,1,1,1,1,0,1,2,1,0,0,3
1964,l1,female,53,Nagykanizsa,Szakorvos ,172,0,0,4,1,1,1,1,0,3,3,0,0,0,141979,0,0,1,1,1,0,0,1,1,1,3,0,0,1,0,0,1,444,1,0,1,0,2,0,0,0,2,0,1,0,1
1965,l0,male,34,Nagykanizsa,asztalos ,153,3,0,3,0,1,1,1,2,2,0,0,0,0,0,0,0,1,0,1,1,0,1,1,0,0,1,0,4,4,0,0,402,3,2,1,3,2,1,0,2,2,0,0,0,1
1966,l1,male,58,Nagykanizsa,Lakatos ,163,4,0,4,1,1,2,1,1,2,1,0,0,0,140693,1,1,0,0,0,0,1,1,0,0,2,1,0,0,4,0,0,209,2,1,1,1,0,0,1,1,0,0,1,1,2
1967,l1,female,51,Nagykanizsa,Szakorvos ,172,0,0,4,1,1,1,1,1,0,0,0,0,1,599987,0,0,0,0,1,1,0,1,1,0,4,2,1,1,1,0,0,0,2,2,1,3,2,1,0,1,0,0,1,0,3
1968,l1,male,47,Nagybajcs,Szakorvos ,153,4,1,4,1,1,1,0,1,3,2,1,0,0,104692,1,0,0,1,1,0,1,1,1,1,4,1,0,0,1,0,0,350,2,1,1,3,0,0,0,1,1,1,1,1,2
1969,l1,male,54,Nagykanizsa,Szakorvos ,170,0,0,3,1,1,2,1,1,0,1,0,0,0,0,1,1,1,0,1,0,0,1,1,0,4,1,0,4,2,0,4,191,2,1,1,1,0,0,0,1,2,1,1,1,0
1970,l0,male,45,Nagykanizsa,Szakorvos ,176,3,0,1,1,1,2,0,4,2,2,1,0,0,0,1,0,1,0,1,1,1,1,1,1,0,1,0,0,0,0,4,0,2,0,1,0,2,1,0,2,0,0,0,0,1
1971,l1,male,45,Nagykanizsa,Szakorvos ,154,4,0,2,1,1,1,1,3,3,2,1,0,0,18212,1,0,1,1,1,0,0,1,1,1,1,2,0,4,0,0,0,0,2,1,0,3,2,1,1,1,2,2,1,1,1
1972,l1,male,55,Nagykanizsa,Szakorvos ,173,0,0,3,1,1,2,1,2,2,0,4,0,1,0,1,0,0,1,0,1,1,1,0,0,3,2,0,1,0,2,4,6480,2,1,1,1,2,1,1,1,0,0,0,0,3
1973,l0,male,50,Budakeszi,asztalos ,167,3,0,3,1,1,1,1,1,0,3,1,0,0,0,0,0,0,0,1,1,1,1,1,0,1,1,0,0,0,1,4,33916,2,1,1,1,2,1,0,0,0,1,1,0,3
1974,l1,male,30,Nagykanizsa,Szakorvos ,163,3,0,4,1,1,1,1,9,2,3,0,0,0,237889,0,0,1,0,0,1,1,1,1,0,0,2,1,1,4,0,3,189,2,3,1,2,0,0,0,0,0,1,1,1,1
1975,l1,female,52,Nagykanizsa,Szakorvos ,172,3,0,4,1,1,1,1,2,3,0,0,0,0,166267,1,0,0,0,1,0,0,1,1,1,5,0,0,1,2,0,4,67,2,0,1,1,2,0,0,0,0,0,0,0,0
1976,l0,male,44,Nagykanizsa,Lakatos ,167,4,0,3,1,1,1,1,1,3,1,0,0,0,19735,0,0,0,0,1,0,1,1,1,1,1,1,0,1,2,0,4,3223,2,0,1,1,2,0,0,1,0,1,1,1,3
1977,l1,female,29,Budakeszi,Szakorvos ,191,0,0,3,1,1,1,1,1,2,8,4,0,0,272518,1,0,0,0,1,0,1,1,1,0,0,3,0,3,1,0,0,0,2,1,1,1,2,0,0,2,2,1,0,0,0
1978,l1,female,61,Nagykanizsa,Lakatos ,173,1,1,3,0,1,1,1,3,2,1,0,0,1,403641,1,0,0,0,1,0,0,1,1,0,0,1,0,1,2,0,0,575,2,1,1,2,1,0,0,1,2,0,0,0,1
1979,l0,male,39,Nagykanizsa,asztalos ,176,0,0,3,1,1,1,1,2,2,1,0,0,0,0,1,0,0,0,1,0,1,1,1,0,5,0,0,1,2,0,0,226,2,3,1,2,1,1,1,1,0,2,1,0,1
1980,l1,male,29,Budakeszi,Lakatos ,178,4,2,3,1,1,1,1,1,2,1,1,0,0,343302,1,0,0,0,1,1,0,0,1,1,0,1,0,0,0,0,0,255,1,0,0,1,2,0,0,0,2,1,1,1,0
1981,l0,male,33,Nagybajcs,asztalos ,157,0,0,1,1,1,1,1,2,2,2,0,0,1,383208,1,1,0,0,1,0,0,1,1,1,0,3,0,1,0,0,1,52,1,1,1,1,1,0,0,1,0,1,1,1,1
1982,l0,male,53,Budakeszi,asztalos ,159,1,2,3,1,1,1,1,1,3,2,0,0,0,67184,0,0,0,0,1,0,0,1,1,1,5,0,0,1,0,0,3,168,1,0,1,1,2,1,0,1,2,1,0,0,0
1983,l1,male,56,Nagybajcs,Lakatos ,176,4,2,1,0,1,1,1,2,2,2,1,0,1,0,0,0,0,0,0,1,1,1,1,0,1,1,0,1,0,0,4,0,2,3,1,1,0,1,1,1,0,1,1,1,1
1984,l0,male,47,Nagykanizsa,asztalos ,175,3,2,3,1,1,1,1,2,2,3,1,0,1,276203,0,0,1,0,1,1,0,1,0,0,0,1,0,1,1,3,4,838,2,1,1,2,1,1,1,1,0,1,1,0,1
1985,l0,male,50,Budakeszi,asztalos ,169,3,0,3,1,1,1,1,1,2,5,1,0,0,0,1,0,0,0,1,1,1,1,0,0,1,0,0,1,2,0,3,123,3,0,1,1,0,0,0,1,0,0,1,1,1
1986,l0,male,30,Nagybajcs,Lakatos ,172,4,0,1,0,0,3,0,1,3,0,0,0,0,149736,1,0,0,0,1,1,0,1,1,1,1,1,0,1,2,0,4,4301,2,1,0,1,1,0,0,0,0,1,1,1,0
1987,l1,male,49,Nagykanizsa,Lakatos ,171,4,0,4,0,1,1,1,1,2,0,0,0,1,207639,1,0,1,0,1,1,0,1,1,0,2,2,0,0,2,0,4,153,1,2,1,1,2,1,1,1,2,0,1,0,1
1988,l0,female,28,Budakeszi,Lakatos ,172,3,0,2,1,1,1,1,2,2,1,0,0,1,225930,1,1,1,0,1,1,0,0,1,0,5,1,0,1,2,1,1,253,3,1,0,1,1,0,0,1,2,0,1,1,2
1989,l1,female,47,Nagykanizsa,Szakorvos ,174,3,0,3,1,1,1,1,2,2,5,1,0,1,0,0,0,0,0,1,0,0,1,1,1,5,1,0,4,1,0,3,11,2,3,1,1,2,1,0,1,2,1,1,0,3
1990,l0,male,35,Nagykanizsa,asztalos ,169,4,0,3,1,1,1,1,2,3,3,1,0,1,483297,0,0,1,0,1,0,0,1,1,1,1,1,0,1,0,0,4,0,2,0,1,1,1,1,1,2,0,1,1,0,3
1991,l0,male,45,Nagykanizsa,asztalos ,172,4,0,3,0,1,1,1,1,3,7,4,0,0,290625,1,0,0,0,0,0,1,1,1,1,1,1,0,1,2,0,4,0,2,1,1,2,2,0,0,1,0,1,0,0,1
1992,l1,female,31,Nagykanizsa,Szakorvos ,178,3,2,3,0,1,1,1,3,2,1,1,0,1,327638,1,0,1,1,1,0,1,0,0,0,5,1,1,1,2,1,1,653,3,3,1,1,2,0,1,1,0,0,1,0,2
1993,l1,male,31,Nagykanizsa,Szakorvos ,170,0,0,3,0,1,1,1,1,2,3,1,0,1,755135,1,0,1,0,0,0,0,0,1,1,1,2,0,1,2,3,1,0,2,3,1,1,1,1,1,1,0,0,1,1,1
1994,l1,male,52,Budakeszi,Lakatos ,159,4,0,4,1,1,1,1,2,2,0,0,0,0,143272,0,0,0,0,1,0,0,1,1,0,0,2,0,3,0,0,3,0,3,1,1,1,0,0,0,2,0,1,1,0,3
1995,l1,male,45,Nagykanizsa,asztalos ,162,1,1,4,1,1,1,1,2,2,1,0,0,0,0,1,0,1,1,1,0,0,1,1,0,1,2,0,1,0,1,1,96,1,1,1,0,0,1,0,1,0,1,1,0,4
1996,l1,female,32,Nagykanizsa,Szakorvos ,175,1,0,2,0,1,1,1,1,0,1,4,0,0,258807,1,0,1,0,1,0,0,1,1,1,5,1,0,1,0,0,3,120,2,1,1,2,1,1,1,1,0,0,0,0,1
1997,l0,male,50,Nagybajcs,asztalos ,175,0,0,1,1,1,1,1,3,3,1,0,0,1,281944,1,0,1,0,1,1,1,0,1,0,4,2,0,4,2,0,3,68822,2,1,1,3,2,0,0,1,0,1,1,1,4
1998,l1,male,40,Nagykanizsa,Lakatos ,157,4,2,4,1,1,2,0,3,3,2,1,0,1,42124,1,1,0,0,1,0,0,1,0,0,2,0,0,1,2,0,0,150,2,1,1,1,2,1,0,2,1,0,1,1,1
1999,l1,female,53,Budakeszi,Szakorvos ,195,3,0,2,1,1,1,1,1,3,14,1,0,1,198558,1,0,0,0,1,0,0,1,1,1,5,1,0,1,4,0,0,335,0,1,1,1,2,0,0,1,2,0,1,1,1
2000,l0,male,61,Nagybajcs,asztalos ,183,0,2,4,0,1,1,1,1,1,0,0,0,0,18571,1,0,0,1,1,0,0,1,0,0,0,1,0,2,0,3,2,6948,3,1,1,2,2,0,0,1,0,1,0,1,2
2001,l0,male,64,Budakeszi,Szakorvos ,169,3,0,3,1,1,1,1,1,2,12,1,0,1,37365,0,0,0,1,0,0,0,0,1,1,1,1,0,1,0,0,3,277,1,2,1,3,2,1,1,1,2,0,1,0,3
2002,l0,male,53,Nagykanizsa,Lakatos ,171,4,0,1,1,1,1,1,2,2,2,0,0,0,0,0,0,0,0,1,0,0,0,1,0,5,1,0,0,0,0,3,525,2,1,1,2,0,1,1,1,0,1,0,0,2
2003,l1,male,32,Nagykanizsa,Lakatos ,150,0,0,3,0,1,1,1,2,2,2,1,0,1,0,0,0,0,0,1,0,0,1,0,0,1,1,0,4,2,0,0,238,3,3,1,3,2,1,0,1,0,0,0,0,2
2004,l0,male,25,Nagykanizsa,asztalos ,165,3,0,1,1,1,2,1,1,0,1,1,0,0,18833,1,0,0,0,1,1,1,1,1,0,5,1,0,1,0,3,4,366,2,3,1,1,1,0,0,0,0,1,1,1,1
2005,l0,male,51,Budakeszi,asztalos ,176,4,0,3,1,1,1,1,2,2,0,0,0,0,0,0,0,1,0,0,0,0,1,0,1,3,1,0,1,0,3,4,513,1,1,0,1,0,1,1,1,0,0,1,0,1
2006,l0,male,64,Nagybajcs,asztalos ,173,4,0,3,0,1,1,1,1,2,0,0,0,1,55998,1,0,0,0,0,0,1,0,1,0,1,2,0,1,2,0,0,0,2,1,1,1,0,1,0,1,2,1,0,0,1
2007,l0,female,38,Nagybajcs,Lakatos ,179,3,0,3,1,1,2,1,2,0,2,0,0,1,0,0,0,0,0,0,1,1,1,1,1,1,1,0,1,2,3,4,9553,1,0,0,1,2,1,0,1,2,0,1,1,1
2008,l0,male,38,Nagykanizsa,Lakatos ,164,0,0,4,1,1,1,1,2,3,0,1,0,0,338235,1,0,0,1,1,0,0,1,1,0,3,0,1,1,2,0,0,0,2,1,1,1,0,1,1,1,0,0,0,0,3
2009,l0,male,63,Nagykanizsa,Szakorvos ,173,4,1,3,0,1,1,1,2,2,0,0,0,1,360855,1,0,1,0,1,1,1,1,1,1,1,3,0,1,0,0,1,15,3,3,1,2,0,1,1,1,0,1,0,0,1
2010,l0,male,44,Nagykanizsa,Lakatos ,162,3,0,3,1,1,2,1,2,2,2,1,0,1,29242,1,0,0,0,1,0,0,1,0,1,5,1,0,4,0,1,4,221,2,3,1,1,2,1,1,1,0,1,0,0,2
2011,l1,male,34,Nagybajcs,Szakorvos ,178,2,0,3,1,1,1,1,2,2,2,1,0,0,161250,1,0,0,1,1,0,0,1,0,1,5,1,1,1,1,0,3,103,3,2,1,1,2,1,1,1,2,1,1,0,1
2012,l0,male,29,Budakeszi,asztalos ,157,0,2,4,1,1,2,1,1,3,2,0,0,0,177829,1,0,0,0,1,0,1,1,1,1,2,1,0,0,2,0,0,0,2,0,1,1,2,0,0,1,2,1,1,1,1
2013,l0,female,26,Nagykanizsa,asztalos ,171,0,0,1,0,1,1,1,1,2,3,1,0,0,48732,1,0,1,0,1,0,0,1,0,0,5,1,0,1,0,0,0,0,3,3,1,3,2,0,0,1,0,1,0,0,1
2014,l1,male,45,Nagykanizsa,Szakorvos ,171,4,0,2,1,1,1,1,1,2,0,0,0,1,0,1,0,0,0,0,0,1,1,0,0,1,0,0,0,2,0,2,529,3,3,1,1,2,0,0,0,1,0,1,1,1
2015,l0,male,38,Budakeszi,asztalos ,164,0,0,1,1,1,2,1,1,3,7,0,0,0,212584,1,1,0,0,1,0,0,0,1,1,5,3,1,1,2,1,2,318,2,1,0,1,0,1,0,2,0,1,0,0,1
2016,l0,male,58,Nagykanizsa,asztalos ,155,4,0,3,1,0,1,1,2,3,3,4,0,1,138119,1,0,0,0,1,0,0,1,0,0,5,0,0,1,2,1,3,345,1,1,1,1,2,0,0,1,2,2,0,0,4
2017,l1,male,51,Nagykanizsa,Lakatos ,171,4,2,4,1,1,1,1,1,3,1,0,0,1,0,1,0,1,0,1,0,1,1,0,0,1,0,0,1,0,0,3,182,1,0,1,1,1,1,1,2,0,1,0,0,3
2018,l0,male,39,Nagybajcs,Szakorvos ,166,1,1,3,0,1,1,1,2,0,1,1,0,1,401396,1,1,1,0,1,0,1,0,1,1,1,2,0,1,0,0,0,136,3,1,1,3,2,1,1,2,2,0,0,0,1
2019,l0,female,37,Nagykanizsa,asztalos ,184,3,0,2,0,1,1,1,1,2,2,1,0,0,144709,1,1,0,0,1,1,1,1,1,1,5,1,1,1,2,0,4,276,3,2,0,2,0,0,0,1,2,1,1,1,1
2020,l1,male,41,Budakeszi,Lakatos ,190,3,0,4,1,1,1,1,1,2,2,0,0,1,364129,1,0,1,0,1,1,1,1,1,0,5,1,1,1,1,0,4,402,3,3,1,2,2,0,0,1,0,1,0,0,1
2021,l0,male,65,Nagykanizsa,asztalos ,170,1,0,3,1,1,1,1,1,3,2,1,0,1,0,1,0,0,0,1,0,1,1,1,0,0,1,0,4,4,0,4,0,3,3,1,1,1,1,0,1,0,0,0,0,4
2022,l1,female,31,Budakeszi,Szakorvos ,177,0,0,2,1,1,1,1,1,2,1,1,0,0,0,1,0,0,1,1,0,1,1,0,0,3,0,0,1,2,2,3,93,3,1,1,3,1,1,1,2,2,1,0,0,1
2023,l0,male,60,Budakeszi,asztalos ,161,4,0,3,1,1,1,1,2,2,1,1,0,0,0,1,0,0,0,1,0,0,1,0,0,1,0,0,1,1,4,4,610,2,0,1,3,2,1,1,1,2,0,1,0,3
2024,l1,female,35,Budakeszi,Szakorvos ,180,3,0,3,1,1,1,1,1,2,1,0,0,1,302088,1,0,1,1,0,0,1,1,1,0,5,1,0,0,4,0,1,615,2,2,1,1,2,0,0,1,2,1,1,1,1
2025,l1,female,31,Nagybajcs,Szakorvos ,187,0,0,3,1,1,1,1,1,2,1,0,0,1,164634,0,0,0,1,1,1,0,0,1,1,3,1,0,4,2,2,4,455,3,3,1,3,2,1,1,1,2,0,1,1,1
2026,l1,female,55,Budakeszi,Szakorvos ,194,3,0,3,1,1,1,1,0,2,4,1,0,1,221155,1,1,1,0,0,0,0,1,1,1,1,2,0,1,1,1,4,770,3,0,1,1,2,0,0,1,0,1,1,1,2
2027,l1,male,58,Budakeszi,Szakorvos ,166,0,0,2,1,1,1,0,1,2,7,0,0,0,162226,1,0,0,0,1,0,0,1,1,1,5,2,0,1,2,1,3,0,3,2,1,3,0,0,0,1,1,0,1,1,2
2028,l1,male,45,Budakeszi,Lakatos ,168,2,0,4,0,1,1,1,0,0,1,1,0,0,396761,1,0,1,0,1,1,0,1,1,1,5,2,0,0,0,1,3,6387,1,0,1,2,0,0,0,1,0,1,1,0,3
2029,l0,male,49,Budakeszi,Lakatos ,168,1,0,3,0,1,1,1,4,3,2,1,0,0,0,1,0,0,0,1,0,0,0,1,0,3,2,0,1,0,2,4,0,2,1,1,1,2,1,0,1,2,1,0,0,1
2030,l0,male,26,Nagykanizsa,asztalos ,174,3,0,3,1,1,1,1,1,3,2,1,0,1,328363,0,1,1,1,0,1,0,1,0,0,5,2,0,4,2,0,0,23,1,1,0,1,0,1,1,1,2,0,0,0,1
2031,l0,male,48,Nagykanizsa,asztalos ,169,4,2,3,1,1,1,1,1,2,0,0,0,1,0,1,1,1,0,1,1,0,1,0,0,5,0,0,1,0,1,4,6345,3,0,1,2,2,1,0,1,0,0,0,1,3
2032,l1,male,40,Nagykanizsa,asztalos ,175,0,0,1,0,1,1,1,1,0,1,1,0,0,0,0,0,1,0,1,0,1,1,0,0,1,1,0,1,0,0,0,356,2,1,1,1,0,1,1,1,0,1,1,0,0
2033,l1,female,52,Nagykanizsa,Szakorvos ,166,0,0,4,1,1,1,1,1,2,2,1,0,1,77524,1,1,0,0,1,1,0,1,1,0,5,1,0,3,1,3,3,406,3,0,1,1,2,1,1,0,0,0,1,0,1
2034,l1,female,64,Budakeszi,Szakorvos ,176,0,0,3,1,1,1,1,1,3,0,0,0,0,0,0,0,0,0,1,0,1,1,1,0,0,1,0,1,0,0,4,1076,2,3,1,3,1,0,0,0,0,1,1,1,0
2035,l1,female,61,Nagykanizsa,Szakorvos ,182,4,0,3,0,1,1,0,1,2,0,0,0,1,25205,1,0,1,0,1,1,1,1,0,0,4,1,0,0,2,0,3,0,3,1,1,2,2,0,0,1,0,1,0,0,2
2036,l1,male,48,Nagykanizsa,Szakorvos ,196,1,0,2,1,1,2,1,0,0,5,4,0,0,0,0,0,1,1,0,0,0,1,1,0,1,0,1,0,0,0,3,636,3,3,1,2,2,1,1,2,2,1,0,1,2
2037,l1,female,59,Nagykanizsa,Lakatos ,163,4,0,3,1,1,1,1,1,2,0,0,0,0,73635,1,1,1,0,1,1,1,0,1,0,5,0,0,1,0,2,4,141,3,1,1,3,0,1,0,1,0,1,1,0,1
2038,l0,male,49,Nagykanizsa,asztalos ,170,3,2,3,1,1,1,1,2,3,5,1,0,1,309986,1,0,0,0,1,1,1,0,1,0,5,3,0,0,0,0,0,0,2,0,1,1,0,0,0,2,1,0,1,0,1
2039,l0,male,50,Budakeszi,Szakorvos ,169,3,0,3,1,1,1,1,2,2,5,4,0,1,21826,1,0,0,0,0,0,0,1,1,1,1,0,0,1,0,0,0,172,2,1,0,1,0,1,1,1,0,0,1,0,1
2040,l0,male,31,Nagykanizsa,asztalos ,160,4,0,1,1,1,1,1,1,2,6,4,0,1,445522,1,0,0,0,0,0,1,1,1,1,2,3,0,1,0,3,4,629,2,1,1,1,2,0,0,1,2,0,1,0,1
2041,l1,male,62,Nagykanizsa,Lakatos ,158,4,0,1,1,1,1,1,1,3,5,4,0,1,0,1,0,1,1,1,1,0,1,0,0,0,0,0,4,2,0,0,67,2,3,1,2,2,1,1,2,2,0,0,0,2
2042,l0,male,28,Budakeszi,Lakatos ,159,4,0,1,1,1,1,1,1,2,2,1,0,1,0,0,0,0,0,1,0,1,1,0,0,1,0,0,1,0,1,1,309,1,1,1,1,0,1,0,0,0,1,0,0,2
2043,l1,female,27,Nagykanizsa,asztalos ,175,3,1,4,0,1,1,1,1,0,0,0,0,0,183696,1,0,0,0,1,0,0,1,1,1,0,1,0,1,0,0,0,63,2,1,1,1,2,1,1,2,2,1,1,1,1
2044,l0,female,36,Nagykanizsa,Szakorvos ,166,0,1,2,0,1,2,1,0,2,3,1,0,0,221012,1,0,0,0,1,1,1,1,1,0,5,2,0,1,0,0,0,505,2,0,1,3,0,1,1,1,0,1,1,0,2
2045,l0,male,63,Nagybajcs,Lakatos ,179,4,0,1,0,1,1,1,1,2,3,1,0,1,194779,0,0,1,0,1,0,0,1,1,1,5,1,0,4,2,1,4,555,3,0,1,3,1,0,0,1,0,0,0,0,1
2046,l1,male,43,Nagybajcs,Lakatos ,173,0,0,3,1,1,2,1,2,1,4,4,0,1,0,1,0,0,0,1,0,0,0,1,0,0,2,0,1,2,0,3,196,2,0,1,2,2,1,0,1,0,0,1,0,3
2047,l0,male,60,Nagykanizsa,asztalos ,162,2,2,3,1,1,1,1,1,2,3,1,0,1,265588,1,0,1,0,1,0,0,1,1,0,0,1,0,1,2,0,4,7063,2,0,1,2,1,0,0,0,0,1,1,1,1
2048,l0,male,25,Budakeszi,Lakatos ,171,2,0,1,1,1,1,1,8,2,1,0,0,1,86912,1,0,1,0,1,0,1,0,0,0,5,0,0,4,2,0,3,269,2,0,1,3,1,1,0,1,0,1,0,0,2
2049,l0,male,45,Nagykanizsa,Lakatos ,165,3,1,3,1,1,2,1,1,2,2,1,0,1,44970,1,0,0,0,1,0,0,0,1,0,5,1,0,4,0,0,0,222,1,1,1,3,2,0,0,1,0,0,0,0,3
2050,l0,male,27,Nagybajcs,asztalos ,174,1,1,3,0,1,2,1,2,3,0,0,0,1,237046,0,0,0,0,1,0,0,0,1,0,5,1,0,1,0,1,1,286,3,3,1,3,1,0,0,0,0,0,1,0,1
2051,l1,male,57,Nagykanizsa,Lakatos ,163,3,1,4,1,1,2,1,1,3,0,0,0,0,0,0,0,0,0,1,0,1,0,0,0,3,1,0,0,0,0,3,351,2,1,1,1,1,1,1,1,2,1,1,1,1
2052,l1,male,42,Nagykanizsa,Lakatos ,168,1,0,4,1,1,2,0,1,2,0,0,0,1,346198,0,1,0,0,1,0,0,1,1,0,1,0,0,1,0,0,3,433,2,1,1,1,2,0,0,0,0,0,1,0,1
2053,l0,female,45,Budakeszi,Lakatos ,174,0,0,1,0,1,1,1,1,2,1,0,0,0,0,1,0,1,0,1,0,0,0,0,0,5,1,0,0,1,0,3,323,2,2,1,1,2,1,0,1,0,0,1,0,1
2054,l0,male,36,Nagybajcs,asztalos ,169,0,0,3,1,1,1,0,1,2,4,1,0,1,121364,1,0,0,0,1,0,0,1,0,0,5,0,0,1,2,2,4,3424,1,0,1,1,2,0,1,0,0,1,1,1,1
2055,l1,male,40,Budakeszi,asztalos ,174,3,0,3,1,1,1,1,0,1,5,4,0,1,415450,0,0,0,0,0,1,1,0,1,0,0,1,0,1,2,4,4,914,2,0,1,1,1,1,1,1,1,0,1,0,0
2056,l1,male,39,Nagykanizsa,Lakatos ,180,3,0,4,1,1,2,1,2,2,0,1,0,1,0,1,0,1,0,1,0,0,1,1,1,1,2,0,1,2,0,0,109,2,1,1,1,2,0,0,2,2,0,0,0,3
2057,l1,female,58,Nagybajcs,Szakorvos ,181,3,0,4,0,1,1,1,1,2,1,1,0,1,0,1,0,0,0,1,1,0,0,1,0,0,0,1,4,0,0,4,576,3,0,1,3,1,1,0,2,1,0,0,0,4
2058,l0,male,52,Budakeszi,Lakatos ,167,3,0,1,1,1,1,1,2,3,1,0,0,1,0,1,0,0,0,1,0,0,1,0,0,2,1,1,4,2,0,0,0,2,1,1,3,1,1,1,1,0,1,1,0,1
2059,l0,male,39,Nagykanizsa,asztalos ,179,1,0,3,1,1,2,1,1,3,1,1,0,0,82297,1,0,0,0,1,1,1,1,1,1,3,1,0,1,2,0,0,0,3,1,1,2,2,0,0,1,0,0,0,0,3
2060,l0,male,50,Budakeszi,asztalos ,172,4,0,4,0,1,1,1,1,3,6,4,0,0,0,1,0,0,0,0,1,1,1,1,0,1,0,0,1,2,0,0,0,2,2,1,3,2,0,0,1,0,0,1,1,0
2061,l0,male,61,Nagykanizsa,asztalos ,161,3,1,3,0,1,1,1,1,0,5,4,0,1,0,0,0,0,0,1,1,1,1,1,1,1,1,0,1,0,0,0,489,2,3,1,3,2,0,0,1,0,1,1,0,0
2062,l0,female,28,Nagykanizsa,Szakorvos ,181,4,1,2,1,1,1,1,2,3,2,0,0,1,0,0,0,1,0,1,0,1,0,1,1,1,2,0,1,0,2,4,674,1,1,1,3,0,0,0,0,2,0,0,0,3
2063,l0,male,58,Nagykanizsa,Lakatos ,164,0,0,4,1,1,2,1,1,3,4,4,0,1,40764,1,0,0,0,1,1,1,1,1,0,1,1,0,0,0,0,0,216,2,1,1,3,2,0,0,1,0,0,0,0,1
2064,l0,male,26,Nagykanizsa,asztalos ,163,3,0,2,0,1,1,1,1,3,2,1,0,1,177598,0,0,1,0,1,1,0,1,0,0,5,0,0,1,2,1,0,207,3,1,1,2,1,0,0,1,1,1,1,0,3
2065,l0,male,46,Nagykanizsa,asztalos ,166,3,0,3,0,1,1,1,0,0,0,0,0,0,0,1,0,0,0,1,0,1,1,0,0,0,1,1,1,0,0,0,486,3,3,1,2,2,1,1,0,2,1,1,0,1
2066,l0,female,32,Budakeszi,asztalos ,184,0,0,3,1,1,1,0,2,2,1,0,0,0,76722,1,0,0,0,1,1,0,1,1,0,3,0,0,0,0,0,3,0,2,0,1,1,2,0,0,0,0,0,1,1,1
2067,l0,male,46,Nagykanizsa,Lakatos ,174,0,0,1,1,1,1,1,2,2,2,1,0,0,0,1,1,0,0,0,1,0,0,1,1,1,1,0,0,2,0,2,105,2,0,1,0,2,0,0,1,1,0,0,0,1
2068,l0,female,43,Budakeszi,asztalos ,170,0,0,1,1,1,1,1,2,1,2,0,0,0,6952426,1,0,1,0,1,0,1,1,1,0,5,1,0,1,2,3,3,399,2,2,1,1,1,1,0,1,0,0,0,0,3
2069,l0,male,60,Nagykanizsa,Lakatos ,162,4,0,3,0,1,1,1,1,3,8,4,0,1,0,1,0,1,0,1,0,0,1,1,1,1,2,0,4,0,2,3,19,2,1,1,1,2,0,1,1,2,1,1,0,1
2070,l0,male,58,Nagybajcs,Lakatos ,167,3,2,1,1,1,2,1,1,2,0,0,0,0,196734,1,0,1,0,1,1,0,0,1,0,1,1,0,0,1,0,0,0,2,1,1,2,2,1,1,1,2,0,0,0,3
2071,l1,female,51,Budakeszi,Szakorvos ,167,0,0,3,1,1,0,1,0,2,6,4,0,0,122436,1,0,1,0,1,1,0,1,1,1,5,1,0,1,2,0,3,73,2,1,1,1,2,1,1,1,2,1,1,0,0
2072,l0,male,25,Nagybajcs,asztalos ,164,1,0,3,0,1,1,1,1,2,1,0,0,0,0,1,1,0,0,1,0,0,1,1,1,1,0,0,1,0,0,3,365,2,0,1,1,2,1,1,1,2,0,1,0,3
2073,l0,male,50,Budakeszi,asztalos ,179,3,0,3,1,1,1,0,1,2,2,1,0,1,198577,1,1,0,0,0,1,0,0,1,0,0,2,0,4,2,0,3,96,3,0,1,2,1,1,1,0,0,0,0,1,2
2074,l1,male,35,Budakeszi,Szakorvos ,170,1,1,4,1,1,1,1,4,0,2,1,0,0,0,1,0,0,0,0,0,1,1,0,0,1,0,0,1,2,0,3,12,2,0,1,1,1,0,0,1,2,1,1,0,2
2075,l0,female,26,Nagykanizsa,Szakorvos ,173,4,2,2,0,1,1,1,1,2,0,0,0,0,0,1,1,1,1,0,0,0,1,0,0,5,0,1,1,0,3,4,2532,2,3,1,3,2,1,1,2,2,0,1,0,2
2076,l0,male,29,Nagykanizsa,Lakatos ,169,3,0,2,1,1,1,1,3,2,2,1,0,0,324785,0,0,1,0,1,0,0,1,0,0,1,2,0,1,2,0,0,533,1,0,1,1,1,0,0,1,0,0,0,0,1
2077,l0,female,62,Nagykanizsa,Lakatos ,168,2,0,3,1,1,1,0,1,2,0,0,1,1,0,1,0,0,0,0,0,0,1,1,1,5,1,0,4,0,0,0,0,0,1,1,1,2,1,1,1,2,1,1,0,3
2078,l1,male,54,Budakeszi,asztalos ,178,3,0,3,0,1,1,1,2,2,2,1,0,0,164834,1,0,0,1,0,0,1,1,1,0,0,1,0,4,0,3,3,10361,1,3,1,2,3,1,0,1,0,0,1,0,0
2079,l0,male,34,Budakeszi,asztalos ,157,4,0,3,1,1,2,1,1,3,3,1,0,0,0,0,0,0,0,1,0,0,0,1,1,2,2,0,1,2,0,0,446,2,0,1,2,1,1,1,1,1,0,0,0,1
2080,l1,female,58,Budakeszi,Szakorvos ,159,1,0,4,0,1,1,1,1,2,5,0,0,0,224963,1,0,0,0,1,0,0,0,1,0,1,2,0,1,0,2,4,2915,2,0,1,3,2,0,0,1,0,1,1,1,1
2081,l0,male,29,Budakeszi,Lakatos ,174,4,0,4,1,1,1,1,1,2,1,0,0,1,0,1,0,0,0,1,1,1,1,1,0,1,1,0,1,0,0,3,430,2,1,1,1,1,1,0,2,2,0,0,0,3
2082,l0,male,63,Budakeszi,asztalos ,174,4,0,3,1,1,1,1,2,1,1,0,0,0,0,1,0,0,0,1,1,1,1,1,1,5,1,0,3,2,0,0,225,2,0,1,0,1,1,0,1,1,1,1,1,0
2083,l1,female,49,Nagykanizsa,Szakorvos ,164,1,0,2,0,1,1,1,0,2,1,1,0,0,239389,1,0,0,0,1,0,1,1,1,1,5,1,0,1,0,0,1,164,2,1,1,3,2,1,1,1,2,1,1,1,3
2084,l1,male,29,Nagykanizsa,Lakatos ,182,3,0,4,0,1,1,1,0,2,0,0,0,0,395887,0,0,0,0,0,1,1,1,1,0,1,1,0,3,1,1,4,796,2,3,1,1,2,1,1,1,2,0,1,0,0
2085,l1,male,38,Nagybajcs,Szakorvos ,170,3,0,3,1,1,1,1,2,0,0,0,1,1,195691,1,0,0,0,1,0,1,1,1,1,3,3,0,1,0,1,3,51,3,2,1,3,1,1,1,0,0,0,1,0,3
2086,l1,female,38,Nagykanizsa,Szakorvos ,195,1,0,2,1,1,1,1,2,2,2,1,0,1,714086,1,0,0,0,1,0,1,1,1,1,5,1,0,3,2,1,4,799,3,0,1,1,2,0,0,0,1,0,0,1,1
2087,l1,male,54,Budakeszi,Lakatos ,178,3,0,3,1,1,1,0,3,2,0,0,0,0,403894,1,0,0,1,0,0,0,1,1,0,5,1,0,1,0,0,1,506,1,0,1,1,1,0,0,2,2,1,0,0,2
2088,l1,male,28,Budakeszi,asztalos ,159,1,0,3,0,1,1,1,1,2,4,1,0,0,0,0,0,1,0,1,0,0,0,1,1,1,1,0,1,1,0,3,209,1,0,1,1,2,1,1,1,2,1,1,0,1
2089,l0,male,33,Nagybajcs,asztalos ,175,4,0,3,1,1,1,1,1,0,3,4,0,1,191486,1,1,1,0,1,0,0,0,1,1,2,1,0,1,2,0,1,400,3,3,1,3,0,0,0,0,0,0,1,0,2
2090,l0,male,65,Nagykanizsa,asztalos ,171,0,0,3,1,1,1,1,2,3,3,1,0,0,169222,1,1,1,1,1,0,0,1,1,0,3,1,0,1,0,0,0,25,2,1,1,1,1,1,0,1,2,0,1,1,2
2091,l0,male,33,Nagybajcs,asztalos ,177,4,0,1,1,1,1,1,1,3,7,1,0,1,117762,1,0,0,0,1,1,0,1,1,0,0,3,0,4,0,0,0,19,1,1,1,2,2,1,0,2,0,1,0,1,1
2092,l1,female,58,Nagykanizsa,Szakorvos ,190,0,0,2,1,1,1,1,1,0,0,0,0,0,433447,1,1,0,0,0,1,0,1,1,0,1,0,0,0,1,0,1,0,1,0,1,1,2,1,0,2,2,0,1,0,2
2093,l1,male,45,Budakeszi,Lakatos ,169,3,0,4,1,1,1,1,2,2,2,1,0,0,284736,1,1,1,0,0,1,0,0,1,1,3,1,0,1,2,0,0,727,2,2,1,3,2,0,1,0,2,1,0,0,1
2094,l0,male,39,Budakeszi,asztalos ,164,2,0,1,0,1,2,1,1,0,7,4,0,0,199742,1,0,0,1,1,0,1,1,1,0,1,2,0,4,2,0,1,0,3,3,1,1,2,0,0,2,2,1,1,1,1
2095,l1,male,29,Nagykanizsa,Lakatos ,154,0,0,3,1,1,1,1,1,0,5,4,0,0,0,1,1,0,0,1,0,0,1,0,0,1,1,0,1,1,0,4,118,1,2,1,1,0,0,0,1,0,1,1,1,3
2096,l0,male,25,Nagykanizsa,Lakatos ,155,4,0,1,1,1,1,1,1,2,1,0,0,0,105285,1,0,0,0,1,1,0,0,1,0,5,1,0,1,2,0,0,0,3,1,1,2,1,0,1,1,0,1,0,0,1
2097,l0,male,49,Budakeszi,Lakatos ,179,4,0,3,1,1,2,1,1,0,2,1,0,0,230103,0,0,0,0,1,1,0,1,1,0,2,1,0,1,0,2,0,391,3,1,1,1,0,1,1,1,2,0,1,0,1
2098,l0,female,61,Nagykanizsa,Szakorvos ,187,4,0,0,1,1,1,1,4,0,2,1,0,1,0,1,0,0,0,1,1,1,0,0,0,3,1,0,1,0,0,0,0,3,3,1,1,2,0,0,0,0,1,0,0,1
2099,l1,male,43,Nagybajcs,Lakatos ,169,3,0,3,1,1,1,1,2,2,2,1,0,1,610971,1,0,1,0,1,0,1,1,0,0,5,1,0,1,2,2,3,6057,2,0,1,1,2,1,0,1,2,0,1,0,2
2100,l1,male,32,Nagykanizsa,asztalos ,168,0,0,3,1,1,1,1,1,2,1,1,0,1,383498,0,0,0,0,1,0,0,1,1,1,1,1,0,1,2,1,4,117,0,0,1,2,2,1,0,1,0,0,1,1,1
2101,l0,male,40,Nagybajcs,asztalos ,184,4,0,3,0,1,1,1,3,2,1,0,0,0,432014,1,0,1,0,1,1,0,1,1,0,0,1,0,1,0,0,0,0,3,1,1,3,1,0,0,0,1,1,0,0,1
2102,l0,male,35,Budakeszi,asztalos ,165,3,0,3,0,1,1,1,1,3,1,1,0,0,114734,1,0,0,0,1,1,1,0,0,0,5,2,0,1,2,2,3,171,2,3,1,1,1,0,0,1,0,1,1,1,1
2103,l1,male,50,Nagykanizsa,asztalos ,171,4,0,3,1,1,1,1,2,0,0,0,0,1,0,1,0,0,0,1,1,0,1,1,1,0,2,0,1,2,3,3,422,2,1,1,3,2,1,1,1,0,0,1,1,1
2104,l0,male,26,Nagybajcs,asztalos ,172,3,0,2,0,1,1,1,2,2,0,0,0,1,553483,1,1,1,0,0,1,1,1,1,0,0,1,0,1,0,0,0,14,1,0,1,1,2,0,0,0,0,1,1,0,4
2105,l1,male,60,Budakeszi,Szakorvos ,163,0,0,3,1,1,1,1,1,3,0,1,0,0,0,1,0,0,0,1,0,0,1,0,0,5,3,1,1,2,0,1,405,3,3,1,1,0,1,0,1,0,1,1,1,2
2106,l0,male,32,Budakeszi,asztalos ,168,4,0,3,0,1,1,1,1,0,5,4,0,0,50367,1,0,0,0,1,0,0,1,1,1,5,1,0,1,2,3,1,851,2,0,1,1,2,0,1,0,2,0,0,0,1
2107,l0,male,31,Nagykanizsa,asztalos ,155,3,0,2,0,1,1,1,1,2,2,0,0,1,386472,1,0,1,0,1,0,0,0,0,0,1,1,0,1,2,0,4,714,2,3,1,1,2,0,0,0,0,1,0,0,0
2108,l1,female,60,Nagybajcs,Szakorvos ,169,0,0,3,1,1,1,1,2,2,0,0,0,0,191942,1,1,1,0,1,0,0,1,1,0,1,1,0,4,2,0,3,308,3,3,1,2,2,0,0,1,1,1,0,0,1
2109,l1,female,44,Nagykanizsa,Szakorvos ,179,2,0,4,1,1,1,1,1,2,3,1,0,0,316612,1,1,0,0,1,1,0,1,0,0,1,1,0,4,1,0,3,25,3,3,1,1,1,1,1,1,1,1,1,0,0
2110,l1,male,56,Nagykanizsa,Szakorvos ,186,1,0,2,1,1,1,1,2,3,4,0,0,1,0,0,0,1,1,1,0,0,1,1,1,3,2,0,1,0,0,0,98,2,1,1,2,1,1,1,2,2,1,1,0,1
2111,l0,female,37,Budakeszi,Lakatos ,172,0,0,1,1,1,1,1,9,0,0,0,0,1,0,1,0,1,0,0,1,1,1,1,1,5,2,0,0,2,0,0,380,3,1,0,0,2,1,1,2,1,0,0,0,1
2112,l0,female,27,Nagykanizsa,Lakatos ,173,0,0,3,0,1,1,1,1,2,5,4,0,0,0,0,0,0,0,1,1,1,1,1,1,2,1,0,1,0,1,3,214,1,0,1,2,2,1,1,1,0,1,0,0,3
2113,l1,female,41,Nagybajcs,Szakorvos ,172,3,1,4,1,1,2,1,1,2,2,0,0,0,0,1,0,0,0,1,0,0,1,1,1,1,2,0,1,0,2,4,6536,3,1,1,2,0,0,0,0,0,1,0,0,1
2114,l1,male,35,Budakeszi,asztalos ,166,3,0,3,0,1,1,1,1,2,1,0,0,0,91169,1,0,0,0,1,1,0,0,0,0,5,3,0,1,0,0,3,126,2,1,1,2,0,1,1,2,2,0,1,0,1
2115,l1,male,36,Nagykanizsa,Lakatos ,158,4,2,4,1,1,1,1,0,2,0,0,0,0,99354,1,0,0,0,0,1,0,1,1,1,1,0,0,1,0,0,0,0,2,3,1,3,1,1,0,1,2,1,1,1,1
2116,l0,male,37,Nagybajcs,asztalos ,159,0,1,3,0,1,0,1,1,2,0,0,0,1,16328,0,0,0,1,1,0,0,1,1,0,1,0,0,4,0,1,4,5448,3,1,1,3,1,1,0,2,2,1,1,0,3
2117,l1,female,40,Nagykanizsa,Szakorvos ,174,3,0,2,1,1,1,1,2,2,2,1,0,0,0,1,0,1,0,1,1,0,1,1,1,4,2,0,0,1,0,1,119,2,1,1,2,1,1,1,1,0,1,1,1,1
2118,l1,male,26,Nagykanizsa,Szakorvos ,163,4,0,0,1,1,2,0,1,0,1,1,0,0,0,0,0,1,0,1,0,0,1,1,0,0,3,0,1,2,0,1,62,3,2,1,3,0,0,0,2,0,0,1,1,2
2119,l1,male,36,Nagykanizsa,Lakatos ,172,1,0,3,1,1,2,1,1,0,7,4,0,0,112877,1,0,0,0,1,0,0,1,0,0,2,1,0,0,2,0,4,408,3,1,1,1,0,0,0,1,0,1,1,1,1
2120,l1,male,38,Nagykanizsa,asztalos ,177,1,2,3,1,1,1,1,1,2,0,1,0,1,0,1,0,0,1,1,0,1,1,0,0,5,0,0,1,0,0,3,2968,2,1,1,3,2,1,0,1,2,1,1,0,1
2121,l1,female,32,Budakeszi,Szakorvos ,164,1,0,4,1,1,1,1,2,2,2,1,0,1,326322,1,0,0,0,1,1,0,1,1,1,5,0,1,1,0,3,3,30704,3,3,1,3,2,1,0,1,2,1,0,0,2
2122,l1,female,26,Budakeszi,Szakorvos ,174,1,0,4,0,1,1,1,1,0,1,0,0,0,156139,1,0,0,0,1,1,1,0,0,0,5,1,1,4,0,0,0,6229,3,1,1,3,2,1,0,0,2,1,0,0,1
2123,l1,male,42,Nagykanizsa,Lakatos ,158,0,2,3,1,1,1,1,1,0,3,1,0,1,716441,0,0,1,0,1,1,1,1,1,1,5,1,0,0,0,0,2,642,3,3,1,1,1,1,1,2,1,1,1,1,3
2124,l0,male,45,Budakeszi,asztalos ,158,2,0,1,1,1,1,1,1,2,2,1,0,0,171542,0,0,1,0,1,0,0,0,1,1,4,1,0,0,0,0,0,0,1,0,1,2,1,1,1,2,2,0,0,0,2
2125,l1,female,59,Nagykanizsa,Lakatos ,180,3,1,3,0,1,1,1,3,2,1,0,0,0,79037,0,0,1,0,1,1,1,1,0,0,5,0,0,1,2,0,1,135,2,1,1,1,0,0,0,1,1,0,1,0,1
2126,l1,male,53,Nagybajcs,Lakatos ,172,0,0,4,1,1,1,1,1,3,4,1,0,0,149699,1,0,1,0,1,1,0,1,1,1,5,3,0,1,2,3,4,897,2,1,1,1,1,0,0,1,2,0,1,1,1
2127,l1,male,39,Nagykanizsa,Lakatos ,170,3,0,1,1,1,1,1,1,2,1,0,0,0,0,1,0,1,0,1,1,0,1,1,1,1,0,0,4,2,0,0,360,2,1,1,0,1,1,1,0,0,0,0,0,0
2128,l0,male,43,Nagykanizsa,asztalos ,161,3,0,3,1,1,1,1,1,2,7,4,0,0,0,0,0,0,0,1,0,0,1,1,0,3,1,0,1,2,0,4,146,2,1,0,1,1,0,0,1,2,0,1,0,1
2129,l1,female,36,Nagykanizsa,Lakatos ,175,4,0,3,1,1,1,1,1,0,1,0,0,1,170293,1,0,0,0,1,0,1,1,1,0,1,1,0,4,0,0,1,0,2,0,1,3,2,0,0,0,0,0,1,1,4
2130,l1,male,63,Budakeszi,Szakorvos ,164,3,0,4,0,1,1,1,2,2,0,4,0,0,478020,0,0,1,0,0,0,0,1,1,1,0,2,0,1,0,1,4,0,2,1,0,1,2,0,0,2,0,0,0,0,3
2131,l1,female,62,Budakeszi,Lakatos ,172,3,0,2,0,1,1,1,1,2,0,0,0,0,243966,0,0,0,0,1,1,1,1,0,0,0,1,0,1,0,0,3,6500,2,0,1,0,0,0,0,1,2,1,1,0,1
2132,l1,male,63,Budakeszi,Lakatos ,177,1,0,1,1,1,2,1,1,2,4,4,0,0,27927,1,0,0,0,1,0,0,1,1,0,5,1,0,0,2,4,4,538,2,1,1,3,2,0,0,1,0,0,0,0,3
2133,l1,female,58,Nagykanizsa,Szakorvos ,183,0,0,3,1,1,2,1,2,0,2,1,0,0,236899,1,0,1,0,1,1,0,1,1,1,5,3,0,1,1,0,0,0,2,0,1,2,2,0,0,0,0,1,1,1,1
2134,l1,male,25,Budakeszi,Szakorvos ,170,0,0,4,0,1,1,0,1,2,9,4,0,0,0,1,1,0,1,1,0,1,1,1,0,0,1,0,1,0,3,3,677,2,3,1,1,1,1,1,2,2,0,0,0,1
2135,l1,male,30,Budakeszi,Lakatos ,168,3,0,4,1,1,1,1,2,2,2,1,0,0,78715,1,0,0,1,1,1,1,1,1,0,1,1,1,0,2,3,3,6674,3,3,1,3,1,1,1,2,2,1,0,0,1
2136,l0,female,29,Budakeszi,asztalos ,166,3,0,3,1,1,2,1,1,0,0,0,0,0,0,0,0,0,0,1,0,1,1,1,0,5,3,0,1,0,0,4,21202,3,3,1,3,2,1,1,1,0,0,0,0,2
2137,l0,male,34,Budakeszi,Lakatos ,168,3,0,4,1,0,2,1,0,2,5,4,0,0,390744,1,0,0,0,1,1,1,0,1,1,4,2,0,0,1,0,3,635,3,1,1,1,0,0,0,1,2,0,0,0,3
2138,l0,female,26,Nagykanizsa,Szakorvos ,177,4,1,2,1,1,1,1,1,2,3,1,0,1,166038,0,0,1,0,1,1,0,1,0,0,2,1,0,1,0,0,0,319,3,3,1,1,2,1,0,0,0,1,1,0,1
2139,l1,female,31,Nagykanizsa,Szakorvos ,182,1,0,2,0,1,1,1,1,2,0,0,0,1,112079,0,0,0,0,0,0,1,0,1,0,2,2,0,3,0,1,0,0,2,1,1,3,2,0,0,2,2,2,1,1,0
2140,l1,female,58,Budakeszi,Szakorvos ,178,3,2,2,1,1,1,1,3,2,0,0,0,0,0,0,0,0,0,1,1,0,0,1,1,2,1,0,1,0,0,3,308,2,0,1,2,0,0,0,1,1,0,0,0,1
2141,l1,male,36,Nagybajcs,Szakorvos ,156,4,2,4,1,1,2,1,1,2,0,0,0,1,574817,1,0,1,0,1,0,1,1,1,1,1,1,0,1,0,3,0,531,2,1,1,1,1,0,0,0,2,1,1,1,2
2142,l1,female,46,Nagybajcs,Szakorvos ,181,3,2,1,1,1,1,1,5,2,2,1,0,0,362941,1,0,1,0,0,0,0,1,1,1,3,1,0,1,0,0,2,326,2,0,1,2,2,1,0,0,2,0,0,0,1
2143,l1,male,29,Nagykanizsa,asztalos ,159,4,2,4,1,1,1,1,3,3,0,1,0,0,0,0,0,0,0,1,0,0,1,1,1,1,1,0,1,0,4,3,0,2,1,1,1,2,1,0,1,2,0,1,0,1
2144,l0,male,51,Nagykanizsa,Lakatos ,161,3,2,1,1,1,2,0,1,2,5,4,0,1,245435,0,0,1,0,1,1,0,0,1,1,4,1,0,0,2,0,0,0,2,3,1,2,0,0,1,0,0,1,0,0,1
2145,l0,male,61,Budakeszi,asztalos ,168,3,0,3,1,1,1,1,2,2,3,1,0,1,0,1,0,1,0,1,0,0,1,1,1,5,3,0,3,1,0,0,0,2,1,1,2,2,0,0,0,0,0,0,0,1
2146,l1,female,37,Nagybajcs,Szakorvos ,172,4,2,2,1,1,1,1,1,2,2,1,0,1,396455,0,1,1,0,0,0,0,1,1,0,3,0,0,1,0,0,0,500,2,1,1,1,0,0,1,1,2,0,1,1,1
2147,l0,male,43,Budakeszi,Szakorvos ,168,2,0,3,1,1,1,1,2,3,3,1,0,1,0,1,0,0,0,1,0,0,1,1,0,1,3,0,4,0,1,1,0,3,1,1,2,1,0,0,1,2,1,1,1,1
2148,l0,male,28,Budakeszi,asztalos ,157,4,0,1,1,1,1,1,1,3,4,4,0,0,61535,0,0,0,0,1,0,0,1,1,0,1,1,0,4,2,0,0,825,2,0,1,1,1,1,0,0,1,1,1,0,1
2149,l1,male,56,Nagykanizsa,asztalos ,163,0,0,3,1,1,1,1,1,2,3,1,0,1,0,0,0,0,0,1,0,0,1,1,0,1,1,0,4,0,0,0,0,2,1,1,1,2,1,0,2,0,1,0,0,2
2150,l0,male,50,Budakeszi,asztalos ,169,4,0,3,1,1,1,0,2,3,7,0,0,0,0,1,0,1,0,1,1,1,1,1,1,4,1,0,1,0,1,3,0,2,0,1,3,1,0,0,0,0,1,1,0,2
2151,l1,male,58,Nagykanizsa,Szakorvos ,177,3,0,3,0,1,1,1,1,2,3,1,0,0,288619,1,0,0,0,1,0,0,1,1,1,1,1,0,1,2,0,1,3,2,3,1,0,2,1,0,1,0,1,1,1,1
2152,l1,male,49,Nagykanizsa,Lakatos ,160,0,0,3,1,1,1,1,2,2,1,4,0,0,0,1,0,0,0,1,1,1,0,0,0,5,2,0,1,2,1,4,648,2,0,1,3,2,1,0,0,0,0,0,0,2
2153,l1,female,53,Budakeszi,Szakorvos ,167,4,0,3,1,1,1,1,4,2,1,0,0,1,0,1,0,1,0,1,0,0,1,0,0,0,1,0,1,2,1,0,472,1,3,1,1,1,1,0,1,1,0,1,0,3
2154,l1,female,52,Nagykanizsa,Szakorvos ,188,3,1,4,0,1,1,1,1,0,0,0,0,1,0,0,0,0,0,1,1,0,1,0,0,2,0,0,1,0,0,3,150,2,0,1,2,2,1,1,2,2,0,1,0,4
2155,l1,female,27,Nagykanizsa,asztalos ,177,0,0,3,0,1,1,1,1,3,2,1,0,1,0,1,0,0,0,1,0,1,1,0,0,1,1,0,0,2,0,3,860,2,0,1,1,2,0,0,1,1,0,1,1,1
2156,l1,male,32,Budakeszi,Szakorvos ,174,0,2,3,1,1,1,1,1,2,2,1,0,1,91034,0,0,0,1,1,0,1,1,1,0,1,1,0,4,2,0,0,224,3,3,1,3,2,1,1,1,0,0,1,1,4
2157,l1,male,59,Nagykanizsa,Szakorvos ,168,1,0,3,1,1,1,1,1,3,5,4,0,1,768695,1,1,1,0,1,0,0,1,1,1,1,1,0,1,0,3,4,355,2,3,1,3,2,0,1,0,0,0,1,0,2
2158,l1,male,35,Nagykanizsa,asztalos ,166,4,2,3,1,1,1,1,4,2,1,1,0,1,525652,1,1,0,1,1,0,0,1,1,0,0,1,0,1,2,0,3,0,2,1,1,3,2,1,1,2,2,0,1,1,3
2159,l1,male,39,Budakeszi,asztalos ,159,0,0,3,0,0,0,1,2,3,6,2,0,0,0,0,0,0,0,1,0,0,1,0,0,4,1,0,0,4,1,1,267,3,3,1,1,2,1,1,2,2,1,1,1,4
2160,l1,male,28,Nagybajcs,Szakorvos ,175,4,2,4,1,1,1,0,2,0,1,0,0,1,251354,1,0,1,0,1,0,0,1,0,0,0,1,0,1,0,0,4,53,2,0,1,1,1,0,0,1,0,0,0,0,1
2161,l1,male,33,Nagykanizsa,Szakorvos ,172,4,1,3,1,1,2,1,2,1,6,4,0,1,0,1,0,0,0,0,0,1,0,1,1,5,0,1,1,0,0,3,361,3,3,1,1,2,1,0,2,0,0,1,1,0
2162,l0,male,26,Nagykanizsa,Lakatos ,164,0,0,1,1,1,1,1,5,2,0,1,0,1,0,1,0,1,0,1,1,0,1,1,1,1,1,0,1,0,0,4,14,1,3,1,3,0,1,1,0,0,1,0,0,4
2163,l1,female,31,Nagybajcs,Szakorvos ,177,4,0,2,1,1,2,1,2,3,3,1,0,0,217296,1,1,1,0,1,0,0,0,0,0,1,1,0,1,0,0,1,1069,3,3,1,3,1,1,1,0,0,0,1,0,0
2164,l1,male,47,Nagykanizsa,Lakatos ,162,0,0,3,0,1,1,1,1,2,0,0,0,0,11910078,1,0,0,0,1,1,0,0,1,1,1,2,0,4,1,2,4,7599,2,1,1,1,2,0,0,1,0,0,0,0,4
2165,l1,female,42,Budakeszi,Szakorvos ,167,4,0,2,1,1,1,1,1,3,0,0,0,0,124981,1,1,0,0,1,0,0,1,0,0,2,1,1,1,2,2,4,541,3,3,1,3,0,0,0,0,2,1,1,1,1
2166,l1,male,35,Nagykanizsa,Szakorvos ,177,0,0,4,0,1,1,1,2,3,1,1,0,1,195656,1,0,0,0,1,0,1,1,1,1,5,1,0,1,0,0,1,363,3,3,1,3,2,1,0,1,0,0,1,1,1
2167,l1,male,30,Budakeszi,Szakorvos ,164,0,0,3,1,1,2,1,1,2,0,0,0,1,202506,1,0,1,0,1,1,0,1,1,0,5,0,1,1,1,0,1,78,3,3,1,3,2,1,1,2,2,0,1,1,0
2168,l0,male,47,Budakeszi,asztalos ,170,0,0,3,1,1,1,1,1,2,5,4,0,0,0,1,0,0,0,1,1,0,0,1,0,2,1,0,1,0,0,0,0,1,1,1,1,2,0,0,0,0,1,1,0,1
2169,l1,male,62,Nagykanizsa,Lakatos ,164,4,0,3,0,1,1,1,3,2,2,4,0,1,0,0,0,1,0,1,1,1,1,1,1,1,2,0,1,2,0,0,0,2,0,1,2,2,0,0,1,0,0,0,1,3
2170,l0,male,48,Nagybajcs,asztalos ,185,4,2,3,1,1,1,1,1,3,3,1,0,1,435342,1,1,0,1,1,1,1,1,0,0,5,1,0,1,0,0,4,211,3,0,1,3,1,1,0,2,2,0,0,0,3
2171,l1,male,39,Nagybajcs,Szakorvos ,197,0,0,2,1,1,1,1,1,2,2,1,0,1,465420,1,1,0,0,1,1,0,1,0,0,1,3,0,1,2,0,4,118,2,0,1,1,2,1,1,1,0,2,0,0,1
2172,l0,male,27,Budakeszi,Lakatos ,178,0,0,1,1,1,2,1,2,2,3,1,0,0,43452,1,0,0,0,1,0,0,0,1,0,5,0,0,1,1,0,1,66,2,1,1,1,1,1,0,2,2,0,0,0,1
2173,l1,male,32,Nagykanizsa,Lakatos ,170,0,0,3,1,1,1,1,1,2,0,0,0,0,0,1,0,0,1,1,0,0,0,1,1,1,1,0,4,2,0,3,0,2,0,1,2,1,0,1,2,0,0,0,0,4
2174,l1,male,27,Nagykanizsa,asztalos ,168,0,0,3,1,1,2,1,2,3,0,0,0,1,336747,0,0,1,0,1,0,0,1,1,1,4,1,1,1,0,2,2,34,3,3,1,3,0,1,1,1,0,0,1,0,3
2175,l0,male,60,Nagykanizsa,Lakatos ,172,4,0,1,1,1,1,1,1,2,3,1,0,0,139545,0,0,0,0,1,0,1,0,1,1,0,1,0,4,2,0,0,80,1,0,1,1,2,0,0,1,0,0,1,0,1
2176,l0,male,57,Nagykanizsa,Lakatos ,160,3,0,4,0,1,1,1,9,2,0,0,0,1,195140,0,0,1,1,1,1,1,1,1,1,3,2,0,1,2,0,2,0,1,0,1,1,1,1,1,2,0,1,1,1,1
2177,l1,male,55,Nagykanizsa,Lakatos ,167,4,0,4,0,1,2,1,2,3,1,1,0,0,166537,1,0,0,0,1,0,0,1,1,0,3,1,0,1,0,0,4,347,1,0,1,1,1,0,0,1,1,0,1,1,1
2178,l1,male,60,Nagykanizsa,Szakorvos ,172,3,0,2,1,1,3,1,2,1,2,1,1,0,223959,1,0,1,0,1,1,1,1,1,1,5,1,0,1,0,0,3,24694,1,3,0,1,2,0,0,1,0,0,1,1,2
2179,l0,male,40,Nagykanizsa,asztalos ,150,4,0,3,1,1,1,1,1,2,3,1,1,0,110409,1,0,0,0,1,1,1,1,1,1,5,1,0,1,0,0,3,201,0,1,1,3,2,0,0,0,0,0,1,0,2
2180,l0,male,38,Budakeszi,asztalos ,159,0,0,3,0,1,1,1,2,3,1,1,0,1,0,0,0,1,0,1,0,1,1,1,0,5,1,0,1,2,1,0,0,3,0,1,3,2,1,1,1,2,0,0,0,1
2181,l0,male,37,Budakeszi,asztalos ,166,0,0,3,1,1,2,1,2,2,1,0,0,0,186828,1,0,0,1,1,0,0,1,1,1,5,1,0,1,2,0,0,0,1,3,0,2,2,1,1,2,1,1,0,0,1
2182,l0,male,42,Budakeszi,asztalos ,182,4,0,3,1,1,1,1,2,3,0,0,0,0,297551,1,0,1,0,1,1,1,1,0,0,5,2,0,1,0,0,0,0,3,1,1,1,2,1,0,2,0,1,0,0,2
2183,l1,male,35,Nagybajcs,Szakorvos ,176,3,0,4,1,1,2,1,1,2,0,0,0,1,0,1,0,1,0,1,1,1,1,0,0,4,0,0,1,0,0,3,440,1,0,1,2,1,1,1,1,1,0,0,0,1
2184,l0,male,46,Nagykanizsa,asztalos ,162,0,0,3,1,1,1,1,0,2,1,0,0,0,84918,1,1,1,0,1,0,1,0,1,1,1,1,0,0,0,0,3,0,2,0,1,2,1,1,1,1,0,1,0,0,1
2185,l1,female,49,Nagykanizsa,asztalos ,163,4,2,3,1,1,1,1,1,2,5,0,0,0,160966,0,0,1,0,0,0,1,1,1,0,0,1,0,1,2,0,3,2,2,3,1,1,2,0,0,1,1,0,0,0,1
2186,l0,male,54,Budakeszi,Lakatos ,154,4,0,3,1,1,2,1,1,3,2,1,0,0,0,1,1,0,0,1,1,0,0,0,0,1,1,0,3,2,0,4,0,3,1,1,0,0,0,0,0,0,0,0,0,1
2187,l1,female,30,Budakeszi,Szakorvos ,180,3,0,2,0,1,1,1,1,2,2,0,0,0,88988,1,1,1,0,1,0,0,0,0,0,5,2,0,1,0,0,3,392,1,0,1,3,2,0,0,1,0,1,1,1,1
2188,l0,male,26,Nagybajcs,asztalos ,167,4,0,1,0,1,1,0,5,2,1,0,0,1,29518,1,0,1,0,0,0,0,1,1,0,1,1,0,0,2,0,1,0,2,1,1,1,2,1,0,1,1,1,1,0,0
2189,l1,female,31,Nagybajcs,Szakorvos ,169,2,0,3,0,1,1,1,2,2,0,0,0,1,521801,1,0,1,1,0,1,0,0,1,0,1,2,0,1,0,1,3,61,2,0,1,2,1,0,0,1,2,0,0,0,1
2190,l0,male,38,Nagykanizsa,asztalos ,170,0,0,3,1,1,1,1,2,2,5,4,0,1,378440,1,1,1,0,1,1,1,1,1,0,5,0,0,1,0,0,0,0,2,1,1,2,1,0,0,1,0,0,1,1,2
2191,l0,male,39,Nagybajcs,Lakatos ,175,3,0,4,1,1,1,0,2,2,0,0,0,0,0,1,0,0,1,1,0,1,1,1,0,5,1,0,4,4,1,3,70735,2,0,1,1,1,0,0,0,0,0,0,0,0
2192,l0,male,41,Nagykanizsa,asztalos ,167,0,0,3,0,1,1,1,2,2,0,0,0,1,117086,1,0,0,0,1,1,1,1,1,1,1,1,0,1,2,0,4,490,1,3,1,1,2,1,0,1,1,0,1,0,3
2193,l0,male,38,Nagykanizsa,Lakatos ,179,1,0,1,1,1,2,1,1,2,11,4,0,0,81496,0,0,0,0,1,0,0,1,1,1,2,0,0,1,2,0,0,346,2,2,1,1,1,0,1,1,2,0,0,0,1
2194,l1,male,44,Budakeszi,Szakorvos ,183,0,0,4,1,1,1,1,3,2,1,1,0,0,0,1,1,0,0,1,0,0,1,1,1,1,1,0,0,2,0,4,2795,2,1,1,0,2,0,0,0,1,1,1,0,0
2195,l0,male,34,Nagykanizsa,asztalos ,163,3,0,3,1,1,1,1,2,2,1,4,0,1,738708,1,0,0,0,1,1,1,1,0,0,1,0,0,1,2,0,3,250,2,0,1,2,2,0,0,1,0,1,1,0,1
2196,l1,male,33,Budakeszi,Lakatos ,166,1,2,4,1,1,2,1,2,2,1,4,0,0,106717,1,0,1,0,1,0,1,1,1,0,3,1,0,1,2,0,0,96,3,1,1,3,2,0,0,1,0,0,1,1,0
2197,l1,female,58,Nagybajcs,Szakorvos ,176,0,2,4,1,1,1,1,2,2,0,4,0,1,93601,1,1,0,0,1,1,0,1,1,1,5,1,0,4,4,0,3,402,1,0,1,3,1,1,0,2,2,0,1,1,1
2198,l1,male,44,Nagykanizsa,Szakorvos ,164,4,0,0,0,1,1,1,1,2,0,0,0,0,0,1,0,0,1,1,1,1,1,0,0,1,0,0,4,1,3,3,6743,0,1,1,3,2,1,0,2,0,1,0,1,0
2199,l1,male,62,Nagykanizsa,Lakatos ,170,3,0,1,1,1,2,1,1,2,4,1,0,1,0,0,1,0,1,1,1,1,1,1,0,5,1,1,0,2,0,0,0,2,3,1,1,0,0,1,1,2,1,1,1,3
2200,l1,male,59,Budakeszi,Szakorvos ,163,0,0,4,0,0,0,1,3,3,0,0,0,0,92300,1,0,1,0,1,1,1,1,1,0,5,1,0,1,2,2,1,6567,1,0,1,1,2,0,0,2,1,0,1,1,0
2201,l0,female,55,Budakeszi,Szakorvos ,186,3,0,4,1,1,1,1,1,3,1,0,0,1,648199,1,0,0,0,1,0,1,1,1,1,3,1,0,0,0,0,3,418,2,1,1,3,1,0,0,1,0,0,1,0,1
2202,l1,male,55,Nagybajcs,Lakatos ,177,0,0,3,0,1,1,1,2,3,2,1,0,0,0,1,1,0,1,1,1,0,1,0,0,2,1,0,1,2,0,1,261,3,1,1,1,2,1,1,2,2,0,1,0,1
2203,l1,female,25,Nagykanizsa,Szakorvos ,173,0,0,3,1,1,1,1,1,2,8,4,0,1,0,1,0,1,1,1,0,0,1,1,1,1,1,0,1,2,0,3,119,3,1,1,1,2,1,0,2,0,0,0,0,2
2204,l0,male,44,Budakeszi,asztalos ,166,3,0,3,1,1,2,0,1,3,1,1,0,0,96490,1,0,0,0,1,1,0,1,1,1,3,0,0,1,3,0,0,0,1,2,0,2,2,1,0,1,1,1,0,1,3
2205,l1,female,61,Nagykanizsa,Szakorvos ,184,1,0,2,1,1,2,1,1,3,4,0,0,0,52287,0,0,0,0,1,1,1,1,1,1,5,1,0,1,4,0,0,2,3,1,1,1,1,0,0,1,2,1,1,0,3
2206,l0,female,37,Nagykanizsa,asztalos ,176,4,0,4,0,1,1,1,2,1,13,4,0,1,414799,1,0,0,0,1,0,1,1,0,0,2,1,0,3,2,0,3,353,2,1,1,2,1,0,0,0,2,1,0,0,1
2207,l0,male,57,Nagykanizsa,asztalos ,164,3,1,3,0,1,1,1,1,3,1,0,0,0,0,1,0,0,0,0,0,0,1,1,0,1,0,0,0,2,0,0,0,3,3,1,3,2,0,0,1,0,1,0,0,1
2208,l0,male,44,Nagykanizsa,Lakatos ,156,0,0,1,1,1,2,1,3,3,1,0,0,0,64110,1,1,0,0,1,0,0,1,1,0,1,1,0,0,2,0,0,0,2,1,0,1,2,1,1,1,1,0,0,0,2
2209,l0,male,62,Nagykanizsa,Szakorvos ,163,0,0,3,1,1,1,1,1,2,1,1,0,1,0,0,0,1,0,1,0,1,1,0,0,5,1,0,1,4,1,3,822,2,0,1,1,2,0,0,1,0,0,1,0,3
2210,l0,male,26,Nagybajcs,Lakatos ,164,3,0,1,1,1,1,1,1,3,0,0,0,0,279440,0,0,0,0,0,1,0,1,1,0,3,2,0,1,2,0,1,90,2,1,1,1,2,0,0,1,0,1,1,1,3
2211,l0,male,55,Budakeszi,asztalos ,181,1,0,3,1,1,2,1,1,2,4,4,0,1,0,1,0,0,0,1,0,0,1,1,1,4,1,0,1,1,2,3,56659,3,1,1,2,1,1,0,0,0,1,0,0,0
2212,l1,male,35,Nagykanizsa,Lakatos ,163,4,0,1,1,1,1,1,1,3,3,1,0,1,35988,1,0,0,1,1,1,1,1,1,0,5,0,0,1,2,0,1,279,3,3,1,3,1,1,1,2,2,1,0,1,1
2213,l1,female,52,Nagykanizsa,Szakorvos ,178,0,0,2,1,1,1,1,1,2,1,0,0,0,405982,1,0,0,0,1,0,0,1,1,1,2,1,0,1,0,1,4,275,1,0,1,3,2,0,0,1,0,0,1,0,0
2214,l0,male,42,Nagykanizsa,asztalos ,169,0,0,0,1,1,2,1,1,0,2,1,0,0,274702,1,0,0,1,1,0,1,1,1,0,0,1,1,1,1,0,0,174,3,3,1,1,2,1,1,1,2,1,0,0,2
2215,l1,male,44,Nagykanizsa,Lakatos ,162,2,0,3,1,1,1,1,2,2,0,4,0,0,215632,1,0,0,0,1,0,1,1,1,1,5,1,1,1,3,0,4,752,2,3,1,3,2,1,1,0,0,1,1,0,2
2216,l0,male,26,Nagykanizsa,asztalos ,163,3,0,2,1,1,2,1,3,2,0,4,0,1,56747,1,0,0,1,1,0,1,1,1,1,2,0,1,3,0,0,0,357,2,0,1,2,2,1,1,2,2,1,0,0,1
2217,l0,male,54,Budakeszi,asztalos ,173,1,0,3,1,1,1,1,3,2,0,0,0,1,168717,1,0,0,0,1,0,0,1,1,1,1,1,0,1,2,2,1,423,2,0,1,0,0,0,0,1,1,0,1,1,4
2218,l0,male,37,Nagybajcs,asztalos ,167,4,0,3,1,1,1,1,3,2,2,1,0,0,0,1,0,1,0,1,1,0,1,1,0,0,1,0,1,0,0,0,0,2,3,1,3,1,1,1,1,2,1,1,1,3
2219,l1,male,60,Budakeszi,Szakorvos ,173,0,0,3,1,1,2,1,2,3,0,0,0,1,492276,1,0,0,0,1,0,0,1,1,1,1,1,0,1,2,0,2,0,3,3,1,1,0,1,0,1,1,0,1,1,0
2220,l1,female,49,Nagykanizsa,Szakorvos ,184,3,0,3,1,1,2,1,1,3,0,0,0,1,430262,1,0,1,0,1,0,0,1,0,0,1,1,0,0,0,0,0,709,1,1,1,1,2,0,1,1,2,0,1,0,1
2221,l0,female,54,Budakeszi,asztalos ,182,3,2,3,1,1,2,1,3,2,4,4,0,0,0,0,0,1,0,1,0,0,1,0,0,5,1,0,1,1,1,4,30247,1,1,1,1,2,0,0,0,0,1,0,0,1
2222,l1,male,55,Nagykanizsa,Szakorvos ,165,3,0,3,0,1,1,1,2,2,2,0,0,1,385942,1,0,1,0,0,1,0,0,1,0,0,1,0,4,0,0,3,406,2,2,0,2,2,1,0,0,0,1,1,0,1
2223,l1,male,65,Nagykanizsa,Lakatos ,172,0,0,1,0,1,1,1,1,0,0,0,0,0,0,1,0,0,0,1,0,0,0,1,1,1,2,0,4,0,0,0,79,3,3,1,2,1,0,0,1,0,0,0,0,1
2224,l1,male,36,Nagykanizsa,Szakorvos ,166,4,1,4,0,1,1,1,2,2,0,0,0,1,17023148,1,0,1,0,1,0,0,1,1,1,5,1,0,1,2,0,3,150,2,3,1,3,2,1,1,1,0,0,1,0,3
2225,l0,male,39,Nagykanizsa,asztalos ,163,0,0,1,1,1,1,1,2,0,4,0,0,0,90893,1,0,0,0,1,0,1,1,0,0,5,0,0,1,2,0,0,0,1,1,0,1,1,1,0,1,0,0,0,0,1
2226,l0,male,43,Nagykanizsa,Szakorvos ,164,4,0,2,1,1,1,0,1,1,1,1,0,1,0,1,1,0,0,1,0,1,1,1,0,1,1,0,1,0,0,0,0,2,0,1,2,2,1,0,2,0,1,0,0,1
2227,l0,male,33,Nagybajcs,asztalos ,160,0,0,3,0,1,1,1,3,0,3,4,0,0,0,1,0,1,0,1,1,0,1,0,0,5,1,0,1,1,0,3,317,3,0,1,1,1,1,0,2,2,1,1,0,1
2228,l0,male,41,Nagybajcs,Lakatos ,161,3,0,3,1,1,1,1,1,2,2,1,0,0,67386,0,0,1,0,1,1,0,1,1,0,5,3,0,1,2,0,1,344,3,1,1,2,2,0,0,0,0,0,1,1,3
2229,l0,female,31,Nagykanizsa,Lakatos ,161,4,0,3,1,1,1,1,2,3,1,0,0,1,173271,1,0,1,0,1,1,0,1,1,0,1,1,0,1,0,1,1,67798,3,1,1,1,1,1,0,1,2,0,0,0,1
2230,l1,male,37,Nagykanizsa,Lakatos ,182,0,0,4,0,0,1,0,2,0,2,1,0,0,228148,1,0,1,0,1,1,0,1,0,0,4,2,0,4,1,0,0,0,2,1,1,3,2,0,0,0,0,0,1,1,3
2231,l0,male,45,Nagykanizsa,asztalos ,177,3,0,3,1,1,1,1,1,3,12,1,0,0,0,1,0,0,0,1,0,1,1,1,1,0,2,1,1,0,0,0,0,3,3,1,1,0,0,0,0,0,0,1,0,0
2232,l0,male,51,Nagybajcs,Lakatos ,179,0,0,3,1,1,1,1,4,3,1,0,0,0,0,1,1,0,0,1,1,0,1,0,0,5,1,0,1,0,0,1,114,3,1,1,3,0,0,0,1,0,1,1,1,1
2233,l1,male,58,Nagykanizsa,Lakatos ,170,4,0,3,1,1,1,1,3,0,0,0,0,0,0,1,1,0,0,1,1,0,1,0,0,5,1,0,4,0,0,4,177,2,1,1,3,1,1,0,1,0,0,0,0,3
2234,l1,male,42,Nagybajcs,asztalos ,176,4,0,3,1,1,1,1,2,2,0,4,0,1,415521,0,0,1,0,0,1,0,1,1,0,0,3,0,1,2,3,4,8574,3,1,1,3,2,0,1,1,1,0,1,1,3
2235,l0,female,32,Budakeszi,Szakorvos ,175,0,0,2,0,1,1,0,3,2,2,0,0,1,196555,1,0,1,0,1,0,1,1,1,0,3,1,1,1,2,0,3,331,3,1,1,1,2,0,1,1,2,0,0,0,0
2236,l1,male,49,Nagykanizsa,asztalos ,163,0,0,3,0,1,1,1,2,0,3,1,0,0,220420,1,0,0,1,1,0,0,1,1,1,0,2,0,0,0,0,4,73,2,1,1,3,0,1,1,2,2,1,1,0,3
2237,l1,female,42,Budakeszi,Szakorvos ,171,4,0,4,1,1,1,1,2,2,7,1,0,0,0,1,0,0,0,1,1,0,0,1,1,3,1,0,0,2,1,4,45761,3,1,1,2,1,1,0,2,0,1,0,0,3
2238,l0,male,64,Nagykanizsa,Lakatos ,172,3,0,1,0,1,1,1,1,2,3,1,0,0,0,1,0,0,0,0,0,1,1,1,1,4,1,0,1,0,0,1,0,2,1,1,0,1,1,1,1,2,0,1,1,2
2239,l1,male,56,Budakeszi,Lakatos ,162,3,1,3,1,1,1,1,1,3,1,4,0,1,0,1,0,1,0,1,0,0,0,0,0,1,1,0,1,0,0,3,0,1,2,1,1,2,0,0,1,2,0,1,1,0
2240,l1,female,51,Budakeszi,Lakatos ,181,3,0,3,1,1,1,1,1,2,7,4,0,0,0,1,0,0,0,1,0,0,1,1,1,5,0,0,1,2,0,4,332,3,3,1,0,1,1,1,1,0,1,1,1,2
2241,l0,male,45,Nagykanizsa,asztalos ,150,2,0,0,0,1,1,1,1,1,3,1,0,1,263883,1,0,0,0,1,0,1,1,1,0,1,1,0,1,0,0,3,393,2,1,1,1,1,1,1,1,0,1,1,1,1
2242,l1,male,46,Budakeszi,asztalos ,181,3,0,3,1,1,1,1,2,3,2,1,0,1,632495,1,0,1,0,1,0,1,1,1,1,1,1,0,1,4,0,0,21,2,0,1,1,1,1,1,2,0,1,1,0,3
2243,l1,male,59,Budakeszi,asztalos ,162,4,0,3,1,1,1,1,1,3,0,0,0,1,157878,1,0,0,0,0,0,0,1,0,1,1,3,0,1,2,0,0,184,3,2,1,3,2,0,0,1,2,1,1,0,4
2244,l1,female,45,Nagykanizsa,Szakorvos ,172,4,0,4,1,1,1,1,0,1,7,1,0,0,58074,1,0,0,0,1,1,0,1,0,0,5,1,0,1,2,0,3,803,3,3,1,1,2,1,0,1,1,0,0,0,1
2245,l0,male,32,Nagykanizsa,asztalos ,173,4,0,3,1,1,1,1,1,0,4,1,0,1,0,1,0,1,0,1,0,1,1,1,1,2,1,0,1,0,0,4,5230,2,3,1,3,0,1,0,0,0,1,1,1,1
2246,l1,male,29,Nagykanizsa,Lakatos ,162,4,0,4,1,1,1,1,3,0,3,1,0,0,153818,1,1,1,0,1,0,0,1,1,1,3,2,0,1,0,0,4,0,2,2,1,1,0,0,0,0,0,0,1,1,3
2247,l1,female,44,Budakeszi,Szakorvos ,164,4,0,3,1,1,1,1,2,2,1,1,0,0,128038,1,0,1,1,0,0,0,1,1,1,4,2,1,1,0,0,0,572,0,3,0,2,0,0,0,1,2,0,1,0,1
2248,l1,male,61,Budakeszi,Lakatos ,176,3,0,3,1,1,1,0,1,3,6,4,0,0,224353,0,0,0,0,1,0,0,1,1,1,5,1,0,1,0,1,3,920,2,1,1,1,1,1,0,1,2,1,1,0,2
2249,l0,male,48,Nagykanizsa,asztalos ,170,0,0,1,1,1,1,1,4,0,1,0,0,1,220103,1,0,0,0,1,0,1,1,1,1,1,1,0,1,2,2,4,373,2,3,1,3,2,1,1,1,2,1,0,0,2
2250,l1,male,32,Nagykanizsa,Lakatos ,161,3,2,4,1,1,1,1,1,0,1,1,0,1,300545,1,0,1,0,1,0,0,1,1,1,1,1,0,1,0,0,0,231,2,2,1,1,2,0,0,1,2,1,1,1,4
2251,l1,male,40,Budakeszi,Lakatos ,162,3,0,4,1,1,2,1,1,2,1,0,0,1,451643,1,1,0,0,1,0,0,1,0,0,0,1,0,1,0,0,0,378,2,0,1,3,2,0,0,0,0,0,1,1,1
2252,l0,male,58,Budakeszi,asztalos ,170,4,0,0,1,1,2,1,1,2,0,0,0,0,28760,0,0,1,0,0,0,0,1,1,1,3,1,0,1,2,0,2,6846,2,1,1,2,0,1,0,1,2,1,0,0,1
2253,l0,male,50,Nagykanizsa,Lakatos ,185,4,0,1,1,1,1,1,1,2,2,0,0,0,0,0,0,0,0,0,0,0,1,1,1,0,2,0,1,2,0,0,339,2,1,1,0,0,1,0,2,1,0,0,0,0
2254,l1,female,57,Nagybajcs,Lakatos ,163,0,0,1,1,1,1,1,2,2,10,1,0,1,49063,1,0,0,1,1,0,0,1,0,0,3,2,0,4,2,1,0,407,2,1,1,1,2,1,1,2,2,1,1,1,1
2255,l0,male,31,Nagybajcs,Lakatos ,172,4,0,3,1,1,1,1,0,3,5,4,0,0,113688,1,0,0,0,0,0,0,0,0,0,2,1,1,0,2,0,4,404,2,3,1,1,1,1,0,1,0,0,1,1,2
2256,l1,male,57,Nagykanizsa,Szakorvos ,164,0,0,3,1,1,2,0,0,0,1,0,0,1,150417,1,1,1,0,1,0,0,1,1,1,5,2,0,1,2,3,4,70530,2,3,1,2,0,0,0,0,2,0,1,1,2
2257,l1,female,49,Budakeszi,Szakorvos ,184,0,0,2,1,1,1,1,3,0,2,1,0,1,0,0,0,1,1,0,1,1,1,1,0,0,0,1,3,1,0,0,204,2,3,1,1,2,1,0,1,0,0,1,1,1
2258,l0,male,50,Budakeszi,asztalos ,165,0,0,3,1,1,2,1,3,2,2,1,0,1,0,1,0,0,0,1,0,0,1,1,0,1,0,0,1,0,0,0,0,2,0,1,2,0,1,0,1,0,1,1,0,1
2259,l1,male,44,Budakeszi,Lakatos ,181,4,0,3,1,1,1,1,1,2,2,1,0,0,267080,1,0,0,1,1,0,0,0,0,0,2,1,0,1,2,3,3,6055,2,0,1,2,0,1,1,0,2,1,1,0,4
2260,l1,female,30,Nagybajcs,Szakorvos ,178,3,0,3,1,1,1,1,2,2,4,1,0,0,0,1,0,0,1,1,0,0,1,0,0,4,3,0,3,0,0,3,0,2,0,1,3,2,1,1,2,2,0,1,0,3
2261,l0,male,57,Budakeszi,asztalos ,158,0,2,2,1,1,2,1,1,0,1,0,0,1,310559,0,0,0,0,1,1,1,0,1,1,1,1,0,4,0,2,1,5926,2,1,1,1,2,0,0,1,0,0,1,0,2
2262,l1,female,63,Nagykanizsa,Szakorvos ,183,3,1,4,1,1,1,1,1,3,1,4,0,0,0,0,0,0,0,1,1,0,0,1,0,1,1,0,0,0,0,4,0,3,1,1,2,0,1,1,0,0,0,1,0,3
2263,l1,male,37,Nagybajcs,Lakatos ,170,0,0,4,0,1,1,1,9,2,1,0,0,1,0,1,0,1,0,0,1,0,1,1,0,4,1,0,0,2,0,0,1,2,0,1,1,0,1,1,1,0,0,1,0,4
2264,l0,male,50,Nagykanizsa,asztalos ,171,4,0,3,1,1,1,1,1,2,2,1,0,1,218983,1,0,1,1,0,0,1,1,1,1,1,1,0,0,0,0,0,0,2,0,1,1,2,1,0,1,2,1,0,0,3
2265,l1,female,28,Nagykanizsa,Szakorvos ,191,4,2,4,0,1,2,1,4,3,0,0,0,0,117037,1,0,0,1,1,1,0,1,1,1,1,1,0,1,0,0,0,144,2,0,1,3,1,1,0,2,2,0,0,0,1
2266,l1,male,30,Nagykanizsa,asztalos ,177,4,1,3,1,1,1,1,1,2,2,0,0,1,364344,1,1,1,0,1,0,1,1,1,0,1,3,0,1,2,0,1,260,2,3,1,2,0,1,0,1,0,0,1,1,2
2267,l1,male,34,Nagykanizsa,Lakatos ,166,0,2,4,1,1,2,0,1,3,2,1,0,0,137545,1,0,1,0,1,1,1,1,1,1,3,1,0,1,0,0,3,0,3,3,1,3,2,1,1,1,0,0,1,0,3
2268,l1,female,31,Budakeszi,Szakorvos ,181,4,1,3,1,1,2,0,1,3,1,1,0,0,52455,0,0,0,1,1,0,0,1,1,0,4,1,0,4,1,0,3,484,1,1,1,1,1,1,1,2,0,1,1,1,0
2269,l0,male,56,Budakeszi,Lakatos ,166,3,0,3,1,1,2,1,4,3,1,1,0,1,0,1,0,0,0,1,1,1,1,1,0,1,1,0,1,2,0,1,22,1,2,0,1,1,1,0,1,0,0,1,1,4
2270,l1,male,27,Budakeszi,Lakatos ,170,0,0,3,1,1,1,1,2,1,1,0,0,0,12777,1,0,0,0,1,0,0,1,1,1,1,0,0,1,2,3,4,488,1,1,1,1,0,1,1,1,0,1,1,0,4
2271,l0,male,46,Budakeszi,Lakatos ,166,0,1,3,0,1,1,1,2,2,5,4,0,1,328431,1,1,1,0,0,1,1,1,1,0,0,1,0,1,0,0,1,71,3,0,1,0,0,0,0,1,2,0,0,0,1
2272,l0,male,59,Nagykanizsa,asztalos ,166,4,2,1,1,1,1,1,2,3,2,1,0,0,10476,1,0,0,0,1,0,0,1,1,1,5,1,0,1,2,0,0,247,2,3,0,1,1,1,1,0,0,0,0,0,1
2273,l1,male,59,Nagykanizsa,Szakorvos ,170,0,0,3,1,1,1,0,3,0,0,2,0,1,0,1,0,0,0,1,0,1,1,1,1,1,1,0,0,0,0,4,472,2,3,1,3,2,1,1,1,2,0,1,1,2
2274,l1,male,26,Nagykanizsa,asztalos ,158,4,0,1,1,1,2,1,1,2,7,1,0,0,179642,1,0,1,1,1,0,0,1,1,1,2,1,0,0,0,0,4,346,3,0,1,3,2,0,1,2,2,1,1,0,3
2275,l1,male,50,Budakeszi,Lakatos ,153,3,2,4,0,1,1,1,1,0,0,0,0,0,0,1,1,0,0,0,0,1,1,1,1,0,1,0,1,2,1,4,410,2,0,0,1,1,1,0,1,2,0,0,1,1
2276,l0,male,39,Nagykanizsa,Lakatos ,167,4,0,1,0,1,1,1,2,3,12,0,0,1,0,1,1,0,0,1,0,0,1,1,1,5,1,0,1,2,1,4,449,1,0,1,3,2,1,1,1,2,0,1,1,1
2277,l0,male,42,Budakeszi,Lakatos ,174,3,0,3,0,1,1,1,1,2,0,0,0,1,294248,0,0,0,0,1,0,0,1,0,0,1,0,1,1,0,0,3,297,3,3,1,1,2,1,1,2,2,1,1,0,3
2278,l1,male,32,Nagykanizsa,asztalos ,162,0,0,3,1,1,1,1,2,0,2,1,0,1,0,1,0,1,0,1,0,1,0,0,0,1,0,0,1,0,4,0,236,1,1,1,3,1,1,0,0,0,1,1,0,3
2279,l1,male,61,Nagykanizsa,Lakatos ,169,4,0,3,1,1,1,1,2,3,2,1,0,0,26903,1,1,1,0,1,1,0,1,1,0,1,0,0,0,0,0,2,3,2,0,1,3,2,1,1,1,2,0,1,1,1
2280,l0,male,39,Budakeszi,asztalos ,163,3,0,0,0,1,1,1,1,3,0,0,0,0,0,1,1,0,0,1,1,1,1,1,0,2,1,0,1,2,0,0,227,1,1,1,1,0,0,1,2,2,1,0,0,2
2281,l1,female,50,Nagykanizsa,Szakorvos ,176,4,0,3,1,1,1,1,2,2,1,0,0,0,59138,1,0,0,1,1,0,0,1,1,1,1,2,0,1,0,0,4,346,3,3,1,1,1,1,1,1,1,1,0,0,1
2282,l1,male,32,Nagykanizsa,asztalos ,173,3,1,3,1,1,1,1,5,3,0,0,0,0,297136,0,0,1,0,1,1,0,1,1,0,3,1,0,1,0,0,3,518,3,3,1,3,0,0,0,1,2,1,1,1,1
2283,l0,male,51,Nagykanizsa,Lakatos ,165,4,0,3,1,1,1,0,11,0,0,0,0,1,136176,1,0,1,0,0,0,1,1,1,0,0,2,0,1,0,0,0,302,2,1,0,0,1,0,0,0,2,0,1,0,2
2284,l1,female,33,Budakeszi,asztalos ,177,0,0,1,1,1,1,1,4,2,0,0,0,1,0,1,0,0,0,0,1,1,1,1,0,1,1,0,4,1,0,0,0,2,1,1,0,1,0,0,0,0,0,0,0,3
2285,l1,male,46,Budakeszi,Lakatos ,169,1,0,3,1,1,1,1,1,3,3,4,0,0,0,1,0,0,0,1,1,1,1,1,0,5,1,0,1,0,0,0,224,2,1,1,3,2,1,0,1,0,0,1,0,3
2286,l0,male,52,Budakeszi,asztalos ,162,3,0,3,1,1,1,0,5,2,2,4,0,0,93429,1,0,0,0,1,1,1,1,1,0,3,1,0,1,2,1,3,240,2,1,1,1,2,0,0,1,2,1,1,0,4
2287,l1,female,55,Nagykanizsa,asztalos ,170,4,1,4,1,1,1,1,1,2,1,0,0,0,292762,1,0,0,0,0,0,0,1,1,1,5,1,0,4,2,1,4,0,3,1,1,2,1,1,0,2,2,0,0,0,1
2288,l1,male,59,Nagykanizsa,Szakorvos ,166,3,0,2,1,1,2,1,1,2,1,1,0,0,271899,1,0,0,0,1,0,0,0,1,1,2,1,0,4,0,0,0,377,1,0,1,3,2,0,0,1,1,0,1,1,4
2289,l1,male,33,Budakeszi,Szakorvos ,168,0,0,1,1,1,1,1,1,2,1,0,0,0,62676,0,0,0,0,1,0,0,1,0,0,3,1,0,4,2,3,4,11180,2,0,1,3,1,0,1,1,0,1,0,0,1
2290,l0,male,43,Nagykanizsa,Lakatos ,175,0,0,3,1,1,1,1,1,3,2,4,0,0,301510,1,0,1,0,0,0,0,1,1,0,0,1,0,0,2,3,4,369,3,0,1,1,2,1,0,0,0,0,0,0,1
2291,l0,male,31,Nagykanizsa,asztalos ,181,3,0,1,0,1,1,1,1,2,0,0,0,1,0,1,0,1,0,1,1,0,1,1,0,0,2,1,1,0,0,1,0,2,0,1,3,2,0,0,2,2,0,1,0,1
2292,l0,male,53,Budakeszi,asztalos ,170,3,0,3,1,1,1,1,4,2,1,0,0,1,500358,0,0,1,1,0,0,0,1,0,0,1,1,0,3,0,0,4,2909,2,3,1,2,1,1,1,2,2,1,1,0,2
2293,l1,male,59,Budakeszi,Lakatos ,163,0,2,4,0,1,1,1,2,3,3,1,0,0,0,1,0,0,0,0,1,0,1,1,1,0,2,0,1,0,0,1,13,1,0,1,0,0,0,0,1,1,1,1,1,1
2294,l1,male,55,Budakeszi,Lakatos ,161,0,0,1,0,1,1,1,1,2,2,1,0,0,128162,0,0,0,0,0,0,0,1,1,0,0,2,0,1,0,3,4,36,0,0,0,0,0,0,0,1,0,0,0,1,0
2295,l1,male,28,Budakeszi,Lakatos ,165,4,1,3,1,1,2,0,2,2,1,1,0,0,0,1,0,0,0,1,0,0,0,0,0,1,1,0,0,2,0,3,318,1,1,1,1,2,1,0,2,0,0,1,1,0
2296,l0,male,32,Nagykanizsa,Szakorvos ,162,3,0,1,0,1,2,1,2,2,1,0,0,0,0,0,0,0,1,1,1,0,0,1,0,2,0,0,1,2,1,3,0,2,1,1,1,2,1,1,1,2,0,1,1,1
2297,l0,male,48,Budakeszi,asztalos ,184,4,0,3,0,0,1,1,2,2,0,4,0,0,0,1,0,0,0,1,1,1,0,1,1,2,2,0,0,0,0,0,88,0,1,1,3,1,1,0,1,0,0,1,0,4
2298,l0,male,58,Budakeszi,asztalos ,164,3,2,3,1,1,1,1,1,2,5,4,0,1,8403,1,0,0,0,1,1,0,1,1,0,1,1,0,4,2,0,4,533,2,1,1,3,2,1,1,2,2,0,0,0,1
2299,l1,female,28,Budakeszi,asztalos ,181,4,0,4,1,1,1,1,2,2,1,0,0,0,0,0,0,0,0,1,0,1,0,0,0,3,1,0,1,0,0,3,0,3,3,1,1,1,0,0,2,2,2,0,0,1
2300,l0,female,44,Nagybajcs,Lakatos ,189,3,0,2,0,1,1,1,2,0,0,0,0,0,0,1,0,0,0,1,0,0,1,1,1,5,1,0,1,2,0,4,0,3,1,1,1,2,0,0,1,0,0,1,0,1
2301,l1,female,53,Nagykanizsa,Szakorvos ,172,0,2,4,1,1,1,1,1,1,1,0,0,1,221492,1,0,0,0,1,0,1,1,1,0,1,0,1,1,2,0,0,172,3,1,1,3,2,1,1,2,0,0,1,0,1
2302,l1,male,50,Nagykanizsa,Lakatos ,164,0,0,4,1,1,1,1,2,2,7,4,0,1,274565,1,0,1,0,1,0,1,1,1,1,5,1,0,0,2,0,1,0,2,1,1,2,1,1,1,1,0,1,0,0,2
2303,l1,female,35,Budakeszi,Szakorvos ,185,0,2,4,1,1,2,1,1,2,0,0,0,1,209996,1,0,1,0,1,1,0,1,1,1,1,1,0,0,0,0,3,722,2,0,1,2,2,0,0,1,0,0,0,0,3
2304,l1,male,56,Nagykanizsa,asztalos ,173,4,0,3,1,1,2,1,1,2,3,1,0,1,258292,1,0,1,0,1,0,1,1,0,0,5,3,0,4,2,0,4,261,2,1,1,3,3,0,0,0,2,0,0,0,2
2305,l1,male,36,Budakeszi,asztalos ,173,1,0,3,1,1,1,1,1,3,5,4,0,1,219708,0,0,0,0,1,0,1,0,1,0,1,1,0,0,0,0,0,1913,0,0,1,2,1,1,0,1,1,1,0,0,2
2306,l1,male,37,Nagykanizsa,Lakatos ,169,3,2,4,0,1,1,1,1,2,4,1,0,0,235516,0,0,0,0,1,1,0,1,1,1,5,1,0,1,3,0,3,3568,1,1,1,2,1,0,0,1,1,1,1,0,3
2307,l1,female,44,Nagykanizsa,Szakorvos ,176,0,0,4,0,1,2,1,2,3,3,1,1,0,492316,1,0,0,0,1,1,0,1,0,0,3,3,0,4,4,2,3,22512,1,1,1,2,0,1,1,1,0,0,1,0,1
2308,l0,male,25,Budakeszi,asztalos ,166,4,2,3,0,1,1,1,2,3,0,0,0,1,179034,0,0,0,0,0,0,0,1,0,0,5,1,0,1,0,1,4,361,3,1,1,2,2,0,0,1,0,0,0,0,1
2309,l1,male,55,Nagykanizsa,asztalos ,164,0,0,2,1,1,1,1,1,2,4,1,0,0,301928,1,0,1,0,1,1,1,0,1,0,3,1,1,1,2,0,4,816,2,1,1,2,1,0,1,1,0,1,1,0,2
2310,l0,male,39,Nagybajcs,asztalos ,160,3,0,1,1,1,1,1,1,3,5,1,0,1,430173,1,0,1,0,1,0,1,1,1,1,0,1,0,0,0,0,4,0,1,0,0,3,1,0,1,0,0,1,0,0,1
2311,l1,male,40,Budakeszi,Lakatos ,154,4,0,3,0,1,1,1,1,3,5,4,0,1,40730,1,0,1,0,1,1,1,1,1,1,5,1,0,2,2,0,3,259,2,0,1,1,0,1,1,0,0,1,1,1,2
2312,l0,male,34,Nagykanizsa,asztalos ,165,4,0,3,1,1,2,1,1,2,6,4,0,0,0,1,0,0,0,1,0,0,1,1,0,3,1,0,1,2,3,3,418,3,1,1,1,2,0,0,1,0,0,1,1,0
2313,l0,male,31,Nagykanizsa,asztalos ,169,1,0,3,1,1,1,1,0,2,1,0,0,0,60006,0,0,0,0,1,1,0,1,1,1,1,1,0,4,0,0,0,321,2,1,1,1,0,1,1,1,0,0,0,0,2
2314,l0,male,26,Budakeszi,asztalos ,174,3,0,1,1,1,1,1,3,3,4,4,0,0,0,1,0,1,0,1,1,0,0,1,0,0,1,0,1,2,0,0,429,1,0,1,3,2,1,0,2,2,1,1,1,1
2315,l1,female,48,Budakeszi,Lakatos ,172,3,1,4,1,1,1,0,2,2,14,4,0,0,210419,1,0,0,1,1,1,0,0,0,0,3,2,0,1,3,0,0,533,2,0,1,2,0,1,0,2,0,0,0,0,1
2316,l0,male,44,Nagykanizsa,Lakatos ,176,1,0,1,1,1,2,1,1,2,3,1,0,1,110536,1,0,0,0,1,0,0,1,1,0,1,0,0,1,0,0,0,308,1,2,1,1,1,1,1,1,0,0,0,0,1
2317,l1,male,49,Nagykanizsa,Szakorvos ,172,4,0,2,0,1,1,1,1,2,1,0,0,0,126852,1,1,1,0,0,1,0,1,1,0,0,1,0,3,2,0,0,135,2,1,0,1,2,0,0,1,0,1,0,0,1
2318,l1,male,42,Budakeszi,Lakatos ,177,3,2,4,1,1,1,1,1,2,0,4,0,0,425657,0,0,0,0,1,1,0,1,1,1,1,1,0,3,0,0,4,81,2,3,1,3,1,0,0,1,0,2,1,0,0
2319,l0,male,40,Nagykanizsa,asztalos ,159,1,0,1,0,0,1,1,1,3,6,1,0,0,404791,0,0,0,0,1,1,1,1,1,0,5,1,0,1,2,1,3,4688,3,0,1,2,2,1,0,1,0,1,0,0,1
2320,l0,male,29,Budakeszi,Lakatos ,153,3,0,1,1,1,1,1,1,2,5,4,0,1,7104,1,0,0,0,1,1,0,1,1,1,1,1,0,1,0,0,0,89,2,1,1,3,2,1,0,0,0,0,1,1,2
2321,l0,male,36,Nagykanizsa,Lakatos ,163,4,0,0,0,1,1,1,1,2,4,1,0,1,0,0,0,0,0,0,1,0,0,1,1,3,0,0,1,2,0,2,540,0,3,0,1,2,0,0,1,0,1,1,1,1
2322,l1,female,55,Budakeszi,Szakorvos ,180,4,0,3,1,1,1,1,1,3,5,4,0,0,209632,0,0,0,0,1,0,1,0,0,0,5,1,0,1,4,0,4,383,2,1,1,3,1,1,1,2,0,0,1,1,2
2323,l0,male,42,Budakeszi,Lakatos ,164,3,0,1,1,1,1,1,2,2,5,1,0,0,0,1,1,0,0,0,1,0,1,1,1,1,2,0,3,0,0,0,377,2,0,0,0,1,0,0,1,2,0,0,0,1
2324,l0,male,38,Nagykanizsa,asztalos ,168,0,0,3,1,1,1,1,2,3,0,0,0,0,0,1,0,1,0,1,0,0,1,1,1,1,1,0,0,0,0,0,0,2,0,1,2,2,1,1,1,0,0,0,0,1
2325,l0,male,60,Budakeszi,asztalos ,177,3,0,3,1,1,1,1,2,0,3,4,0,0,65440,1,0,1,1,1,0,1,1,1,1,4,0,0,1,0,1,1,522,2,1,1,3,1,1,1,2,2,1,0,0,1
2326,l1,male,33,Budakeszi,Szakorvos ,174,4,0,3,1,1,2,1,2,2,0,0,0,0,434217,1,0,1,0,1,0,1,0,1,1,0,1,0,4,0,0,3,369,2,1,1,1,1,0,0,1,0,1,0,0,1
2327,l0,male,40,Budakeszi,Szakorvos ,168,3,0,3,0,1,1,1,1,3,1,1,0,1,252856,0,0,1,0,1,1,0,1,1,1,5,0,0,0,2,0,3,733,2,1,1,3,0,1,0,1,0,1,1,0,2
2328,l1,male,35,Budakeszi,asztalos ,171,4,0,3,1,1,1,1,4,3,1,4,0,1,0,1,0,0,0,0,1,1,1,0,0,5,1,0,1,0,1,0,168,3,3,1,1,2,0,0,1,0,0,1,1,1
2329,l0,male,39,Nagykanizsa,asztalos ,173,1,0,1,0,1,0,1,1,0,5,4,0,0,238171,1,0,0,0,1,0,0,0,1,1,1,1,0,1,0,1,0,0,2,0,1,3,1,0,0,1,2,1,1,0,1
2330,l1,female,50,Budakeszi,Szakorvos ,163,0,2,3,0,1,2,1,1,2,2,4,0,1,315110,1,1,1,0,1,0,0,0,1,1,0,1,0,1,2,3,4,794,3,2,1,1,0,1,0,0,0,1,1,1,3
2331,l0,male,49,Nagykanizsa,Lakatos ,171,3,0,1,1,1,0,1,4,2,7,0,0,0,54722,1,0,0,0,1,0,0,1,0,0,1,1,0,0,2,3,4,316,2,2,1,2,2,0,0,1,1,0,1,1,1
2332,l0,male,36,Budakeszi,asztalos ,172,1,0,3,0,1,1,0,1,2,5,3,0,0,80741,1,0,0,1,0,1,1,0,0,0,4,1,0,4,0,3,0,646,1,0,1,2,2,1,1,1,2,1,1,0,1
2333,l1,male,27,Budakeszi,asztalos ,165,0,0,3,1,1,1,1,1,2,1,1,0,0,92672,0,0,0,1,1,0,0,1,1,0,1,2,0,1,0,0,0,0,2,3,1,2,1,0,1,1,2,0,1,0,1
2334,l0,male,41,Nagykanizsa,asztalos ,165,4,1,1,1,1,1,1,1,2,1,1,0,0,123745,0,0,0,0,0,1,1,1,1,0,1,1,0,0,2,0,0,0,2,3,1,1,1,1,0,1,2,1,1,1,0
2335,l0,male,27,Nagybajcs,asztalos ,165,0,2,4,1,1,1,1,2,3,1,4,0,1,337581,1,0,0,0,0,0,0,0,0,0,1,1,0,0,2,0,0,0,2,1,0,1,0,1,1,2,2,0,1,0,1
2336,l0,female,32,Budakeszi,Szakorvos ,158,4,0,1,1,1,2,0,2,2,1,0,0,0,28843,0,0,1,0,1,1,1,1,1,1,5,3,1,4,2,0,0,331,2,1,1,2,1,1,1,1,0,0,1,1,0
2337,l1,male,36,Nagykanizsa,Szakorvos ,171,2,0,2,1,1,1,0,1,2,2,1,0,0,132463,0,0,0,0,0,0,0,1,1,0,1,2,0,1,4,0,1,0,1,1,0,1,2,0,1,2,0,2,1,1,3
2338,l1,male,53,Nagykanizsa,Lakatos ,166,1,0,4,1,1,1,1,1,2,2,1,0,0,0,1,0,0,0,1,0,0,1,0,0,5,1,0,4,0,0,3,4572,1,1,1,3,2,1,0,0,2,1,0,0,2
2339,l1,male,59,Nagykanizsa,asztalos ,164,2,0,3,0,1,1,1,2,0,0,0,1,1,596494,1,0,1,0,1,0,0,1,1,1,4,1,0,1,1,0,3,319,0,2,1,3,1,1,0,1,2,1,1,1,3
2340,l1,female,25,Budakeszi,Szakorvos ,176,4,0,4,1,1,1,1,1,3,2,0,0,1,41713,1,1,0,0,1,0,1,1,1,1,0,0,1,4,2,0,1,380,3,1,1,2,2,1,0,1,2,1,1,0,3
2341,l1,male,34,Nagykanizsa,asztalos ,160,3,0,3,0,1,1,1,2,3,0,0,0,1,66428,1,0,1,1,1,0,1,1,1,1,1,0,0,4,0,1,0,179,3,1,1,2,0,0,0,0,1,1,0,0,1
2342,l0,male,50,Nagykanizsa,asztalos ,186,3,0,1,1,1,1,1,0,2,2,1,0,1,504284,0,0,1,0,1,1,0,1,1,1,2,1,0,1,0,2,0,5968,2,0,1,2,0,1,0,1,0,1,0,0,4
2343,l0,male,39,Budakeszi,Lakatos ,165,3,0,2,1,1,1,1,2,3,1,0,0,0,158392,1,1,1,0,0,0,1,1,1,1,0,1,0,1,0,0,1,0,3,1,1,1,1,0,1,1,0,1,1,1,3
2344,l1,female,37,Budakeszi,Lakatos ,166,4,0,0,1,1,1,1,7,2,2,0,0,0,40586,1,1,0,0,1,1,0,1,1,0,5,1,0,1,4,0,0,0,3,0,1,3,1,1,0,1,0,0,1,1,1
2345,l1,male,26,Nagykanizsa,Szakorvos ,176,3,2,4,1,1,1,1,2,3,4,1,0,1,350254,1,0,0,0,1,0,1,1,1,1,1,1,0,1,0,0,0,425,2,1,1,2,1,1,1,0,0,0,1,1,1
2346,l1,male,58,Budakeszi,Szakorvos ,164,4,2,4,1,1,2,1,1,3,1,0,0,0,0,1,0,0,0,1,0,1,1,1,1,5,1,0,4,2,1,3,0,2,1,1,2,1,0,0,2,2,2,1,0,1
2347,l1,male,45,Nagykanizsa,Lakatos ,168,0,0,3,1,1,2,1,1,2,2,0,0,1,221028,0,0,1,0,1,0,0,1,0,0,5,2,0,1,0,0,0,381,2,1,1,3,2,0,0,1,0,1,0,0,4
2348,l1,male,52,Nagykanizsa,asztalos ,168,0,0,3,1,1,1,1,1,3,2,1,0,0,132376,1,0,1,0,1,0,1,1,1,1,5,1,1,1,2,3,0,254,3,3,1,3,2,1,1,1,0,0,1,1,3
2349,l1,female,46,Budakeszi,Szakorvos ,195,1,0,2,1,1,1,1,1,1,2,0,0,0,0,0,0,0,0,1,1,0,0,1,0,3,3,0,1,3,0,0,133,3,1,1,3,2,1,1,1,0,1,1,0,1
2350,l1,male,56,Budakeszi,Lakatos ,166,4,0,4,1,1,1,1,1,2,0,0,0,1,509685,1,0,0,0,0,1,0,0,1,1,0,2,0,1,0,0,0,102,3,2,1,1,2,0,1,1,0,0,1,0,2
2351,l0,male,42,Budakeszi,asztalos ,184,0,0,3,0,1,1,1,1,3,0,0,0,1,187701,0,0,0,0,1,1,1,1,1,1,0,1,0,3,2,0,1,0,2,1,1,3,2,1,0,1,2,0,1,0,1
2352,l1,male,47,Nagykanizsa,Lakatos ,164,0,1,4,1,1,2,1,4,2,2,4,0,0,156796,1,1,0,1,0,1,0,1,1,1,1,2,0,0,0,4,4,62477,2,0,1,0,0,1,1,2,2,1,1,1,1
2353,l1,female,36,Nagykanizsa,Szakorvos ,197,3,0,2,1,1,2,1,3,2,3,1,0,0,263063,1,0,0,1,1,1,0,1,0,0,0,1,0,1,0,0,3,3441,2,1,1,1,2,1,1,2,2,0,1,1,1
2354,l1,male,33,Nagykanizsa,Szakorvos ,169,3,0,3,1,1,1,1,2,3,6,4,0,0,442142,1,1,0,0,0,0,0,1,1,0,0,0,0,0,0,0,0,0,3,1,1,1,2,0,0,1,2,0,1,0,2
2355,l1,female,41,Nagybajcs,Szakorvos ,181,1,0,3,1,1,1,1,1,3,4,4,0,0,139516,1,0,1,0,0,1,0,1,1,1,1,2,1,4,2,0,3,0,2,1,1,1,1,1,0,1,0,1,1,0,3
2356,l1,male,31,Budakeszi,Szakorvos ,172,4,0,3,1,1,2,0,3,2,1,0,0,1,179177,0,0,0,0,1,0,1,1,1,1,3,0,0,0,0,0,4,242,1,1,1,1,2,0,0,1,1,0,1,1,4
2357,l1,female,48,Nagykanizsa,Szakorvos ,165,0,0,3,1,1,1,1,1,3,1,0,0,0,0,1,0,1,0,1,0,0,0,1,0,1,1,0,3,2,3,3,761,1,1,0,2,0,0,0,1,1,1,1,0,4
2358,l1,male,43,Nagybajcs,Lakatos ,167,1,1,1,1,1,1,1,1,2,5,1,0,0,162479,1,0,0,1,1,0,0,1,1,0,5,1,0,0,4,0,3,577,2,1,1,2,2,0,0,1,2,0,1,0,1
2359,l1,male,46,Budakeszi,Szakorvos ,160,0,2,4,1,1,1,1,0,1,7,4,0,0,0,0,0,0,0,1,0,1,1,0,0,0,1,0,1,2,0,0,0,2,0,1,1,2,1,0,2,1,2,1,0,0
2360,l0,male,38,Nagykanizsa,asztalos ,158,4,0,3,1,1,2,1,1,3,5,4,0,1,535224,1,1,1,0,1,1,0,1,1,0,5,1,0,4,2,0,1,347,2,1,1,1,1,0,0,1,1,0,1,1,2
2361,l1,male,52,Budakeszi,asztalos ,163,0,0,3,1,1,1,1,3,0,1,1,0,0,0,0,0,0,0,1,0,1,1,1,1,5,1,0,1,0,0,0,0,2,1,1,3,2,0,0,1,2,0,1,1,1
2362,l1,female,27,Nagybajcs,Szakorvos ,173,0,0,2,0,1,1,1,1,2,1,4,0,1,0,1,0,0,1,1,1,1,1,1,0,1,1,0,1,0,1,4,218,2,3,1,3,3,1,0,2,2,0,0,0,2
2363,l1,male,64,Nagykanizsa,Szakorvos ,164,4,2,3,0,1,1,1,0,2,3,1,0,0,0,1,0,0,1,0,0,0,1,1,0,0,1,0,1,2,3,4,13793,2,3,1,0,1,0,0,2,2,1,1,1,2
2364,l0,male,44,Budakeszi,Lakatos ,164,0,0,1,1,1,1,1,1,2,3,0,0,0,249677,0,0,0,0,1,0,0,1,0,0,2,2,0,4,2,0,0,251,3,0,1,2,0,0,0,1,0,0,1,0,0
2365,l0,male,46,Nagykanizsa,Lakatos ,165,3,0,1,0,1,1,1,2,3,2,1,0,0,126479,0,0,0,0,1,1,1,1,1,1,1,0,0,1,2,2,3,240,1,1,1,1,2,1,0,1,0,1,1,1,1
2366,l0,female,25,Nagykanizsa,asztalos ,175,0,0,3,1,1,1,1,2,2,6,4,0,0,378722,1,0,1,1,1,0,0,1,1,0,1,0,0,1,2,0,0,0,2,2,1,2,2,1,1,1,2,0,0,0,1
2367,l1,male,26,Budakeszi,Szakorvos ,173,3,0,4,0,1,1,1,0,0,0,0,0,1,489829,0,0,1,0,0,0,1,1,1,0,4,1,1,1,0,0,3,0,3,2,1,1,0,1,1,1,2,1,0,0,4
2368,l1,male,59,Nagykanizsa,Lakatos ,178,4,0,4,0,1,2,1,1,2,1,0,0,1,228860,1,0,0,0,1,1,1,1,1,1,5,1,1,1,0,0,1,289,2,3,1,3,2,0,0,1,0,1,1,0,2
2369,l0,male,49,Nagykanizsa,Lakatos ,174,0,2,1,1,1,1,1,2,2,1,1,0,1,158550,1,1,0,0,1,0,0,1,0,0,0,1,0,1,2,0,3,61,3,3,0,0,2,0,0,1,0,0,0,0,4
2370,l0,female,35,Nagybajcs,Lakatos ,165,0,0,3,1,1,2,1,1,2,1,0,0,1,59237,0,0,1,0,1,0,0,0,1,1,0,1,0,1,0,1,3,512,2,1,1,2,1,0,0,1,0,1,0,0,2
2371,l0,male,55,Nagybajcs,asztalos ,166,0,0,3,1,1,2,1,1,2,2,1,0,1,0,1,0,1,0,1,0,0,1,0,0,3,1,0,4,2,0,0,176,2,1,1,3,2,0,0,1,2,0,0,0,1
2372,l0,male,64,Nagykanizsa,asztalos ,162,3,0,3,1,1,1,1,2,2,2,1,0,1,0,1,1,0,0,1,1,0,1,1,1,5,0,1,1,2,1,4,0,3,3,1,1,0,0,0,1,0,1,1,0,1
2373,l1,male,38,Nagykanizsa,asztalos ,160,4,0,3,0,1,1,1,1,3,0,0,0,1,114455,0,0,1,0,1,1,0,0,1,0,3,1,0,1,0,0,3,0,2,2,1,2,2,1,1,2,2,0,1,1,3
2374,l1,male,58,Nagykanizsa,asztalos ,163,4,0,3,1,1,1,1,1,0,2,1,0,0,0,0,0,0,1,1,1,1,1,0,0,5,1,0,4,2,0,0,0,1,3,1,3,0,1,1,1,2,0,1,1,2
2375,l1,female,39,Nagybajcs,Szakorvos ,165,1,0,3,1,1,3,1,2,3,3,1,0,0,227003,0,0,1,0,1,0,0,1,1,1,4,1,1,1,0,0,4,55,3,0,1,3,2,0,1,1,2,0,1,1,3
2376,l1,male,34,Budakeszi,asztalos ,165,0,0,3,1,1,1,1,2,2,3,3,0,0,0,0,0,0,1,1,1,1,1,1,1,1,2,0,0,0,1,4,69,2,3,1,2,1,1,1,1,2,1,1,1,1
2377,l0,male,51,Nagykanizsa,asztalos ,164,3,2,3,1,1,2,1,1,3,3,1,0,0,0,0,0,0,0,1,1,1,1,1,1,0,1,0,1,0,2,4,6941,1,3,1,1,2,1,1,1,0,1,1,0,1
2378,l1,female,61,Budakeszi,Szakorvos ,159,3,0,3,1,1,1,1,1,3,0,0,0,1,0,0,0,0,1,1,1,0,1,1,0,3,2,0,1,1,0,0,0,2,3,1,1,0,1,1,2,2,1,1,1,1
2379,l0,male,59,Nagykanizsa,asztalos ,165,4,0,1,0,1,1,1,3,3,0,4,0,0,256593,1,1,1,0,1,0,0,1,0,0,3,3,1,1,0,0,0,0,3,3,1,1,2,0,0,1,2,1,1,0,2
2380,l1,male,29,Nagykanizsa,Lakatos ,164,3,0,1,0,1,1,1,2,2,2,1,0,0,165498,1,0,0,0,1,1,0,1,1,1,1,0,0,4,4,3,4,753,1,0,1,1,1,0,1,1,2,1,1,0,3
2381,l0,female,49,Budakeszi,Lakatos ,164,0,0,3,0,1,1,1,1,0,4,4,0,1,598049,1,1,1,0,1,0,0,1,1,0,1,1,1,1,0,2,4,3522,3,0,1,3,2,0,0,0,0,1,0,0,3
2382,l1,male,44,Nagybajcs,Lakatos ,162,4,0,1,1,1,1,1,2,3,0,0,0,0,89874,1,0,0,0,0,0,1,1,1,0,1,1,0,4,0,0,3,367,2,1,1,1,2,1,1,2,2,0,0,0,1
2383,l1,female,40,Budakeszi,Lakatos ,171,4,0,2,0,1,1,1,2,3,3,1,0,1,219344,1,0,0,0,1,0,0,1,1,0,2,1,0,1,0,0,0,0,1,0,1,2,1,1,0,1,0,0,1,1,4
2384,l1,female,35,Nagykanizsa,Lakatos ,180,0,0,2,0,1,1,1,3,2,0,0,0,0,0,0,0,1,0,0,1,0,0,1,0,0,0,1,1,2,1,4,257,1,0,0,1,2,1,0,1,2,0,0,0,1
2385,l1,male,60,Nagykanizsa,Lakatos ,170,2,0,4,1,1,1,1,5,3,1,1,0,1,0,1,1,0,1,0,1,0,0,1,0,1,0,0,1,0,0,3,457,3,2,1,1,2,1,0,1,0,0,1,0,2
2386,l1,male,25,Nagybajcs,Szakorvos ,168,3,0,2,1,1,2,1,1,2,2,1,0,1,242661,0,0,1,0,1,0,1,1,0,0,1,1,0,3,0,0,0,0,2,0,1,1,2,1,1,0,0,0,1,1,4
2387,l1,female,35,Budakeszi,Szakorvos ,177,0,0,2,0,1,2,0,4,2,1,0,0,0,99582,1,0,1,1,1,0,0,1,0,1,3,1,1,1,0,0,3,244,3,3,1,1,2,1,1,2,2,1,0,0,1
2388,l0,male,58,Nagykanizsa,asztalos ,159,3,0,3,1,1,2,1,1,2,10,4,0,0,79597,1,0,0,0,1,1,0,0,1,0,2,1,0,1,2,0,1,294,1,0,1,3,2,0,0,2,0,1,1,1,3
2389,l1,female,54,Nagykanizsa,Szakorvos ,178,0,0,4,0,1,2,1,1,0,2,1,0,0,420735,1,0,1,1,1,0,0,1,0,0,0,2,0,1,0,1,3,418,1,0,0,1,1,1,0,1,0,1,1,1,1
2390,l1,female,59,Nagybajcs,Szakorvos ,173,0,2,2,0,1,1,1,0,3,11,4,1,0,223690,1,0,1,0,1,1,0,1,0,0,4,0,0,1,2,0,4,374,1,1,1,2,1,1,1,1,2,0,0,0,1
2391,l1,male,43,Nagybajcs,Szakorvos ,173,3,0,3,0,1,1,1,1,3,1,0,0,0,339462,0,0,0,0,0,0,1,1,1,1,5,1,0,1,2,0,3,0,3,3,1,1,2,1,1,0,2,1,1,0,0
2392,l1,male,57,Nagykanizsa,Lakatos ,164,0,0,4,1,1,1,1,1,2,3,1,0,1,0,0,0,1,0,1,0,0,0,1,1,0,1,0,1,2,0,0,394,3,0,1,1,2,0,1,1,0,1,0,0,3
2393,l1,female,57,Budakeszi,Szakorvos ,184,3,0,3,1,1,1,1,1,2,1,0,0,0,0,1,0,0,0,1,0,0,0,1,1,2,0,0,4,0,0,3,0,2,1,1,1,2,1,1,2,2,1,1,1,1
2394,l0,female,29,Nagykanizsa,Szakorvos ,199,0,0,3,0,1,2,1,1,2,2,0,0,0,0,1,0,0,0,1,0,1,1,1,0,2,1,0,1,2,3,3,418,2,1,1,2,2,1,0,1,2,1,0,0,0
2395,l1,male,51,Budakeszi,Szakorvos ,186,0,2,4,1,1,1,1,1,3,1,0,0,1,235149,0,0,1,0,1,1,0,1,1,1,1,0,0,1,0,0,0,0,2,0,1,1,2,1,1,1,0,0,1,1,2
2396,l0,male,56,Nagykanizsa,asztalos ,168,0,0,3,0,1,1,1,2,2,1,0,0,0,134137,1,0,0,0,1,0,1,1,1,1,1,0,0,1,0,0,0,0,2,1,1,1,1,0,0,1,0,1,1,1,4
2397,l1,male,50,Budakeszi,Szakorvos ,181,3,0,4,1,1,2,1,1,2,1,0,0,0,35560,1,0,0,1,1,0,0,0,1,1,3,0,0,1,2,0,4,0,2,1,1,3,1,0,1,0,0,0,1,1,1
2398,l1,female,38,Nagykanizsa,Szakorvos ,169,1,0,4,1,1,1,1,2,2,4,4,0,0,132128,1,0,0,0,1,0,0,1,1,0,5,0,0,1,0,1,0,114,2,3,1,1,0,0,0,2,0,1,1,0,3
2399,l1,female,29,Nagybajcs,Lakatos ,167,3,0,4,1,1,1,1,2,2,1,0,0,0,0,1,0,0,0,1,1,0,1,0,0,5,3,0,1,0,2,4,348,2,3,1,1,2,0,0,0,0,0,1,0,1
2400,l0,male,60,Nagykanizsa,Lakatos ,160,3,0,3,1,1,1,1,2,3,0,0,0,0,46034,1,0,1,0,1,0,0,1,1,1,4,0,0,1,0,1,4,5328,2,1,1,1,0,1,1,1,1,1,1,1,2
2401,l1,male,33,Nagykanizsa,Szakorvos ,161,0,0,4,0,1,1,1,1,0,3,1,0,1,0,1,0,1,1,1,1,0,1,1,1,1,0,0,1,2,0,4,0,3,3,1,3,2,1,1,1,0,1,0,0,1
2402,l0,male,31,Budakeszi,Lakatos ,171,4,0,2,1,1,1,1,3,2,0,0,0,1,275627,1,0,0,0,1,0,0,1,1,0,1,0,0,1,2,0,1,599,2,0,1,3,2,0,0,1,2,0,1,1,3
2403,l1,male,48,Budakeszi,Szakorvos ,167,3,2,3,1,1,2,1,1,2,1,4,0,0,77431,1,0,1,1,1,0,0,0,1,1,0,1,0,0,2,0,0,46,3,2,1,1,1,1,1,1,0,1,0,1,3
2404,l1,female,48,Nagykanizsa,Szakorvos ,188,3,0,4,0,1,1,1,1,2,0,0,0,0,0,1,0,0,0,1,0,1,0,1,1,5,0,0,4,2,0,3,574,2,1,1,2,0,1,0,1,0,0,0,0,1
2405,l0,male,56,Budakeszi,asztalos ,171,0,1,3,1,1,1,1,1,3,2,1,0,0,0,1,1,1,0,1,1,1,1,1,0,1,0,0,4,0,0,2,306,2,1,1,3,0,0,1,1,1,0,1,0,3
2406,l1,male,53,Nagykanizsa,asztalos ,165,4,0,2,1,1,2,1,1,2,2,1,0,1,348781,0,0,0,0,1,1,1,1,1,0,5,0,0,4,0,0,3,0,2,1,1,1,2,0,0,1,0,1,1,1,1
2407,l1,male,58,Nagykanizsa,Lakatos ,171,3,2,3,1,1,2,1,1,3,1,4,0,0,86475,1,0,0,0,1,1,1,1,1,0,0,1,0,4,2,4,1,4532,2,1,1,1,2,0,0,1,0,1,0,0,0
2408,l0,female,25,Nagykanizsa,Szakorvos ,179,0,0,2,1,1,1,1,2,2,4,0,0,1,0,0,0,0,0,0,0,1,0,0,0,5,1,0,1,2,0,2,193,3,1,1,1,2,1,1,1,0,0,0,0,1
2409,l1,female,35,Budakeszi,Szakorvos ,182,3,0,3,0,1,1,1,0,1,0,0,0,1,267736,1,0,1,0,1,0,0,1,1,0,1,1,0,1,2,0,3,579,2,1,0,1,1,0,0,1,2,0,1,1,0
2410,l0,male,51,Budakeszi,Lakatos ,155,0,0,3,0,1,1,1,2,2,5,1,0,1,62840,1,0,0,0,1,0,1,0,1,1,0,1,1,4,1,0,2,309,2,3,1,3,2,0,1,0,0,0,1,1,2
2411,l1,male,27,Nagybajcs,Lakatos ,168,3,0,3,0,1,1,1,2,2,0,0,0,0,78371,1,1,0,0,1,0,0,0,0,0,5,1,0,1,2,3,4,163,2,1,1,3,2,1,0,1,0,1,1,1,1
2412,l1,female,54,Nagykanizsa,Szakorvos ,176,3,0,2,1,1,1,1,9,2,4,0,0,0,35519,0,0,0,0,1,0,0,1,1,1,2,1,0,3,1,4,4,5693,2,1,1,1,2,0,0,2,2,1,0,0,1
2413,l0,female,47,Nagykanizsa,Szakorvos ,179,0,0,2,0,1,1,1,1,2,7,4,0,0,16146688,1,0,1,0,1,0,0,1,1,1,1,0,0,1,2,0,0,326,2,0,1,2,0,0,1,0,2,0,0,0,4
2414,l1,female,25,Nagykanizsa,Lakatos ,185,4,0,3,1,1,1,1,9,2,0,0,0,0,0,1,1,0,1,1,0,1,1,0,0,1,0,1,1,1,0,4,181,2,0,1,1,0,1,1,2,2,1,1,0,2
2415,l0,male,47,Nagykanizsa,asztalos ,166,4,0,3,0,1,1,1,1,2,1,0,0,1,379215,0,0,0,0,1,0,0,1,0,0,2,1,0,1,2,0,0,3537,1,0,1,1,2,0,0,2,0,1,1,1,1
2416,l1,male,36,Nagykanizsa,Lakatos ,165,3,0,4,0,1,1,1,4,2,0,1,0,1,55427,1,0,0,0,1,1,1,1,1,1,4,1,1,1,2,3,4,696,3,3,1,3,0,1,0,1,0,1,1,0,1
2417,l1,female,52,Nagybajcs,Lakatos ,187,4,0,1,1,1,1,1,3,2,0,0,0,1,230103,1,0,1,1,1,0,0,1,1,0,1,2,0,1,2,1,4,124,2,1,1,1,2,1,1,2,2,1,1,1,3
2418,l0,male,48,Budakeszi,Lakatos ,168,1,0,3,0,1,1,1,1,2,1,0,0,0,45772,1,0,0,1,1,1,1,1,1,1,5,1,0,1,0,0,0,262,1,2,1,1,2,0,0,2,2,1,1,0,1
2419,l1,male,28,Budakeszi,Szakorvos ,154,0,0,3,1,1,1,1,1,2,0,0,0,0,0,1,0,0,0,0,0,1,1,0,0,1,1,1,0,2,0,3,0,3,3,1,2,0,1,1,0,0,0,1,1,2
2420,l1,male,49,Nagykanizsa,Szakorvos ,161,0,1,3,1,1,2,1,2,2,2,1,0,1,251482,1,0,1,0,1,1,0,1,0,0,1,1,0,3,4,0,1,0,1,0,1,1,2,1,1,2,2,0,1,1,1
2421,l1,male,39,Nagykanizsa,Lakatos ,179,0,0,1,0,1,2,1,2,2,5,4,0,0,0,1,0,0,0,1,0,1,0,1,1,0,0,0,0,2,0,0,0,3,3,1,1,2,1,1,0,0,0,1,1,2
2422,l0,male,47,Nagybajcs,asztalos ,169,2,0,1,1,1,1,1,0,0,3,1,0,0,0,1,0,0,0,1,0,0,0,1,0,1,2,0,1,2,0,3,62,0,0,1,1,1,1,1,1,0,1,1,1,1
2423,l0,male,60,Nagykanizsa,Lakatos ,186,3,2,3,1,1,1,1,1,3,0,0,0,0,164589,1,0,0,0,0,1,0,1,1,1,1,1,0,1,0,0,1,466,3,1,1,3,1,0,0,1,0,0,1,1,1
2424,l1,female,53,Nagykanizsa,Szakorvos ,166,1,0,2,0,1,1,1,1,2,2,1,0,1,0,1,0,1,0,1,1,1,1,1,0,5,1,0,1,0,1,2,641,0,1,1,1,2,0,0,0,0,1,1,1,3
2425,l1,male,30,Nagykanizsa,Lakatos ,169,0,0,3,0,1,1,1,2,3,1,0,0,1,380563,1,0,1,0,1,0,1,1,0,0,4,1,0,4,0,0,3,395,3,0,1,3,1,0,0,0,0,0,1,0,4
2426,l1,male,27,Budakeszi,Szakorvos ,180,4,0,3,1,1,1,0,2,2,2,0,0,0,0,0,0,1,1,1,1,0,1,1,1,1,3,0,1,0,0,0,456,1,0,1,3,2,0,1,1,2,0,0,1,3
2427,l0,female,25,Nagykanizsa,Szakorvos ,175,3,0,3,1,1,1,1,1,0,0,0,0,1,298032,1,1,1,0,1,1,0,1,1,0,5,1,0,1,2,0,0,0,2,1,1,3,2,0,0,1,2,1,0,1,3
2428,l1,male,40,Nagybajcs,Lakatos ,170,4,0,1,1,1,1,1,4,2,5,0,0,0,0,0,0,0,0,0,1,0,1,1,0,0,1,0,1,2,0,1,2983,2,0,0,2,2,1,1,1,2,0,1,1,1
2429,l1,male,47,Budakeszi,Szakorvos ,167,0,2,3,1,1,1,0,1,0,2,1,0,1,41697,1,0,1,0,1,0,0,1,1,1,2,1,0,0,1,0,0,591,2,0,1,3,2,0,0,1,2,0,1,1,4
2430,l1,female,40,Budakeszi,Szakorvos ,163,4,0,4,1,1,1,1,4,3,2,4,0,1,0,1,0,0,1,1,1,0,1,0,0,1,1,0,1,1,1,3,390,3,3,1,1,1,1,1,2,2,1,1,1,3
2431,l0,male,63,Nagykanizsa,Lakatos ,170,0,0,1,0,1,1,1,1,3,0,4,0,0,10741469,1,1,1,0,1,0,1,0,1,1,1,1,0,1,0,0,4,151,3,1,1,2,2,1,0,2,2,1,1,1,1
2432,l1,male,48,Budakeszi,asztalos ,181,0,2,3,1,1,2,1,1,3,3,1,0,0,405318,1,0,0,0,1,1,1,0,1,1,1,1,0,4,0,0,0,96,2,0,1,0,2,0,0,1,0,0,1,0,4
2433,l0,male,28,Budakeszi,asztalos ,170,4,0,1,1,1,1,1,1,3,1,0,0,0,0,0,0,0,0,1,1,1,1,0,0,5,1,0,1,2,3,3,332,2,1,1,2,0,0,0,1,2,0,1,1,0
2434,l0,male,26,Nagykanizsa,asztalos ,162,0,2,3,1,1,1,1,1,3,1,1,0,0,84646,1,1,0,0,0,1,1,1,1,1,1,3,0,1,0,0,0,232,3,1,1,1,1,0,0,0,2,0,0,0,1
2435,l1,male,30,Nagykanizsa,Lakatos ,174,4,0,3,1,1,2,1,3,2,1,1,0,0,0,1,0,0,1,1,0,0,0,1,0,3,1,0,1,2,0,4,425,1,1,1,1,0,1,1,2,2,1,1,1,1
2436,l1,female,35,Nagykanizsa,Szakorvos ,187,4,0,2,1,1,1,1,3,0,6,1,0,0,0,1,0,0,1,1,0,0,1,1,1,0,0,0,3,3,0,3,517,3,1,1,1,2,1,1,2,2,0,1,1,1
2437,l0,male,37,Nagykanizsa,asztalos ,158,2,0,3,0,1,1,1,2,2,3,4,0,1,20369,1,0,0,0,1,0,0,1,0,0,1,1,0,3,0,3,3,7446,2,0,1,3,2,0,0,1,2,1,1,0,1
2438,l1,female,38,Nagykanizsa,Szakorvos ,178,0,0,2,1,1,1,1,1,3,10,4,0,0,579900,1,0,0,0,0,1,0,1,1,1,1,2,0,4,0,0,4,648,3,0,1,0,2,0,0,1,1,1,0,0,0
2439,l1,female,46,Nagybajcs,Lakatos ,169,0,0,1,1,1,1,1,2,3,6,0,0,0,13161517,0,0,1,0,1,1,0,0,1,1,3,0,0,3,2,0,0,68,2,3,1,1,2,0,0,1,0,0,1,0,1
2440,l1,male,43,Nagykanizsa,asztalos ,160,3,2,3,1,1,1,1,3,3,3,1,0,1,335815,0,0,1,0,1,0,0,1,1,0,1,1,0,4,2,0,4,0,2,3,1,3,0,0,0,1,2,1,1,1,0
2441,l0,male,26,Nagykanizsa,asztalos ,163,4,0,3,1,1,1,1,1,2,6,4,0,1,103194,1,0,0,1,1,0,0,1,1,1,0,1,0,1,2,0,3,0,3,3,1,3,2,1,0,2,2,0,1,0,2
2442,l1,female,40,Nagykanizsa,Szakorvos ,173,0,0,2,1,1,1,1,0,2,2,4,0,1,0,0,0,0,0,1,0,1,1,1,1,1,2,0,0,2,2,3,234,2,0,1,3,0,1,1,2,2,1,1,1,1
2443,l1,male,61,Budakeszi,asztalos ,173,1,0,3,1,1,2,1,1,3,0,0,0,1,414945,1,0,1,0,1,0,0,1,1,1,5,2,0,1,2,0,0,221,3,1,1,3,1,1,1,1,0,0,1,1,3
2444,l0,male,33,Budakeszi,asztalos ,168,3,0,1,1,1,1,0,3,0,4,1,0,0,0,1,0,0,0,0,0,0,1,0,0,5,1,0,4,0,0,0,0,3,1,1,1,1,1,1,1,0,0,1,0,2
2445,l0,female,29,Budakeszi,asztalos ,172,4,0,3,0,0,0,1,2,3,7,4,0,1,0,1,0,1,0,0,0,0,1,1,1,1,1,0,0,2,0,1,33265,1,2,0,2,1,0,1,1,0,0,0,0,0
2446,l0,male,25,Budakeszi,asztalos ,178,3,0,3,0,1,1,1,3,2,1,0,0,0,0,0,0,0,0,1,1,1,1,1,0,3,0,1,1,0,0,0,229,2,3,1,2,1,1,1,0,0,1,1,1,0
2447,l1,male,47,Budakeszi,Lakatos ,166,1,0,3,1,1,2,1,1,2,3,1,0,0,165480,1,0,0,0,1,1,1,1,1,0,2,1,0,4,2,2,3,826,1,1,1,1,2,1,1,1,0,0,1,1,1
2448,l0,female,38,Nagykanizsa,Szakorvos ,179,0,0,3,1,1,1,1,2,2,5,4,0,0,279362,1,0,0,0,1,0,0,1,1,1,5,0,0,1,2,0,1,563,3,1,1,3,0,1,1,2,2,0,0,0,1
2449,l0,male,51,Nagykanizsa,asztalos ,148,4,0,3,1,1,2,0,1,2,9,4,0,1,0,0,0,0,0,0,0,1,1,1,0,0,2,0,1,1,0,0,0,2,1,1,1,1,0,0,0,0,0,0,0,1
2450,l1,female,53,Nagybajcs,Szakorvos ,176,3,0,3,0,1,1,1,2,2,2,1,0,0,0,1,0,1,0,1,1,0,1,0,0,4,1,0,1,2,0,3,299,3,1,1,3,2,0,1,0,0,0,0,0,1
2451,l0,male,54,Budakeszi,Lakatos ,182,4,0,3,0,1,1,1,1,2,3,0,0,0,0,0,0,0,0,0,0,1,1,1,0,0,1,0,2,2,0,0,599,3,3,1,1,2,0,0,1,0,1,0,0,1
2452,l0,male,28,Nagykanizsa,Szakorvos ,165,3,1,4,1,1,2,1,2,2,0,0,0,1,427021,1,0,1,0,0,1,0,1,1,0,0,0,0,0,2,0,1,33,2,0,1,1,1,1,0,1,2,1,0,0,3
2453,l1,male,63,Nagykanizsa,asztalos ,156,3,0,3,1,1,1,1,1,2,0,0,0,0,0,1,0,0,1,1,0,0,1,1,1,1,1,0,4,0,0,1,0,3,3,1,1,2,1,1,1,2,0,1,0,2
2454,l1,female,42,Nagykanizsa,Szakorvos ,188,2,0,4,0,1,1,1,1,2,0,0,0,0,0,1,0,0,0,1,1,1,1,1,1,5,1,0,0,0,3,4,5507,2,0,1,3,2,1,0,1,2,0,0,0,4
2455,l1,male,60,Nagybajcs,Lakatos ,157,4,0,4,1,1,2,1,1,2,3,1,0,0,0,1,0,0,0,1,1,0,1,1,0,5,0,0,0,2,0,1,0,2,0,1,3,2,0,1,0,0,0,0,0,1
2456,l0,male,33,Budakeszi,asztalos ,172,0,2,3,1,1,1,1,1,2,3,1,0,1,0,0,0,1,0,1,0,0,1,1,0,3,0,0,0,2,0,0,336,2,0,0,1,2,1,0,1,2,0,0,0,1
2457,l1,male,52,Nagykanizsa,asztalos ,151,0,0,3,0,1,1,1,3,1,1,0,0,1,305236,1,0,1,0,1,1,0,1,1,1,0,1,0,1,1,1,1,0,1,0,1,2,2,0,0,0,0,1,1,1,3
2458,l0,male,48,Budakeszi,Lakatos ,180,3,0,1,0,1,1,0,2,2,2,0,0,1,419826,0,0,1,0,0,1,1,1,1,0,1,1,0,0,2,0,1,293,2,1,1,1,1,1,0,0,0,1,0,0,1
2459,l1,male,30,Budakeszi,asztalos ,178,2,0,1,1,1,1,1,2,2,0,0,0,0,193746,0,0,1,1,1,1,1,1,1,0,0,2,1,1,0,0,0,0,1,3,1,1,1,0,1,2,2,1,1,0,3
2460,l0,female,27,Nagykanizsa,Lakatos ,158,4,0,3,0,1,1,1,1,2,0,0,0,0,387446,0,0,1,0,1,0,0,1,1,1,1,0,0,1,1,1,3,383,2,0,1,2,0,1,1,2,1,1,0,0,1
2461,l0,male,34,Nagykanizsa,asztalos ,170,1,0,3,1,1,2,0,2,2,1,4,0,0,0,1,0,0,0,1,0,1,1,1,1,5,1,0,1,2,0,3,56,2,0,1,1,2,0,0,0,0,2,1,0,1
2462,l0,male,39,Nagykanizsa,asztalos ,176,0,0,3,1,1,1,1,2,3,1,0,0,0,170611,0,1,0,1,1,1,1,1,1,1,1,1,0,1,0,3,3,528,2,1,1,2,0,1,1,1,0,1,1,0,2
2463,l0,female,27,Budakeszi,Lakatos ,175,4,0,2,1,1,1,1,0,1,0,4,0,0,0,1,0,0,0,1,0,1,1,0,1,3,2,0,0,2,0,4,807,2,1,1,1,2,0,0,1,2,0,1,0,1
2464,l0,male,26,Nagykanizsa,asztalos ,174,1,0,3,0,1,1,1,1,3,9,4,0,0,38770,1,0,0,0,1,0,0,1,0,0,3,0,0,1,2,0,3,138,1,3,1,1,2,1,1,1,2,1,1,1,1
2465,l1,male,31,Nagykanizsa,Lakatos ,157,1,1,3,0,1,3,1,1,3,2,1,0,1,756515,0,1,1,0,0,0,0,0,1,1,1,1,0,4,0,0,0,697,0,1,1,1,2,0,1,1,2,1,1,0,4
2466,l1,male,63,Budakeszi,asztalos ,161,3,2,4,0,1,1,1,1,3,0,0,0,1,493588,1,1,0,0,1,0,1,0,1,0,2,1,0,1,2,0,0,894,2,1,1,1,2,1,0,1,2,1,1,0,3
2467,l1,male,55,Budakeszi,Szakorvos ,174,4,0,3,1,1,1,1,1,2,1,0,0,0,0,0,0,0,0,0,0,0,1,0,0,1,3,0,1,2,0,3,117,2,3,1,2,1,0,0,1,0,1,1,0,1
2468,l1,male,63,Nagykanizsa,Lakatos ,177,0,0,4,1,1,1,1,6,0,0,0,0,0,168283,1,0,1,0,0,0,0,1,1,0,0,1,0,4,2,1,1,6145,2,3,1,1,1,0,0,0,0,0,1,0,3
2469,l1,female,33,Nagykanizsa,Lakatos ,170,0,0,3,1,1,1,1,2,2,2,0,0,0,133469,0,0,0,0,1,0,0,1,0,0,3,1,0,1,2,3,0,493,2,3,1,3,2,1,0,0,0,1,1,0,1
2470,l0,male,60,Nagykanizsa,asztalos ,172,1,0,3,1,1,1,1,2,3,0,0,0,0,0,0,0,0,1,0,0,0,0,1,0,0,2,0,1,0,4,4,465,2,0,0,2,1,1,1,1,0,1,1,1,1
2471,l1,male,44,Nagybajcs,Lakatos ,182,3,0,2,1,1,2,1,2,2,0,0,0,1,0,1,1,1,0,0,0,1,1,1,0,0,1,0,4,2,0,3,38,1,3,1,1,2,0,0,0,0,0,1,1,1
2472,l1,female,53,Budakeszi,Szakorvos ,182,3,0,3,0,1,1,1,2,3,0,0,0,1,58168,0,0,1,0,1,0,0,1,1,1,5,2,0,0,4,3,1,795,3,2,1,3,1,0,0,0,0,0,0,0,3
2473,l1,female,43,Budakeszi,Szakorvos ,189,0,0,3,1,1,1,1,0,1,0,0,0,0,136459,1,0,0,0,0,1,0,1,1,0,0,2,0,4,2,0,0,177,3,3,1,3,2,0,0,1,0,1,1,0,0
2474,l0,male,41,Budakeszi,asztalos ,163,4,2,1,0,1,1,1,1,3,6,1,0,0,0,1,0,0,0,1,1,1,1,1,1,5,1,0,1,0,0,3,0,1,1,1,3,1,0,0,1,0,0,1,1,1
2475,l1,female,27,Nagykanizsa,Szakorvos ,179,1,0,2,1,1,1,0,4,2,0,0,0,1,183448,0,0,1,0,1,0,1,1,1,0,5,1,0,0,0,0,0,0,2,1,1,3,2,1,0,1,0,0,1,0,3
2476,l0,male,34,Budakeszi,asztalos ,178,3,0,3,1,1,1,1,1,2,7,4,0,0,0,1,0,0,0,1,0,0,1,1,0,4,1,0,1,4,0,4,13927,3,0,1,3,2,0,0,0,0,0,0,0,1
2477,l0,male,27,Budakeszi,asztalos ,162,3,2,3,1,1,1,1,3,3,3,1,0,1,231102,0,0,0,0,1,1,0,1,1,1,0,1,0,1,0,0,3,228,3,3,1,1,0,0,0,1,2,1,1,0,1
2478,l1,male,51,Nagykanizsa,asztalos ,170,4,0,3,1,1,2,1,2,3,2,0,0,0,116194,1,0,0,0,1,1,0,1,1,0,0,0,0,1,2,1,4,320,3,3,1,3,2,1,0,0,0,0,1,1,1
2479,l0,male,25,Budakeszi,Lakatos ,156,4,0,3,1,1,1,1,1,2,2,1,0,0,0,0,0,0,0,1,1,0,0,1,0,1,2,0,0,2,0,0,224,2,0,1,1,2,0,0,1,0,1,0,0,1
2480,l0,male,43,Nagykanizsa,asztalos ,166,3,0,3,1,1,2,1,2,3,2,1,0,1,0,1,0,1,0,1,1,1,1,1,1,1,0,0,1,0,0,0,0,1,1,1,2,2,0,0,1,0,1,0,0,1
2481,l0,male,35,Nagybajcs,asztalos ,157,4,1,2,1,1,2,1,1,3,0,0,0,0,0,0,0,0,0,1,0,1,0,0,0,1,1,0,4,0,1,4,781,2,3,1,2,2,1,1,1,2,1,1,0,1
2482,l1,female,41,Nagykanizsa,Szakorvos ,171,1,0,3,1,1,1,1,3,1,3,4,0,1,199341,1,0,0,0,1,0,1,1,0,0,2,2,0,1,1,0,2,284,2,0,1,3,2,0,0,0,0,1,0,0,1
2483,l1,male,57,Nagykanizsa,Szakorvos ,175,3,0,3,1,1,1,1,0,2,4,0,0,1,40109,1,0,0,0,1,1,0,1,0,0,4,2,0,1,0,3,4,8357,2,0,1,1,2,1,0,1,0,0,1,0,3
2484,l1,female,50,Nagykanizsa,Szakorvos ,184,4,0,2,1,1,1,1,1,2,0,0,0,1,286748,1,1,1,0,1,0,1,1,0,0,3,0,0,1,2,0,3,58478,1,1,1,3,1,1,1,1,2,0,1,1,2
2485,l1,male,31,Nagykanizsa,Lakatos ,163,3,0,4,1,1,2,1,1,3,1,0,0,0,85,1,1,0,0,0,0,0,1,1,0,0,2,0,1,0,1,3,7438,2,2,0,1,2,0,0,1,0,0,1,1,3
2486,l0,female,35,Nagykanizsa,Lakatos ,174,4,0,1,1,1,1,1,2,2,6,4,0,0,0,1,0,0,1,1,1,0,0,0,0,3,1,1,1,2,0,0,574,3,3,1,3,1,1,1,1,2,0,0,0,1
2487,l0,male,32,Nagykanizsa,Lakatos ,160,3,0,3,0,1,1,1,1,0,1,1,0,1,0,1,1,0,0,1,0,0,1,0,0,5,0,0,1,2,0,0,128,3,3,1,3,2,1,1,1,0,1,0,0,0
2488,l1,male,44,Nagykanizsa,Lakatos ,174,3,0,4,1,1,1,1,1,2,3,1,0,0,341362,0,0,0,1,1,0,1,1,1,0,0,1,0,0,0,0,1,358,3,3,1,1,1,0,0,1,2,0,1,1,1
2489,l0,female,61,Budakeszi,asztalos ,165,0,0,2,0,0,1,1,0,3,6,0,1,1,270194,0,0,0,0,1,0,0,1,1,0,5,1,0,1,1,4,4,326,1,0,1,3,2,0,1,1,2,1,1,0,4
2490,l1,male,49,Budakeszi,Szakorvos ,191,3,2,4,1,1,1,1,1,2,0,0,0,0,0,1,0,0,0,0,1,1,0,1,0,1,1,0,1,0,0,4,0,2,2,1,1,2,1,1,1,0,1,0,0,3
2491,l0,female,27,Nagybajcs,Lakatos ,177,0,0,2,0,1,1,1,1,3,3,4,0,1,184585,1,0,0,1,1,1,0,1,1,0,3,1,0,3,0,0,3,429,1,1,1,2,2,1,0,2,0,0,0,0,3
2492,l1,male,61,Nagykanizsa,Lakatos ,167,4,1,3,1,1,1,1,2,0,1,1,0,1,532060,1,0,0,0,1,1,0,1,1,0,5,0,0,1,0,1,3,6028,2,3,1,3,2,1,1,1,0,0,1,1,1
2493,l0,male,31,Nagybajcs,Lakatos ,177,0,2,3,1,1,1,1,1,2,2,1,0,0,341494,0,0,1,0,0,0,1,1,1,0,0,3,0,0,0,0,3,202,3,3,1,3,2,0,1,2,1,0,0,0,1
2494,l0,male,30,Nagykanizsa,asztalos ,163,1,0,1,1,1,1,1,1,3,2,1,0,0,0,1,0,1,0,1,1,0,1,1,0,5,1,0,0,0,0,1,322,3,3,1,3,2,0,0,1,2,0,0,0,1
2495,l0,male,40,Nagykanizsa,Lakatos ,169,1,0,3,1,1,2,1,1,2,1,1,0,0,102837,1,0,0,0,1,0,1,1,1,1,1,1,0,1,1,3,3,850,3,1,1,3,2,1,0,1,0,1,1,1,0
2496,l1,male,62,Nagykanizsa,Lakatos ,167,3,1,4,1,1,1,1,3,2,10,1,0,1,0,1,0,0,1,1,1,0,1,0,0,1,1,0,0,0,0,0,138,0,2,1,0,2,1,1,1,2,0,1,1,1
2497,l1,male,38,Budakeszi,asztalos ,165,4,2,3,1,1,1,1,2,2,2,1,0,0,0,1,0,0,1,0,0,1,0,0,0,1,1,1,1,2,1,0,1059,3,3,1,1,2,1,0,2,2,0,0,0,1
2498,l0,male,60,Nagykanizsa,asztalos ,170,0,0,3,0,1,1,1,1,2,2,1,0,1,260413,1,0,1,0,0,1,0,0,1,1,1,1,0,4,0,0,0,198,2,1,1,2,2,0,0,1,0,1,1,0,3
2499,l0,female,26,Nagykanizsa,asztalos ,173,0,0,3,1,1,1,1,1,3,2,1,0,0,0,0,0,0,0,1,0,0,1,1,1,3,0,0,1,2,0,4,0,1,0,1,3,0,0,0,2,2,0,1,0,2
2500,l1,male,62,Budakeszi,Szakorvos ,183,3,0,2,1,1,1,1,1,3,0,0,0,0,330452,1,0,0,0,1,0,1,1,0,0,5,1,0,1,2,0,2,396,3,1,1,1,1,0,0,1,0,0,1,0,1
2501,l1,male,58,Nagykanizsa,Lakatos ,162,4,2,4,1,1,1,1,3,2,2,1,0,1,198285,1,0,0,1,1,0,0,1,0,0,5,2,0,1,2,0,0,317,1,0,1,1,2,0,0,0,2,0,1,0,1
2502,l0,male,50,Nagykanizsa,Lakatos ,173,4,0,2,1,1,1,1,1,2,3,4,0,0,0,0,0,1,0,1,0,0,1,1,0,2,1,0,1,0,0,1,586,2,1,1,3,0,1,0,0,0,0,1,0,1
2503,l1,male,51,Nagykanizsa,Szakorvos ,164,0,0,3,1,1,1,1,1,2,5,4,0,1,160689,1,0,0,0,1,1,0,1,0,0,1,2,0,1,0,0,4,471,2,1,1,3,0,1,0,0,0,0,1,0,1
2504,l0,male,28,Budakeszi,asztalos ,161,3,0,3,0,0,0,0,6,2,3,4,0,0,287629,0,1,0,0,1,0,1,1,1,1,1,1,0,1,0,0,0,697,2,3,1,1,2,1,1,1,0,1,0,0,0
2505,l1,male,28,Budakeszi,Szakorvos ,165,0,0,4,1,1,1,1,2,2,3,1,0,1,0,1,0,0,0,1,1,1,1,0,0,1,1,0,1,2,0,3,329,3,0,1,2,0,0,0,0,0,1,1,0,1
2506,l1,male,55,Nagykanizsa,Lakatos ,159,1,0,3,1,1,1,1,2,2,2,1,0,1,312058,1,0,1,0,1,0,0,1,1,1,2,0,0,1,2,1,4,60000,2,1,1,0,1,0,1,1,1,1,1,0,4
2507,l0,male,62,Budakeszi,Lakatos ,154,4,2,1,0,1,1,1,2,2,2,0,0,1,104372,1,0,1,0,1,0,0,1,1,0,1,1,1,1,2,0,4,149,2,3,1,2,1,0,0,1,1,0,1,1,1
2508,l1,male,55,Nagybajcs,Szakorvos ,171,3,0,4,1,1,1,1,1,0,6,4,0,1,52811,1,0,0,0,1,0,0,1,1,1,1,0,0,1,1,0,0,0,2,0,1,1,2,1,1,1,2,0,1,1,1
2509,l0,male,38,Budakeszi,Lakatos ,162,3,0,1,1,1,1,1,2,3,2,1,0,1,118100,1,0,0,1,1,0,0,1,1,1,4,1,0,4,2,0,0,0,2,3,1,1,2,1,1,1,2,1,1,1,1
2510,l1,female,55,Budakeszi,Szakorvos ,179,4,0,2,0,1,1,1,1,3,3,1,0,1,0,1,0,1,0,1,0,0,1,1,1,1,1,0,0,0,0,0,111,2,2,1,1,0,0,0,0,2,1,1,0,1
2511,l1,female,64,Nagykanizsa,Lakatos ,174,0,0,2,1,1,1,1,0,3,0,0,0,0,22350,1,0,0,0,1,0,0,1,1,1,5,1,1,3,2,0,0,102,2,1,1,1,0,1,1,1,1,0,1,0,3
2512,l1,male,54,Nagykanizsa,asztalos ,165,0,0,3,1,1,1,1,1,3,2,1,0,1,270174,1,0,1,0,1,0,1,1,1,0,5,1,1,3,2,0,3,0,2,1,1,2,2,1,1,1,0,0,1,1,1
2513,l0,male,46,Budakeszi,Lakatos ,155,4,0,1,1,1,2,1,2,3,0,0,0,1,0,1,1,0,0,1,1,0,1,1,0,3,1,0,1,0,0,3,400,2,2,1,2,2,1,1,1,2,2,0,1,1
2514,l1,male,62,Nagykanizsa,Szakorvos ,166,3,0,1,1,1,0,1,3,3,5,4,0,0,128236,1,0,1,0,0,1,0,1,1,1,1,1,0,0,0,0,1,0,2,2,1,2,2,1,0,2,2,2,1,1,2
2515,l0,male,56,Nagykanizsa,asztalos ,169,3,0,3,1,1,1,1,1,2,1,0,0,1,416306,0,0,0,0,1,1,0,1,1,1,5,0,1,1,0,3,0,514,3,2,1,3,2,0,0,0,0,0,1,0,3
2516,l1,male,51,Budakeszi,Lakatos ,180,0,0,4,1,1,1,1,1,2,6,4,0,1,0,1,0,1,0,1,0,0,0,0,0,1,1,0,1,0,1,1,0,3,3,1,1,0,1,0,0,0,1,1,0,1
2517,l1,female,30,Budakeszi,Szakorvos ,183,3,2,4,1,1,1,1,1,0,0,0,0,1,0,1,0,0,0,0,0,0,1,1,1,0,0,0,1,1,2,2,0,2,1,1,1,0,1,0,2,2,1,1,1,0
2518,l0,male,64,Nagybajcs,asztalos ,173,3,0,3,1,1,1,1,1,2,2,1,0,1,230848,1,0,0,0,1,0,1,1,1,1,5,1,0,4,2,0,0,0,3,3,0,3,1,0,0,2,1,0,1,1,0
2519,l0,male,31,Nagykanizsa,asztalos ,190,3,2,3,0,1,1,1,1,3,1,4,0,1,135970,1,0,0,1,0,0,0,1,1,1,0,0,1,1,2,1,3,31,2,3,1,1,2,1,1,2,2,1,1,0,3
2520,l0,male,63,Nagykanizsa,asztalos ,170,3,0,3,1,1,2,1,2,3,2,1,0,1,0,1,0,1,1,1,0,0,0,1,1,0,0,0,1,0,0,0,164,3,1,1,1,1,1,1,2,2,1,1,1,3
2521,l1,male,35,Budakeszi,Szakorvos ,183,3,0,4,1,1,1,1,3,2,1,0,0,0,113946,1,0,0,0,1,1,0,1,1,0,1,1,0,1,1,0,3,0,3,3,1,1,0,0,0,0,0,0,0,0,1
2522,l1,female,36,Budakeszi,Lakatos ,150,3,2,3,1,1,1,1,3,1,2,1,0,0,178043,1,0,1,0,1,1,0,1,1,1,5,0,0,1,0,3,4,3767,2,0,1,3,0,1,1,1,2,1,0,0,2
2523,l0,male,27,Nagybajcs,Lakatos ,166,1,2,1,0,1,1,0,3,3,0,4,0,1,0,1,0,1,0,1,0,0,1,0,0,2,0,0,1,2,0,3,332,2,0,1,1,2,1,0,1,0,0,1,0,1
2524,l0,male,40,Nagykanizsa,Lakatos ,163,1,1,3,1,1,1,1,1,3,1,0,0,1,13480693,1,0,1,0,1,1,0,1,1,1,2,1,0,4,0,0,0,332,3,3,1,2,2,1,1,1,0,0,1,1,4
2525,l1,female,49,Budakeszi,asztalos ,170,0,0,4,1,1,1,1,1,0,2,1,0,0,243210,1,0,0,0,1,0,0,1,1,0,4,1,0,1,2,2,4,6005,2,1,1,1,2,0,0,2,0,1,0,1,1
2526,l0,male,50,Budakeszi,asztalos ,165,3,0,3,0,1,1,1,1,2,0,1,0,0,0,1,1,1,1,0,1,0,0,0,1,1,0,0,1,1,0,3,223,3,1,1,1,2,1,1,1,2,0,0,0,2
2527,l1,male,51,Nagykanizsa,Szakorvos ,168,4,0,4,1,1,1,1,1,2,0,0,0,0,209164,1,0,1,0,1,1,0,1,0,0,2,3,0,0,2,1,3,712,0,1,1,3,2,0,0,1,0,1,1,1,1
2528,l0,male,62,Budakeszi,asztalos ,171,3,0,4,1,1,2,0,2,3,0,0,0,0,67895,1,0,0,0,1,0,0,0,1,0,0,0,0,0,0,1,3,152,2,3,1,2,1,0,1,1,0,0,0,1,2
2529,l0,male,45,Budakeszi,Lakatos ,156,3,0,3,1,1,1,1,2,2,7,4,0,1,509757,1,0,0,0,1,0,1,1,0,0,1,0,0,1,2,4,3,0,3,1,1,1,2,1,0,2,2,1,1,0,3
2530,l0,male,56,Nagykanizsa,asztalos ,159,0,0,3,1,1,1,1,1,2,0,0,0,0,42297,0,1,1,0,1,0,1,1,1,1,2,1,0,4,2,3,4,113,1,1,1,1,0,0,0,1,0,1,0,1,0
2531,l0,male,54,Budakeszi,Lakatos ,158,4,1,3,0,1,1,1,2,2,2,1,0,0,386940,1,0,0,0,0,0,0,1,1,0,5,1,0,1,2,0,1,627,2,2,1,3,2,0,0,0,0,1,1,0,1
2532,l1,male,32,Nagykanizsa,Lakatos ,162,0,0,4,1,1,1,1,1,2,0,0,0,0,0,1,1,0,0,0,0,1,1,1,1,0,2,0,1,0,3,3,692,1,1,1,0,0,0,0,1,0,0,1,0,2
2533,l1,male,47,Budakeszi,Lakatos ,163,3,0,4,0,1,1,1,5,3,1,0,0,0,0,0,0,0,0,1,0,0,1,0,0,1,1,0,1,0,0,0,0,3,0,1,1,2,0,0,2,2,1,1,1,0
2534,l1,female,33,Nagykanizsa,Szakorvos ,166,1,0,2,0,1,1,1,4,0,5,0,0,1,388126,1,0,1,1,1,0,0,0,1,0,5,1,0,1,0,0,0,0,1,1,1,3,0,1,1,1,2,1,1,0,3
2535,l0,male,49,Nagykanizsa,asztalos ,176,2,0,1,0,1,1,1,2,2,0,0,0,1,76743,1,0,1,0,1,0,0,1,1,1,5,2,0,1,0,1,4,719,3,1,1,3,0,1,0,1,0,1,1,1,1
2536,l0,male,40,Nagykanizsa,Lakatos ,177,4,0,1,0,1,1,1,1,2,1,0,0,0,0,0,0,1,0,1,0,1,1,0,0,0,1,0,1,4,0,4,7873,0,1,0,1,2,1,0,1,0,1,1,1,2
2537,l0,male,33,Budakeszi,Lakatos ,162,3,0,1,1,1,1,0,2,3,0,0,0,1,78635,1,0,0,0,1,1,1,1,1,0,1,0,0,0,2,0,3,236,3,1,1,1,2,0,0,1,0,1,1,1,4
2538,l1,female,45,Nagybajcs,Szakorvos ,197,4,2,4,0,1,1,1,1,2,5,4,0,0,0,0,0,0,1,1,1,1,1,1,0,0,1,0,1,2,0,1,0,2,0,1,2,2,1,0,2,2,0,1,1,3
2539,l0,male,33,Budakeszi,Lakatos ,170,4,0,1,1,1,1,1,2,2,2,0,0,0,0,0,0,0,0,1,0,0,1,0,0,1,0,0,1,2,0,3,183,2,2,1,1,1,1,0,1,2,1,0,0,1
2540,l1,female,37,Budakeszi,Szakorvos ,168,3,0,2,1,1,1,1,1,3,0,0,0,1,248919,1,1,0,0,1,1,0,1,1,0,0,0,0,3,2,0,0,250,1,0,1,2,2,0,0,1,1,0,0,0,2
2541,l0,male,35,Nagykanizsa,Szakorvos ,175,3,0,3,1,1,2,1,1,0,3,1,0,1,132235,0,1,0,0,1,1,1,1,1,1,2,1,1,1,0,0,3,239,2,1,1,1,1,0,0,1,1,1,1,0,1
2542,l1,male,46,Nagykanizsa,Szakorvos ,177,4,0,2,1,1,1,1,1,0,0,0,0,1,0,0,0,0,0,1,0,0,0,1,0,5,1,0,0,0,0,0,122,2,3,1,2,0,1,0,1,2,0,1,0,3
2543,l1,male,35,Budakeszi,Lakatos ,170,0,0,3,0,1,1,1,2,0,1,0,0,1,389495,1,1,1,1,1,0,0,1,0,0,4,1,0,1,0,0,4,31,2,0,1,3,2,1,0,2,2,0,1,0,1
2544,l0,male,36,Budakeszi,asztalos ,162,0,0,1,1,1,1,1,2,3,8,0,0,1,65928,1,1,0,0,1,0,0,1,1,0,3,1,0,1,0,0,0,40,2,3,1,3,2,1,1,1,0,1,0,0,2
2545,l1,male,47,Budakeszi,Lakatos ,170,4,0,3,1,1,2,0,2,2,1,1,0,0,244740,0,0,0,0,1,0,1,1,1,1,1,3,0,1,2,0,3,246,2,0,1,1,1,1,1,1,0,0,0,0,1
2546,l0,male,61,Budakeszi,asztalos ,180,4,0,3,0,1,2,1,0,2,1,1,0,1,437715,1,1,1,0,1,1,1,0,1,0,1,1,0,0,2,0,4,171,3,3,1,1,2,0,0,0,0,1,0,1,1
2547,l1,female,63,Budakeszi,Szakorvos ,170,4,2,4,0,1,1,1,1,2,3,4,0,0,0,1,0,0,0,1,0,1,1,1,0,5,1,0,4,0,0,3,388,2,2,1,1,2,1,1,2,2,1,0,0,1
2548,l1,male,38,Nagykanizsa,Lakatos ,178,0,2,4,0,1,1,1,1,2,7,0,0,0,175540,0,0,0,1,1,1,1,1,1,0,1,1,0,1,0,0,3,293,2,0,1,3,1,1,1,2,2,0,0,0,1
2549,l0,male,27,Budakeszi,asztalos ,160,4,2,1,0,1,1,1,0,0,0,0,0,0,0,1,1,0,0,0,1,0,1,1,1,5,1,0,1,0,0,2,300,2,3,1,1,1,1,1,2,1,0,0,0,1
2550,l1,male,43,Nagybajcs,Lakatos ,168,1,0,2,1,1,1,1,3,2,1,0,0,0,0,1,0,1,0,1,1,1,0,1,0,5,1,0,3,2,0,0,132,2,1,1,3,2,0,1,2,2,0,0,0,4
2551,l0,male,55,Budakeszi,Lakatos ,171,3,0,3,0,1,1,1,1,3,1,3,0,0,149143,0,0,0,0,1,0,1,1,1,1,3,1,0,0,0,0,0,95,1,1,1,1,1,1,1,2,0,0,1,1,1
2552,l1,female,46,Nagykanizsa,Szakorvos ,160,0,0,4,1,1,1,0,3,2,0,0,0,1,90713,0,0,1,0,1,0,0,1,1,1,1,1,0,4,2,0,0,0,1,1,1,1,1,0,0,1,0,2,1,1,1
2553,l1,male,61,Nagykanizsa,Szakorvos ,166,4,0,3,1,1,2,1,2,3,0,0,0,1,101505,1,0,0,0,0,1,0,1,1,1,0,3,0,1,1,0,3,357,2,2,1,1,2,1,0,1,2,2,0,0,1
2554,l0,male,60,Nagykanizsa,Lakatos ,169,4,2,3,1,1,1,1,1,2,0,0,0,1,257696,0,0,1,0,1,0,0,1,1,0,1,1,0,1,0,1,0,69,2,1,1,2,0,1,1,1,0,0,0,0,1
2555,l1,female,30,Nagykanizsa,Lakatos ,157,3,0,2,1,1,0,1,14,3,5,4,0,1,64473,0,0,0,0,1,1,0,1,1,1,1,0,0,0,0,0,0,0,2,1,1,2,2,1,0,1,2,1,1,1,1
2556,l0,male,41,Budakeszi,asztalos ,167,4,0,0,0,1,2,1,3,2,1,1,0,0,199373,1,0,0,0,1,1,1,1,1,1,5,2,1,0,0,0,3,393,3,3,1,1,2,1,1,0,0,0,1,1,1
2557,l1,female,29,Nagykanizsa,Szakorvos ,170,3,1,3,1,1,1,1,1,2,3,1,0,1,435456,1,1,0,0,0,0,0,1,1,0,0,1,0,3,0,3,4,5348,3,0,1,3,2,0,0,1,1,1,1,1,1
2558,l1,female,57,Budakeszi,Lakatos ,164,3,0,4,0,1,1,1,2,3,4,4,0,0,315065,0,0,1,1,1,0,0,0,0,0,1,3,0,1,0,0,0,188,3,1,1,2,3,1,0,2,0,1,1,0,3
2559,l1,male,49,Budakeszi,Szakorvos ,173,0,0,4,1,1,1,1,1,2,0,0,0,1,11767,1,0,0,0,1,0,0,1,1,1,1,1,0,1,0,0,4,169,2,1,1,1,2,1,0,0,0,1,0,0,1
2560,l1,male,52,Budakeszi,Lakatos ,161,4,2,3,1,1,1,1,2,2,5,4,0,0,324112,0,0,1,0,1,0,0,1,1,1,5,0,0,3,2,0,1,545,1,1,1,1,1,1,0,1,1,1,0,0,1
2561,l0,male,27,Nagybajcs,asztalos ,152,0,2,4,0,1,1,1,1,0,1,1,0,1,0,0,0,0,0,1,1,0,1,1,0,2,1,1,1,2,0,0,432,2,3,1,3,1,1,0,1,1,1,0,0,1
2562,l0,male,41,Nagybajcs,asztalos ,163,3,2,3,0,1,1,1,2,0,4,1,0,0,221819,1,1,1,0,1,1,1,1,1,1,3,2,0,1,0,4,3,269,3,2,1,1,2,1,0,1,0,0,1,1,1
2563,l1,male,60,Budakeszi,asztalos ,162,0,0,3,1,1,1,1,1,3,2,1,0,1,0,1,0,0,1,1,0,1,1,0,1,3,2,0,1,0,0,3,63,1,1,1,3,1,1,0,2,0,0,1,1,2
2564,l1,female,40,Budakeszi,Szakorvos ,177,1,2,2,1,1,1,1,1,3,1,0,0,0,0,1,1,0,1,1,1,0,1,0,0,5,1,0,1,2,0,0,403,2,1,1,3,0,1,1,1,2,1,1,1,4
2565,l0,male,53,Nagykanizsa,asztalos ,168,4,0,3,1,1,1,1,2,0,0,0,0,0,60257,1,0,0,0,1,1,0,1,1,1,5,3,0,1,1,1,3,61,2,1,1,2,1,0,0,1,0,1,1,1,1
2566,l1,male,51,Budakeszi,Lakatos ,186,3,2,3,1,1,1,1,3,1,1,4,0,0,303277,0,0,1,0,0,0,0,1,1,0,1,1,0,1,2,0,1,158,3,1,1,2,2,0,0,2,2,0,1,1,1
2567,l0,male,63,Nagykanizsa,asztalos ,172,0,0,3,0,1,1,1,2,3,4,4,0,0,0,1,1,0,0,0,0,0,0,1,1,1,0,0,3,0,0,0,0,1,0,1,1,2,1,1,0,1,1,1,1,1
2568,l0,male,38,Nagykanizsa,asztalos ,159,3,0,4,1,1,1,1,1,2,1,0,0,0,246248,1,1,1,0,0,1,0,1,1,0,0,1,0,0,0,0,0,0,2,3,1,1,2,1,1,0,1,0,1,1,3
2569,l0,male,41,Budakeszi,Lakatos ,163,4,0,3,1,1,1,1,3,3,0,0,0,0,134249,1,0,1,0,1,0,0,1,1,1,1,1,0,4,0,0,1,232,3,1,1,1,1,1,1,0,1,1,1,1,1
2570,l1,male,56,Budakeszi,Lakatos ,163,0,0,3,1,0,2,1,0,3,2,1,0,1,62289,1,0,0,0,1,0,1,1,1,1,5,0,0,1,2,4,4,8085,2,1,1,1,0,1,0,1,0,1,1,0,1
2571,l1,male,38,Budakeszi,Lakatos ,180,3,0,3,0,1,1,1,1,2,0,0,0,0,752895,1,0,0,0,1,0,0,1,1,0,3,0,0,1,0,0,0,0,1,0,1,3,1,0,0,2,2,0,1,1,1
2572,l0,male,34,Budakeszi,Lakatos ,163,3,0,1,1,1,1,1,2,2,4,1,0,0,158218,1,0,0,0,1,0,1,1,1,1,1,1,0,0,0,4,0,22,1,2,1,2,1,0,0,1,1,0,1,1,1
2573,l0,male,59,Budakeszi,Lakatos ,169,1,0,3,1,1,1,1,1,2,6,4,0,1,421636,1,0,0,1,1,1,1,1,1,0,3,1,0,0,1,0,1,0,1,2,0,1,2,1,0,0,1,2,0,1,1
2574,l0,male,60,Budakeszi,Lakatos ,171,3,2,3,0,1,1,1,7,0,5,1,0,1,592300,1,0,0,0,1,1,0,1,0,0,1,0,0,1,1,0,2,20339,2,3,1,2,2,0,1,2,0,1,1,1,3
2575,l1,female,47,Nagykanizsa,Szakorvos ,177,4,0,2,0,1,1,1,2,2,1,0,0,0,166183,1,0,0,0,1,0,1,0,1,0,0,1,0,1,0,0,3,125,1,1,1,1,1,0,1,1,0,0,0,0,1
2576,l0,male,26,Nagykanizsa,asztalos ,179,4,0,1,1,1,1,1,1,0,0,0,0,1,0,0,1,1,0,1,0,0,1,0,0,0,0,1,1,2,0,0,0,2,3,1,2,0,0,0,1,1,1,1,1,1
2577,l1,male,51,Nagykanizsa,Szakorvos ,169,0,0,4,1,1,1,1,1,2,0,1,0,0,0,1,0,0,0,0,1,0,1,1,1,2,1,0,4,2,0,4,312,2,0,1,2,1,1,0,0,0,1,1,0,3
2578,l0,male,36,Budakeszi,Lakatos ,190,2,0,3,1,1,2,1,3,3,0,1,0,0,252926,1,0,0,0,1,1,1,1,1,1,2,1,0,1,2,3,4,392,2,1,1,1,2,0,0,1,0,0,1,1,1
2579,l1,male,55,Nagybajcs,Szakorvos ,176,4,2,2,1,1,1,1,0,3,3,1,0,1,98135,0,0,1,0,1,1,1,1,1,0,0,1,0,1,2,3,1,6427,1,0,0,1,2,1,0,1,0,0,1,0,1
2580,l0,male,28,Nagykanizsa,Lakatos ,167,0,0,3,1,1,1,1,1,3,3,1,0,1,131573,0,0,0,1,1,1,0,1,0,0,1,2,1,1,0,0,0,606,3,3,1,1,1,1,1,1,0,0,0,0,1
2581,l1,male,29,Budakeszi,asztalos ,162,3,2,3,1,1,1,1,1,3,2,1,0,0,0,0,0,0,0,1,0,0,0,1,1,1,2,0,4,0,0,0,217,3,3,1,2,2,1,1,1,2,0,0,0,1
2582,l1,male,38,Budakeszi,Szakorvos ,175,1,0,3,0,1,1,1,3,3,0,0,0,1,0,1,0,0,0,1,1,0,1,1,0,1,2,0,1,0,1,0,24,3,1,1,2,2,0,0,0,0,1,0,0,2
2583,l0,male,64,Budakeszi,asztalos ,165,0,0,3,0,1,1,1,1,2,1,1,0,1,403909,1,0,1,0,1,0,0,0,1,1,5,3,0,4,0,0,0,205,2,1,1,1,2,1,1,1,2,1,0,0,4
2584,l1,female,25,Nagykanizsa,Lakatos ,169,3,2,4,1,1,1,1,3,0,11,1,0,0,0,1,0,0,0,1,0,0,0,1,0,3,0,1,1,0,0,3,153,2,3,1,3,2,1,1,2,0,0,1,0,3
2585,l1,male,60,Budakeszi,asztalos ,166,4,2,3,1,1,1,1,2,2,3,1,0,1,0,0,1,0,1,0,1,0,1,0,0,0,1,0,1,2,3,3,610,1,0,1,2,0,1,1,2,2,0,0,0,2
2586,l0,female,37,Budakeszi,Szakorvos ,174,1,0,2,1,1,1,0,1,3,0,0,0,0,34703,1,0,0,0,1,1,1,0,0,0,4,1,0,3,2,0,0,277,3,1,1,3,0,0,1,2,2,1,0,0,1
2587,l1,male,41,Nagykanizsa,asztalos ,176,1,0,3,1,1,1,1,2,2,0,1,0,0,338382,1,0,0,0,1,0,0,0,1,1,0,2,0,1,0,3,4,39560,1,0,1,1,1,1,0,1,0,1,1,1,2
2588,l0,male,37,Budakeszi,asztalos ,159,4,0,1,1,1,1,1,1,0,0,0,0,1,593124,0,1,0,0,1,0,0,1,1,1,1,1,0,0,2,0,3,0,3,3,1,2,2,1,1,2,2,0,1,1,1
2589,l0,male,25,Budakeszi,Szakorvos ,165,4,0,3,0,1,1,0,0,2,4,4,0,1,179384,1,0,0,0,1,0,1,1,1,1,5,0,0,1,0,0,3,248,2,2,1,2,1,1,1,2,2,2,1,0,1
2590,l1,male,38,Nagykanizsa,Lakatos ,159,4,0,3,1,1,1,1,2,2,3,1,0,0,11432,1,0,1,1,1,0,0,0,1,1,1,1,0,1,2,0,0,71,3,3,1,1,1,0,0,1,2,1,0,0,0
2591,l1,female,33,Nagybajcs,Lakatos ,166,4,0,3,1,1,1,1,2,2,3,1,0,1,0,1,0,0,0,0,0,0,1,1,0,5,0,1,1,1,0,4,546,1,2,1,3,0,0,0,1,0,0,0,0,1
2592,l0,male,50,Budakeszi,asztalos ,160,0,2,3,1,1,1,1,1,2,2,4,0,0,193549,0,0,0,0,1,1,0,1,1,1,5,2,0,1,0,0,3,57,2,1,1,3,2,0,0,1,1,1,1,0,2
2593,l1,male,38,Budakeszi,Lakatos ,161,3,0,0,0,1,1,1,1,3,1,1,0,1,0,0,0,0,0,1,1,1,0,1,0,4,1,1,0,0,0,2,660,2,1,1,3,0,0,0,1,0,0,1,0,0
2594,l1,female,51,Nagykanizsa,Szakorvos ,198,3,0,2,1,1,1,1,2,3,2,1,0,1,705989,0,0,0,0,1,0,1,1,0,0,5,0,0,1,0,2,3,99,1,3,1,3,2,0,0,1,0,1,1,1,1
2595,l0,female,52,Nagybajcs,asztalos ,170,3,0,2,1,1,1,1,4,3,5,4,0,0,0,0,0,0,0,0,1,0,1,1,0,1,0,0,4,2,3,3,64,2,1,1,0,2,0,0,0,0,1,1,1,1
2596,l1,male,55,Budakeszi,Szakorvos ,160,0,2,3,0,1,2,1,2,3,0,1,0,1,0,1,0,0,1,1,1,0,1,0,0,1,1,0,3,2,1,3,360,2,3,1,2,1,1,1,1,2,1,1,0,1
2597,l0,male,30,Nagykanizsa,Lakatos ,168,4,0,1,1,1,1,1,0,2,3,1,0,0,323634,1,1,1,0,1,1,1,0,1,0,3,1,0,1,1,0,0,1,3,1,1,1,1,1,0,1,0,0,1,1,4
2598,l0,male,60,Nagykanizsa,asztalos ,172,3,0,3,1,1,1,1,2,0,0,0,0,0,290244,1,1,0,0,1,1,0,1,1,1,1,1,0,1,2,1,4,331,2,1,1,2,1,0,0,1,2,1,1,0,2
2599,l0,male,56,Nagykanizsa,asztalos ,173,3,0,3,0,1,1,1,1,2,1,0,0,0,1674,1,0,0,0,1,1,0,1,1,1,1,1,0,1,0,0,0,172,2,0,1,1,1,1,0,1,2,1,0,1,3
2600,l1,male,49,Budakeszi,Szakorvos ,162,4,0,3,0,1,1,1,2,3,0,0,0,0,0,1,0,0,1,0,0,0,1,1,1,0,0,0,1,2,3,3,0,2,1,1,0,0,1,1,1,2,1,1,0,1
2601,l0,male,38,Nagykanizsa,Lakatos ,170,3,1,4,0,1,2,1,0,0,3,1,0,0,226906,1,0,0,0,1,0,0,1,1,0,1,1,0,1,0,0,3,410,2,1,1,1,2,0,0,1,0,1,1,1,1
2602,l0,male,31,Nagybajcs,asztalos ,173,3,0,3,0,1,1,1,2,1,6,4,0,1,53238,0,0,1,0,1,1,1,1,1,0,1,1,0,1,2,4,1,2368,1,0,1,1,2,0,0,1,1,1,1,0,1
2603,l0,male,63,Budakeszi,asztalos ,167,1,0,1,0,1,1,1,1,3,1,0,0,1,253736,1,1,1,0,1,0,0,1,0,0,5,1,0,1,0,3,3,556,1,0,1,0,2,0,0,1,0,0,1,0,4
2604,l1,male,65,Nagykanizsa,Lakatos ,171,4,0,3,1,1,2,1,1,3,0,0,0,1,278283,1,0,1,0,1,0,0,1,1,0,1,2,0,4,0,0,0,44,2,2,1,0,1,0,0,1,2,0,1,0,1
2605,l1,male,34,Nagykanizsa,Lakatos ,156,0,0,3,0,1,1,1,3,3,7,1,0,0,155636,0,1,0,0,1,0,0,1,1,0,2,1,0,1,2,0,0,236,2,3,1,2,0,0,0,1,1,0,1,0,1
2606,l0,female,60,Nagykanizsa,Lakatos ,176,4,0,2,0,1,1,1,1,2,1,0,0,0,0,1,0,1,0,0,1,0,1,1,1,2,1,1,1,2,0,3,0,2,0,1,2,2,1,1,2,0,2,0,0,3
2607,l1,male,59,Nagykanizsa,asztalos ,170,4,0,1,1,1,1,1,1,2,3,1,0,0,232936,1,0,1,1,0,0,0,1,1,1,2,1,0,4,2,0,3,0,2,1,1,1,2,1,0,2,2,0,0,0,2
2608,l0,male,35,Budakeszi,asztalos ,171,3,1,3,1,1,1,1,6,2,0,4,0,0,0,1,0,1,0,1,0,0,0,0,0,3,1,0,0,0,0,1,342,3,2,1,1,2,1,1,2,1,0,1,1,1
2609,l1,female,61,Nagykanizsa,Lakatos ,167,3,0,3,1,1,1,1,1,2,0,0,0,0,105754,1,0,1,0,0,0,1,1,1,1,1,1,0,1,2,0,0,369,3,3,1,1,2,0,0,0,0,1,1,1,2
2610,l1,male,52,Nagykanizsa,asztalos ,158,4,2,3,1,1,1,1,1,3,0,0,0,1,105415,1,0,0,0,1,1,1,1,1,0,1,1,0,0,1,0,0,0,2,0,1,3,1,1,0,0,0,0,1,0,3
2611,l0,male,42,Budakeszi,Szakorvos ,170,0,0,3,0,1,1,1,0,3,0,0,0,1,571956,0,0,0,0,1,0,0,1,1,0,4,0,0,1,1,0,0,0,2,1,0,0,1,0,0,1,0,0,1,1,3
2612,l0,male,47,Nagykanizsa,asztalos ,164,0,0,3,1,1,1,1,3,0,4,1,0,1,94530,1,0,0,0,1,1,0,1,0,0,5,2,0,4,0,0,1,513,3,0,1,1,2,1,0,2,1,1,0,0,1
2613,l0,male,59,Budakeszi,Lakatos ,160,0,0,3,1,1,1,0,1,2,2,1,0,1,400784,1,0,1,0,1,0,0,1,1,1,0,1,0,1,2,4,3,296,2,2,1,1,2,0,0,1,2,1,0,0,3
2614,l1,male,31,Nagykanizsa,Lakatos ,184,2,2,4,0,1,1,0,0,2,0,0,0,0,369546,1,0,1,0,1,0,0,1,1,0,5,2,0,0,0,0,0,176,3,3,1,1,1,1,1,2,2,0,0,0,1
2615,l0,male,61,Budakeszi,asztalos ,164,0,0,3,1,1,1,1,2,3,2,1,0,0,0,1,0,0,0,1,0,1,1,0,0,5,0,0,1,1,0,0,0,2,2,1,2,1,1,1,1,0,0,1,1,1
2616,l1,female,44,Nagykanizsa,Lakatos ,187,0,0,4,1,1,1,1,1,2,0,0,0,0,116811,1,1,0,0,1,1,1,1,1,1,2,1,0,0,2,0,0,307,1,2,1,1,2,0,0,2,2,1,1,0,1
2617,l1,male,45,Budakeszi,Lakatos ,164,4,0,1,1,1,1,1,2,2,2,1,0,0,105468,1,0,1,0,0,0,0,1,1,1,1,1,0,3,0,1,3,343,2,1,0,2,1,0,0,1,2,0,1,0,1
2618,l0,male,61,Budakeszi,asztalos ,179,1,1,3,1,1,1,1,14,2,0,0,0,1,265988,1,0,0,0,1,0,0,1,1,1,3,2,0,3,0,0,0,0,2,1,1,1,0,1,1,1,1,0,0,0,1
2619,l1,female,61,Nagykanizsa,Szakorvos ,170,4,0,2,0,1,1,1,1,2,5,1,0,0,10456,1,1,0,0,1,0,0,1,0,0,0,1,0,1,2,0,1,0,2,0,1,1,1,0,0,1,2,1,1,1,2
2620,l1,female,51,Budakeszi,Szakorvos ,190,4,0,3,1,1,1,1,1,3,2,0,0,0,0,1,0,0,0,1,0,0,1,1,0,1,1,0,3,2,0,0,224,2,2,1,1,2,1,1,1,0,0,1,1,1
2621,l0,male,60,Budakeszi,asztalos ,153,3,1,1,1,1,1,1,1,3,5,4,0,1,0,0,0,0,0,1,0,0,1,1,0,5,1,0,3,0,0,0,0,2,3,1,3,2,0,0,2,0,0,1,0,3
2622,l1,male,57,Nagykanizsa,Lakatos ,163,4,1,2,0,1,1,1,1,0,0,0,0,1,139707,0,0,0,0,1,1,0,0,0,0,3,1,0,1,2,0,0,411,2,1,1,3,2,1,1,2,2,0,1,0,3
2623,l1,female,35,Budakeszi,Szakorvos ,162,4,0,3,1,1,0,0,0,3,1,0,0,0,58148,1,0,0,1,1,1,1,1,1,0,0,1,0,1,2,0,3,543,3,1,1,1,1,1,1,2,2,1,0,0,4
2624,l0,male,62,Nagykanizsa,asztalos ,155,0,2,1,1,1,1,1,2,0,3,1,0,1,490777,1,0,1,0,1,0,0,0,1,1,4,0,0,1,2,0,4,276,3,3,1,1,0,1,1,1,0,1,1,1,2
2625,l1,male,41,Nagykanizsa,Szakorvos ,164,4,0,4,0,1,1,0,1,3,2,1,0,0,144436,0,0,1,0,1,0,1,1,1,1,1,1,0,1,2,0,0,407,2,2,1,1,2,0,0,0,0,2,1,0,1
2626,l0,female,33,Budakeszi,Lakatos ,190,4,2,4,1,1,2,1,1,2,4,4,0,0,0,0,0,0,0,0,0,0,1,1,0,1,2,0,1,0,3,0,24826,2,0,1,1,2,0,0,1,2,1,1,1,1
2627,l0,female,43,Nagybajcs,asztalos ,171,3,0,3,0,1,1,1,0,2,5,4,0,0,0,1,0,0,0,1,0,0,1,1,0,3,0,0,1,2,0,1,162,3,0,1,3,2,0,0,0,0,0,0,0,1
2628,l1,female,25,Nagykanizsa,Szakorvos ,166,0,0,3,0,1,1,1,1,3,1,0,0,1,0,1,0,1,1,1,0,0,1,0,0,1,1,0,4,0,0,0,138,1,0,1,3,1,1,1,1,0,1,1,0,3
2629,l1,female,32,Nagybajcs,asztalos ,194,3,1,4,1,1,1,1,2,2,3,4,0,1,0,1,0,1,0,1,0,0,1,1,0,1,1,0,1,0,1,0,81,2,1,0,1,1,1,1,2,1,0,1,0,1
2630,l0,male,59,Budakeszi,asztalos ,167,1,0,3,1,1,2,1,1,0,2,0,0,1,198221,0,0,0,0,1,0,0,0,1,1,1,1,0,1,2,1,0,456,1,1,1,3,1,1,0,2,0,0,1,0,4
2631,l0,male,47,Nagybajcs,asztalos ,168,3,0,3,1,1,1,1,1,2,2,0,0,1,619530,0,0,0,1,1,1,0,0,1,1,5,1,0,1,2,2,4,389,1,0,1,1,2,1,1,2,2,0,1,1,2
2632,l1,female,28,Nagykanizsa,Szakorvos ,182,4,0,2,1,1,1,1,2,2,0,0,0,0,252966,1,0,0,0,1,1,0,1,0,0,5,1,0,3,0,0,3,711,2,3,1,2,2,0,0,1,0,2,0,1,1
2633,l1,male,41,Nagykanizsa,Szakorvos ,169,3,0,2,0,1,1,1,3,3,6,1,0,1,303831,1,0,1,0,0,0,0,1,1,0,4,0,0,1,0,0,0,0,1,1,0,1,2,1,0,1,0,0,1,0,2
2634,l1,male,63,Nagykanizsa,Lakatos ,163,1,0,3,1,1,2,1,1,2,8,1,0,0,0,0,0,0,1,1,1,0,1,1,1,3,1,0,0,2,3,1,79,1,0,1,3,2,1,1,0,0,0,0,0,1
2635,l1,male,63,Budakeszi,Szakorvos ,163,0,0,3,1,1,1,0,0,2,1,4,0,0,5286,1,0,1,0,1,1,0,1,0,0,2,1,0,1,2,0,1,329,2,0,1,3,2,0,1,1,0,1,1,1,2
2636,l1,male,27,Budakeszi,Lakatos ,169,0,0,3,1,1,1,1,1,3,1,1,0,1,449032,1,0,0,1,1,0,0,1,1,0,3,0,0,1,2,0,3,432,1,0,1,0,2,1,1,2,2,0,1,1,1
2637,l1,female,45,Nagybajcs,Lakatos ,173,3,2,4,1,1,1,1,1,3,3,1,0,0,0,1,0,0,1,0,1,1,1,0,1,0,2,1,4,0,0,0,83,2,1,1,2,1,1,1,1,0,1,1,0,3
2638,l1,female,38,Budakeszi,Szakorvos ,171,3,2,4,0,1,1,1,1,0,2,1,0,1,0,0,0,1,1,0,0,0,1,0,0,1,1,0,1,2,0,0,575,2,1,1,1,2,1,0,2,2,1,0,0,1
2639,l1,male,43,Nagykanizsa,Szakorvos ,171,0,1,4,1,1,2,1,1,3,3,1,0,1,40486,1,0,1,1,1,1,0,1,1,1,5,2,0,4,2,0,4,668,2,3,1,3,1,1,1,1,2,0,0,0,2
2640,l0,male,25,Nagykanizsa,asztalos ,153,0,0,3,0,1,1,1,2,2,1,1,0,0,0,1,0,0,0,1,1,0,1,1,1,5,3,0,4,2,0,0,3907,2,1,1,2,2,1,0,1,0,1,1,1,1
2641,l0,male,25,Nagykanizsa,asztalos ,172,3,0,3,1,1,2,1,1,3,5,1,0,0,0,1,0,1,1,1,1,1,1,1,0,1,0,0,1,0,0,0,341,2,2,1,1,2,1,0,1,0,0,0,1,3
2642,l1,male,46,Nagykanizsa,Lakatos ,173,0,2,3,1,1,1,1,2,0,3,1,0,0,249464,0,0,1,1,1,1,1,1,1,1,0,3,0,1,2,2,4,391,2,3,1,3,2,0,0,0,0,0,0,0,2
2643,l1,male,59,Nagykanizsa,asztalos ,168,4,0,3,0,1,1,1,1,3,1,0,0,0,0,1,0,0,1,1,1,0,1,1,0,5,1,1,1,2,0,1,0,3,3,1,1,2,1,0,2,2,1,0,0,0
2644,l0,male,62,Nagybajcs,asztalos ,172,0,0,3,1,1,1,1,3,2,6,4,0,0,148882,1,0,0,1,1,1,1,0,0,0,5,0,0,0,4,2,1,43185,2,1,1,3,1,1,1,2,2,1,1,1,3
2645,l1,female,25,Budakeszi,Szakorvos ,178,0,2,2,1,1,1,0,2,2,2,1,0,1,0,1,0,0,0,1,0,0,1,1,0,5,0,0,1,0,2,1,596,3,1,0,1,2,1,1,1,2,0,0,0,1
2646,l1,male,25,Nagykanizsa,Lakatos ,174,4,0,3,1,1,2,1,2,2,1,0,0,1,0,1,0,0,0,1,0,0,1,1,0,0,2,0,1,0,0,4,588,3,1,1,3,0,1,0,1,1,0,1,1,3
2647,l0,male,32,Nagykanizsa,asztalos ,163,4,0,3,1,1,1,0,1,3,4,1,0,1,348751,1,1,0,0,1,1,0,1,0,0,5,1,1,1,2,1,3,588,3,3,1,1,2,1,0,0,0,0,1,0,0
2648,l1,male,63,Nagykanizsa,Lakatos ,195,3,0,4,1,1,1,0,1,3,2,1,0,1,0,1,0,1,0,1,0,0,1,1,1,3,0,0,1,1,1,3,584,2,3,1,3,0,0,0,1,2,1,0,0,1
2649,l1,male,33,Budakeszi,asztalos ,186,0,0,3,0,1,1,1,4,3,1,1,0,0,11815,1,0,1,1,0,1,0,0,0,0,3,2,0,4,2,0,3,200,3,1,0,2,2,1,1,2,2,1,0,1,3
2650,l0,male,39,Budakeszi,asztalos ,168,3,2,3,1,1,1,1,1,3,1,1,0,0,0,0,0,0,0,1,1,0,1,1,1,0,1,0,1,2,0,4,51630,2,0,1,2,2,1,0,1,0,0,1,0,2
2651,l1,male,39,Nagykanizsa,Szakorvos ,172,3,0,3,1,1,1,1,1,2,0,0,0,1,5071,1,0,0,0,1,0,1,0,1,0,1,1,0,3,1,0,4,834,3,1,1,2,1,0,0,1,0,1,1,0,1
2652,l0,female,38,Budakeszi,Lakatos ,182,3,0,1,1,1,2,1,2,2,0,0,0,0,0,0,0,0,0,0,0,0,1,1,1,1,0,0,1,2,1,3,371,2,2,1,2,2,0,0,1,0,1,1,0,3
2653,l1,male,27,Budakeszi,Szakorvos ,172,4,0,3,1,1,1,0,2,2,1,2,0,1,148782,1,0,1,1,1,1,1,0,1,0,0,1,0,1,2,0,3,854,2,1,1,1,2,1,1,0,0,0,1,0,4
2654,l1,male,57,Budakeszi,Szakorvos ,166,4,0,3,1,1,2,0,1,0,1,4,0,0,152970,1,0,0,0,0,0,0,1,1,1,1,1,0,0,2,0,4,179,1,1,1,1,2,0,0,2,0,1,0,0,3
2655,l0,male,51,Nagykanizsa,asztalos ,152,4,0,1,1,1,2,1,2,0,2,4,0,0,221467,1,0,1,0,1,0,0,1,0,0,1,0,0,1,2,0,0,185,2,0,0,1,1,1,1,0,0,1,1,1,1
2656,l1,male,44,Nagybajcs,Lakatos ,171,4,2,4,1,1,1,1,1,3,4,1,0,0,0,0,0,0,0,1,0,1,1,0,0,4,2,0,0,0,1,3,6165,2,3,1,1,2,1,0,1,2,0,0,0,1
2657,l1,female,40,Budakeszi,Szakorvos ,179,4,0,3,0,1,1,1,3,2,2,1,0,0,464305,1,0,1,0,0,0,1,1,1,0,3,3,0,1,0,0,3,169,2,3,1,3,2,0,0,1,2,0,1,1,1
2658,l1,male,45,Budakeszi,Szakorvos ,169,0,2,4,0,1,1,1,2,1,0,0,0,0,13275,1,1,0,0,1,0,0,1,1,1,5,1,0,0,0,0,4,470,2,3,1,1,2,1,1,1,0,1,0,0,1
2659,l1,female,61,Nagykanizsa,Szakorvos ,172,3,0,2,1,1,1,1,1,2,3,1,0,0,0,0,0,0,1,1,0,1,1,1,0,1,1,0,0,0,0,3,286,2,1,1,1,2,1,1,1,0,1,1,0,1
2660,l1,male,45,Nagykanizsa,Szakorvos ,159,0,0,3,0,1,1,1,0,2,6,4,0,0,46219,0,0,0,0,1,0,0,1,0,0,1,0,0,0,2,0,1,80,1,1,1,2,2,0,0,0,0,1,1,0,3
2661,l1,male,43,Nagykanizsa,Szakorvos ,168,1,0,2,1,1,1,1,2,2,5,4,0,0,30637,1,0,0,1,1,0,0,1,1,1,3,2,0,4,0,0,0,202,2,1,1,1,0,1,0,1,0,0,1,1,1
2662,l1,female,46,Nagykanizsa,Szakorvos ,172,4,0,2,0,1,1,1,1,3,7,4,0,0,0,1,0,0,0,1,0,0,1,0,0,0,1,0,1,2,4,4,210,1,0,1,2,2,1,0,2,2,1,1,1,1
2663,l1,male,29,Nagykanizsa,Lakatos ,183,0,2,4,1,1,1,1,1,2,3,1,0,1,0,1,0,0,0,1,0,1,1,1,1,5,1,0,3,1,1,4,439,3,1,1,3,1,1,1,1,0,1,1,1,1
2664,l0,male,58,Budakeszi,Lakatos ,167,4,0,1,1,1,1,1,1,2,2,1,0,0,0,0,0,0,0,1,0,1,1,1,0,1,1,0,1,0,0,4,415,2,2,1,1,1,0,0,1,2,0,1,1,0
2665,l0,male,36,Nagybajcs,Lakatos ,174,4,1,3,0,1,1,1,2,2,4,0,0,1,292495,1,0,0,0,0,1,0,1,1,0,0,0,0,1,2,0,0,238,2,1,1,2,2,1,1,2,0,0,0,0,4
2666,l0,male,43,Budakeszi,Lakatos ,168,4,2,3,1,1,1,1,3,2,0,0,0,0,0,0,0,1,0,0,0,0,0,1,1,4,0,1,0,2,0,0,207,3,3,1,3,2,1,0,1,1,1,0,0,1
2667,l0,male,25,Nagykanizsa,asztalos ,189,4,0,3,1,1,2,1,1,3,7,4,0,0,165626,1,0,0,0,0,0,0,1,0,1,3,0,0,1,0,0,0,0,3,1,1,1,1,1,1,1,2,0,0,0,2
2668,l0,male,40,Budakeszi,Lakatos ,178,0,1,3,0,1,1,1,0,0,5,4,0,1,368525,1,0,1,0,1,0,0,0,1,0,2,3,0,1,0,3,0,142,2,3,1,1,2,0,1,1,2,1,0,0,3
2669,l1,female,46,Budakeszi,asztalos ,175,0,0,4,1,1,1,1,1,2,4,4,0,1,14069678,0,0,1,1,1,0,0,1,0,0,3,1,0,1,0,0,0,117,2,1,1,2,2,1,1,2,0,0,0,0,1
2670,l0,female,43,Nagykanizsa,Szakorvos ,165,0,0,2,1,1,1,1,1,2,3,1,0,1,155961,0,0,1,0,0,0,0,1,1,1,1,1,0,4,0,0,0,630,3,3,1,2,1,0,0,1,0,0,1,1,0
2671,l0,female,25,Nagykanizsa,asztalos ,170,0,0,3,1,1,1,0,2,2,7,1,0,1,530337,0,0,0,1,1,0,0,0,1,1,0,0,0,0,2,0,3,41,3,2,1,1,2,1,1,2,2,1,0,0,4
2672,l1,male,55,Nagykanizsa,Szakorvos ,162,3,0,4,1,1,1,1,2,2,4,4,0,1,167187,0,0,1,0,1,1,0,1,0,0,1,1,0,1,4,0,3,177,2,0,1,1,1,0,0,1,1,1,0,0,3
2673,l1,male,36,Nagykanizsa,Szakorvos ,174,3,0,4,1,1,1,1,1,3,18,4,0,0,309484,1,1,0,0,1,1,0,1,1,0,4,2,0,1,0,0,0,324,2,0,1,1,2,0,0,1,0,0,1,1,0
2674,l1,male,60,Nagykanizsa,Lakatos ,165,3,0,4,1,1,1,1,1,2,3,1,0,1,230087,0,0,1,1,1,1,1,1,1,1,1,0,0,1,0,0,0,126,2,0,1,3,2,1,1,1,2,0,1,1,1
2675,l1,male,45,Nagykanizsa,asztalos ,173,1,0,3,0,1,1,1,2,0,2,1,0,0,44541,1,1,0,0,1,0,0,0,1,1,4,2,0,4,0,1,1,27420,1,3,1,3,2,1,0,0,0,0,1,0,0
2676,l0,female,35,Nagykanizsa,asztalos ,177,4,0,3,1,1,1,1,1,3,1,0,0,0,152335,1,0,0,0,1,0,0,1,0,0,5,2,0,4,0,0,0,560,2,0,0,1,1,0,0,2,2,1,0,0,2
2677,l1,male,47,Nagykanizsa,asztalos ,160,3,2,3,1,1,2,0,1,0,5,4,0,0,0,0,0,0,1,1,0,0,1,1,0,1,2,0,1,2,0,0,94,2,1,1,1,2,1,1,2,2,1,1,0,0
2678,l0,male,54,Budakeszi,asztalos ,158,3,1,1,1,1,1,1,1,0,0,1,0,0,86591,1,0,0,0,1,0,0,1,0,0,1,0,0,1,2,1,4,0,2,2,1,1,2,0,0,1,2,1,0,0,1
2679,l0,male,32,Nagykanizsa,asztalos ,174,4,0,1,1,1,2,1,1,3,1,1,0,1,434216,0,0,0,0,1,0,0,1,1,1,1,2,1,0,2,0,3,0,3,2,1,1,2,1,0,1,2,1,1,1,1
2680,l0,female,36,Budakeszi,Lakatos ,165,1,0,2,1,1,1,1,2,2,5,0,0,1,0,1,0,1,1,1,0,0,1,1,1,3,1,0,1,0,1,3,253,1,1,1,3,2,1,1,2,2,1,0,0,1
2681,l1,male,39,Nagykanizsa,Szakorvos ,170,4,0,3,1,1,1,1,1,0,2,1,0,0,0,1,0,1,0,1,0,0,1,0,0,0,2,0,3,0,0,4,637,3,1,1,2,1,1,1,2,2,1,0,0,3
2682,l0,female,49,Nagykanizsa,asztalos ,175,0,0,2,0,1,1,1,1,2,3,1,0,1,308352,0,0,1,1,1,0,0,1,1,0,1,1,0,1,0,0,0,0,2,2,1,3,2,1,1,2,1,0,0,0,1
2683,l0,male,54,Budakeszi,Lakatos ,173,4,2,4,0,1,1,1,1,0,0,0,0,0,0,0,0,0,0,1,0,1,1,1,0,2,1,0,1,4,0,3,267,2,0,1,3,2,1,0,2,2,1,0,0,0
2684,l1,male,45,Budakeszi,Lakatos ,162,4,1,4,1,1,1,1,2,3,3,1,0,0,0,0,0,0,1,1,0,0,0,1,0,1,1,0,4,2,0,3,134,2,1,1,3,0,1,1,2,2,1,0,0,0
2685,l0,male,50,Budakeszi,asztalos ,165,4,0,3,0,1,1,1,11,2,3,4,0,0,0,1,0,0,0,1,1,1,1,1,0,5,1,0,4,0,0,0,151,2,3,1,1,2,0,0,1,0,0,1,1,0
2686,l0,male,37,Nagykanizsa,Szakorvos ,151,1,0,2,1,1,2,1,1,2,2,1,0,0,379809,1,1,0,1,0,0,0,1,1,1,0,1,0,1,0,0,3,408,1,1,0,2,2,1,0,1,1,1,1,1,4
2687,l1,female,44,Budakeszi,Szakorvos ,185,3,0,2,1,1,1,1,1,3,0,4,0,0,147147,0,0,0,0,1,0,1,1,1,1,5,2,0,1,2,3,0,297,1,0,1,3,1,0,0,0,0,0,0,1,0
2688,l1,male,65,Nagykanizsa,Szakorvos ,157,1,0,2,1,1,2,1,1,2,3,1,0,1,0,1,0,0,0,1,0,0,0,1,0,5,1,0,1,2,0,4,422,2,1,1,1,2,1,0,0,0,0,1,0,3
2689,l0,female,34,Nagykanizsa,asztalos ,166,3,0,1,1,1,1,1,2,1,2,1,0,0,241845,0,0,1,1,1,1,1,1,1,0,4,1,1,1,2,0,3,0,2,1,1,2,2,1,1,2,2,0,1,0,1
2690,l1,female,31,Budakeszi,Szakorvos ,190,4,1,4,1,1,1,1,1,2,1,0,0,1,509025,1,0,0,0,1,1,1,0,1,0,1,0,0,1,2,0,0,165,2,1,1,1,2,0,0,1,0,1,1,1,4
2691,l1,female,30,Nagykanizsa,Szakorvos ,179,4,0,2,1,1,2,1,0,3,0,0,0,1,435699,0,0,1,0,1,1,1,1,1,1,5,1,1,1,0,0,4,26020,0,3,1,3,2,0,0,0,2,0,0,0,3
2692,l1,male,60,Nagykanizsa,Lakatos ,165,4,0,2,1,1,1,1,1,3,1,0,0,0,49271,1,0,0,0,1,1,0,1,1,0,5,2,0,0,0,0,3,604,2,1,1,2,0,1,1,1,0,0,0,0,1
2693,l0,female,56,Nagykanizsa,asztalos ,171,0,0,3,0,1,1,1,3,2,5,0,0,0,0,1,0,0,0,1,0,1,1,1,0,5,1,0,1,0,0,4,141,3,1,1,3,2,0,0,1,0,1,0,0,3
2694,l1,male,44,Nagykanizsa,Lakatos ,165,3,0,4,0,1,1,1,8,0,0,0,0,1,384623,0,0,0,0,1,1,1,0,1,1,3,1,0,1,2,0,1,208,3,0,1,3,1,1,0,0,0,0,0,0,1
2695,l1,male,38,Budakeszi,Lakatos ,154,1,0,3,0,1,1,1,1,3,2,1,0,0,464570,1,0,0,0,0,1,0,1,0,0,1,1,0,1,0,3,3,315,3,0,1,1,2,0,1,1,2,1,0,0,1
2696,l1,female,63,Nagykanizsa,Lakatos ,170,0,0,4,0,1,1,1,2,2,1,0,0,1,10922765,0,0,1,0,1,1,1,1,1,0,1,1,0,3,0,2,3,20971,1,1,1,2,2,1,0,1,1,1,1,1,1
2697,l0,male,43,Budakeszi,asztalos ,174,4,2,1,1,1,1,1,2,2,1,4,0,1,0,0,0,1,0,1,0,0,1,1,1,0,0,0,1,0,1,0,0,1,3,1,1,2,0,1,1,2,0,1,1,3
2698,l0,male,63,Nagykanizsa,Lakatos ,171,0,1,1,1,1,1,1,3,2,0,0,0,0,3954,1,0,0,0,1,0,0,1,1,1,1,1,0,1,2,3,3,175,1,0,1,3,1,0,0,1,2,0,1,0,1
2699,l0,male,44,Budakeszi,Szakorvos ,178,3,0,4,1,1,1,1,2,3,1,4,0,0,99404,1,0,1,0,1,0,0,1,1,0,1,0,0,0,0,0,1,11,1,2,1,1,2,0,0,1,2,0,0,0,2
2700,l1,male,30,Nagybajcs,Szakorvos ,172,0,2,4,1,1,1,1,1,0,2,1,0,0,0,1,1,0,0,1,0,0,0,1,0,3,1,0,1,0,1,3,749,3,1,1,1,0,1,0,1,1,0,0,1,1
2701,l1,male,57,Nagykanizsa,asztalos ,183,4,0,3,1,1,2,1,1,3,3,1,0,1,392879,1,0,0,0,1,0,1,0,1,0,0,1,0,4,2,0,0,68,2,1,1,1,2,0,0,0,0,1,1,1,1
2702,l0,male,26,Nagybajcs,asztalos ,161,3,1,1,1,1,1,1,3,2,5,4,0,0,0,0,0,1,0,1,0,0,1,1,1,5,2,0,3,0,0,0,0,1,0,1,1,0,1,0,1,1,1,0,1,1
2703,l1,male,37,Nagybajcs,Szakorvos ,164,0,0,4,1,1,1,0,1,2,1,1,0,0,0,1,1,0,0,1,1,0,1,1,1,1,1,0,4,2,0,0,0,2,3,1,1,1,1,0,1,1,0,1,0,3
2704,l0,male,60,Nagykanizsa,Lakatos ,170,4,0,1,0,1,1,1,4,3,2,1,0,1,300604,1,0,0,0,1,0,0,1,1,1,1,1,0,0,2,0,0,0,2,1,1,1,2,0,0,0,0,0,1,0,1
2705,l1,male,39,Budakeszi,Lakatos ,165,0,2,4,1,1,1,1,1,2,1,0,0,0,3706,1,0,0,1,1,0,0,0,1,0,5,0,0,3,0,0,3,753,2,1,1,1,1,0,0,2,2,1,0,0,2
2706,l1,male,53,Nagykanizsa,Lakatos ,159,0,0,4,0,1,1,1,2,2,1,1,0,0,376443,1,0,1,0,1,0,0,1,1,1,4,2,0,4,0,0,1,370,1,1,1,1,1,0,0,0,0,0,1,1,3
2707,l1,male,45,Nagykanizsa,Lakatos ,158,2,0,4,1,1,1,1,2,3,2,1,0,1,154300,1,1,1,0,1,1,0,1,1,1,5,1,0,4,0,3,4,7893,1,0,1,1,2,0,0,1,2,0,0,1,0
2708,l0,male,48,Nagykanizsa,asztalos ,161,0,1,3,0,1,1,1,11,3,0,0,0,1,406574,0,0,1,0,1,0,1,1,1,0,3,1,0,4,0,0,0,771,0,1,1,3,1,1,0,1,2,1,1,1,4
2709,l1,male,52,Nagybajcs,Lakatos ,170,4,1,4,0,1,1,1,1,3,3,1,0,1,0,0,0,0,0,0,0,0,1,1,1,0,1,0,1,0,3,0,208,3,0,1,1,2,0,1,2,2,1,1,1,1
2710,l0,male,43,Nagybajcs,Szakorvos ,170,4,0,3,1,1,1,1,1,0,8,4,0,0,0,1,0,0,0,1,0,0,1,1,0,5,1,0,0,2,0,0,0,1,1,1,1,1,0,0,1,2,1,0,0,1
2711,l0,male,60,Nagykanizsa,asztalos ,178,4,0,3,0,1,1,1,3,2,0,0,0,0,438902,1,0,1,0,1,0,0,1,1,1,5,2,0,4,4,0,4,554,3,2,1,2,2,1,1,1,2,1,0,0,3
2712,l0,female,32,Budakeszi,Szakorvos ,185,4,1,3,1,1,1,1,1,0,1,1,0,0,0,1,0,0,0,1,1,1,1,0,0,1,0,0,1,2,3,4,727,2,1,1,1,1,1,1,1,0,0,1,0,1
2713,l0,male,53,Nagykanizsa,Lakatos ,170,4,0,3,0,1,1,1,1,2,4,1,0,0,0,1,0,0,0,1,1,0,1,1,1,5,2,0,4,4,3,0,472,1,0,1,2,1,1,1,1,0,0,0,0,3
2714,l1,female,54,Nagykanizsa,Szakorvos ,158,1,0,4,1,1,1,1,0,2,0,0,0,0,0,1,1,0,0,1,1,0,0,1,1,5,2,0,1,0,0,3,351,2,0,1,2,0,0,0,2,0,1,1,0,1
2715,l0,male,34,Nagykanizsa,asztalos ,167,3,0,1,1,1,1,1,2,2,3,1,0,1,245267,1,0,1,0,1,0,1,1,1,1,1,1,1,4,0,1,3,103,2,1,0,1,2,0,0,1,0,0,1,1,0
2716,l1,male,39,Nagykanizsa,asztalos ,159,1,2,3,1,1,1,1,2,2,4,4,0,1,0,1,0,0,0,1,1,0,1,0,0,5,0,0,0,0,2,1,298,1,0,1,2,0,1,0,1,0,1,1,0,1
2717,l0,male,63,Nagybajcs,asztalos ,157,1,1,3,0,1,1,1,1,2,1,0,0,0,320822,1,0,0,0,0,0,0,0,1,1,0,2,0,4,0,2,1,21431,2,0,1,0,2,0,0,1,1,0,0,0,1
2718,l1,male,48,Nagybajcs,Lakatos ,158,4,2,4,1,1,1,1,1,2,0,0,0,1,405675,1,0,1,0,1,0,0,1,0,0,1,0,0,1,0,0,0,22,2,2,0,1,2,0,0,1,2,1,1,0,1
2719,l0,male,35,Nagybajcs,asztalos ,161,3,0,0,1,1,1,1,1,0,3,1,0,1,216953,1,0,0,0,1,0,0,0,1,0,5,1,0,3,0,1,1,552,2,0,1,3,0,0,0,0,2,1,0,0,0
2720,l0,male,54,Budakeszi,asztalos ,158,0,1,4,1,1,1,1,2,2,2,1,0,1,402242,1,0,1,0,0,1,0,1,1,1,0,1,0,1,0,0,0,45,2,0,1,1,2,0,0,2,1,1,1,0,1
2721,l1,male,56,Budakeszi,Lakatos ,173,4,0,2,1,1,2,1,1,1,2,1,0,0,357740,1,0,0,0,0,0,0,1,0,0,1,0,0,1,1,0,1,0,2,2,1,2,2,1,0,1,2,0,1,1,1
2722,l0,male,26,Nagybajcs,asztalos ,165,3,0,3,1,1,1,1,0,0,0,4,0,0,5099,1,1,0,0,1,1,0,1,1,0,1,1,1,1,3,4,0,72,3,2,1,3,1,0,0,2,0,1,1,1,1
2723,l1,female,63,Budakeszi,Lakatos ,177,1,0,0,0,1,1,1,1,3,0,0,0,0,109649,1,0,1,0,1,0,0,1,0,0,5,1,0,1,2,0,3,303,3,0,1,3,1,0,0,1,0,1,1,1,4
2724,l1,male,29,Nagykanizsa,Lakatos ,168,3,2,4,1,1,1,1,2,3,1,0,0,1,0,1,0,0,0,1,0,0,0,0,0,3,0,0,4,0,0,0,0,2,1,1,3,0,1,0,1,1,0,1,0,2
2725,l0,male,42,Nagybajcs,asztalos ,188,4,0,3,1,1,1,1,2,2,0,0,0,1,0,0,0,0,1,1,0,0,1,1,1,0,1,0,4,2,3,4,1228,3,3,1,0,0,1,1,1,0,1,1,1,3
2726,l0,male,31,Nagykanizsa,Lakatos ,164,4,2,4,0,1,1,1,1,2,2,1,0,0,0,0,0,1,0,1,1,1,0,1,1,2,2,0,4,0,3,0,239,2,1,1,2,2,1,1,0,0,1,1,1,1
2727,l0,female,27,Budakeszi,asztalos ,174,4,0,4,1,1,1,1,2,2,5,4,0,0,0,1,0,0,0,0,0,0,0,1,1,2,2,0,1,2,1,0,767,2,3,1,0,2,1,0,1,0,1,0,0,0
2728,l1,male,36,Budakeszi,Szakorvos ,162,4,0,3,1,1,1,1,1,3,1,4,0,1,390578,1,0,1,0,1,1,0,0,0,0,4,1,0,1,2,1,4,0,0,2,1,2,2,1,0,0,0,0,1,0,2
2729,l0,male,52,Nagykanizsa,asztalos ,170,3,2,3,1,1,1,0,1,2,0,0,0,0,80598,1,0,0,0,1,0,1,0,1,0,2,1,1,4,0,0,0,232,2,1,1,3,2,0,0,1,0,0,1,0,1
2730,l1,male,41,Budakeszi,asztalos ,175,3,0,3,1,1,1,1,1,0,7,0,0,1,173724,0,0,1,1,1,0,1,1,1,1,5,1,0,1,0,1,4,899,2,0,1,3,2,1,1,2,2,1,1,0,3
2731,l1,male,60,Nagykanizsa,Lakatos ,168,4,0,2,1,1,1,1,1,0,8,4,0,0,196055,1,0,0,0,0,0,0,0,1,1,0,1,0,0,0,0,1,187,3,0,1,2,2,0,0,1,1,1,1,0,0
2732,l1,male,49,Nagykanizsa,Lakatos ,161,1,0,3,1,1,1,0,1,2,2,4,0,0,0,1,1,0,0,1,1,0,0,1,1,3,2,0,3,2,2,3,549,2,1,1,0,2,1,1,1,0,1,0,0,3
2733,l1,male,49,Budakeszi,Lakatos ,182,4,2,1,0,1,1,1,4,3,0,0,0,1,222161,1,0,0,0,0,1,0,1,0,0,1,0,0,1,0,0,3,841,3,2,1,2,2,0,0,2,2,0,1,1,2
2734,l1,male,36,Budakeszi,Szakorvos ,183,0,0,4,0,1,1,1,1,2,4,1,0,0,301097,1,1,1,0,1,0,0,0,0,0,1,0,0,1,2,1,4,454,3,0,1,1,2,1,0,1,0,1,0,0,2
2735,l0,male,52,Nagykanizsa,Lakatos ,173,4,1,4,1,1,1,1,5,2,3,1,0,1,306174,0,0,0,0,1,1,1,1,1,1,1,1,0,1,0,0,0,536,0,0,1,1,1,0,1,1,0,0,0,0,1
2736,l0,female,42,Nagykanizsa,asztalos ,171,1,2,1,1,1,1,1,3,3,0,1,0,0,0,1,0,1,0,0,0,0,1,1,0,0,0,0,1,0,4,2,56719,3,0,1,0,0,0,0,1,2,1,0,1,1
2737,l1,male,49,Budakeszi,asztalos ,161,4,0,3,1,1,1,0,1,3,5,4,0,1,0,1,1,0,0,1,0,0,1,1,0,5,1,0,0,0,0,1,0,1,1,1,3,2,0,0,1,0,0,0,0,4
2738,l0,male,50,Budakeszi,Lakatos ,164,0,0,3,1,1,2,1,1,2,0,0,0,0,262735,1,1,0,0,1,1,1,1,1,0,1,1,0,1,2,0,4,447,2,1,1,2,2,1,0,0,2,0,0,0,3
2739,l1,female,41,Budakeszi,Lakatos ,178,3,2,4,1,1,1,1,2,3,6,4,0,1,381328,1,0,1,1,1,0,0,1,1,0,3,1,1,0,0,0,4,309,2,1,1,1,2,1,1,1,2,0,0,0,3
2740,l1,male,31,Nagybajcs,Szakorvos ,167,3,0,2,1,1,1,1,2,3,6,0,1,1,485839,0,0,0,0,1,0,0,1,0,0,5,1,0,1,0,0,0,0,1,3,1,3,2,0,0,0,2,0,1,1,1
2741,l1,male,64,Budakeszi,Szakorvos ,196,0,0,4,1,1,1,1,1,0,2,1,0,0,0,0,0,0,0,0,1,0,1,1,0,1,1,0,1,4,0,0,0,2,1,1,0,1,0,0,1,2,1,1,1,1
2742,l0,male,43,Nagykanizsa,Lakatos ,160,4,0,1,0,1,1,1,1,3,1,0,0,1,0,1,1,0,0,1,0,1,1,1,0,1,1,0,1,2,1,4,186,2,1,1,0,2,0,0,1,0,0,0,0,1
2743,l0,male,50,Budakeszi,Lakatos ,164,1,0,1,1,1,1,1,2,2,6,1,0,1,437179,0,0,0,0,1,0,0,0,0,0,1,2,0,0,2,4,3,0,2,0,1,1,2,0,0,1,0,0,1,1,3
2744,l0,male,39,Nagykanizsa,asztalos ,171,3,0,3,1,1,1,1,0,2,5,4,0,0,261449,0,0,1,0,1,1,1,1,1,0,1,0,0,1,2,0,0,1148,1,1,1,3,2,0,0,1,2,1,1,0,1
2745,l0,male,30,Nagybajcs,asztalos ,168,3,0,3,1,1,1,1,3,3,6,1,0,1,430337,1,0,0,0,0,0,0,1,1,0,1,1,1,0,2,0,0,0,3,3,1,1,2,1,1,1,1,1,1,1,1
2746,l1,male,60,Nagykanizsa,asztalos ,174,3,2,3,1,1,2,1,2,0,1,1,0,0,210818,1,0,0,0,1,0,1,1,1,1,1,2,0,4,0,1,3,300,2,3,1,1,1,0,0,0,2,1,1,1,1
2747,l1,male,29,Nagykanizsa,asztalos ,180,4,2,4,1,1,1,1,1,3,2,1,0,0,0,0,0,0,0,1,1,0,1,0,0,5,1,0,4,0,0,3,565,2,1,1,1,1,1,0,1,2,0,0,0,1
2748,l1,male,30,Budakeszi,Lakatos ,172,3,0,3,1,1,1,1,2,2,0,0,0,1,231238,1,0,1,0,1,0,0,1,1,1,5,2,0,1,2,0,0,461,2,1,1,3,2,0,0,0,0,1,1,0,0
2749,l1,male,42,Nagybajcs,Szakorvos ,171,4,0,1,0,1,2,1,1,2,4,4,0,0,0,0,0,1,1,1,0,1,1,1,1,4,2,1,1,0,0,0,215,2,3,1,2,2,1,1,2,2,1,1,1,3
2750,l1,female,64,Budakeszi,Lakatos ,166,3,2,1,1,1,1,1,2,3,0,0,0,1,445082,0,0,0,1,1,0,1,1,1,1,3,2,0,4,1,0,1,66,3,2,1,3,2,1,1,2,0,0,1,1,3
2751,l0,male,27,Budakeszi,asztalos ,165,0,0,3,0,1,1,1,1,0,3,1,0,0,37216,1,0,0,0,1,0,1,1,0,0,3,1,0,0,0,0,0,1314,2,1,1,2,2,1,1,0,0,1,0,0,3
2752,l1,male,61,Budakeszi,Szakorvos ,182,4,0,2,1,1,2,1,2,2,0,0,0,0,489323,1,0,0,1,1,1,0,1,1,0,4,1,0,1,2,0,3,0,2,3,1,1,1,0,0,2,2,0,0,0,1
2753,l1,male,41,Nagykanizsa,Lakatos ,167,4,0,0,0,1,1,1,1,2,2,1,0,0,61408,1,0,0,0,0,0,0,1,1,1,0,1,1,1,2,0,2,21272,2,3,1,1,1,1,0,2,2,0,1,1,2
2754,l0,male,49,Nagykanizsa,Lakatos ,168,4,1,4,1,1,1,1,1,3,8,4,0,1,0,1,1,0,0,0,0,0,1,1,0,1,0,0,1,0,0,0,125,1,0,0,1,2,1,0,1,2,0,1,0,3
2755,l1,male,59,Nagykanizsa,Szakorvos ,188,2,0,3,1,1,1,1,2,2,2,1,0,0,0,1,0,0,0,1,0,0,1,0,1,5,2,0,0,0,3,4,526,2,1,1,2,2,1,1,0,2,1,1,0,4
2756,l1,female,25,Nagykanizsa,asztalos ,168,1,1,3,0,1,1,1,6,3,2,0,1,0,372343,0,0,0,0,1,0,1,1,0,0,2,2,0,4,1,4,3,749,3,3,1,1,2,1,1,0,0,0,0,0,3
2757,l0,female,31,Budakeszi,asztalos ,174,0,2,3,0,1,1,1,2,3,1,1,0,1,260395,0,0,0,1,1,0,0,1,1,1,1,2,1,1,0,0,0,237,3,3,1,1,2,1,0,2,2,1,0,0,1
2758,l0,male,27,Nagykanizsa,asztalos ,166,0,0,0,0,1,2,1,2,2,7,4,0,1,605922,1,1,1,0,1,1,0,0,1,0,1,1,0,1,0,0,3,0,2,1,1,3,2,0,0,1,2,0,0,0,1
2759,l0,male,61,Nagykanizsa,Szakorvos ,170,0,0,3,1,1,1,1,2,2,1,0,0,0,0,1,0,0,0,1,0,0,0,1,1,1,2,1,1,0,0,0,415,3,2,1,3,2,0,1,1,0,1,1,0,1
2760,l1,female,46,Nagykanizsa,Szakorvos ,177,3,0,2,1,1,2,1,1,3,0,0,0,1,183802,1,0,0,0,1,0,1,1,1,1,4,1,0,1,2,0,0,0,2,3,1,3,2,1,1,2,0,1,1,0,0
2761,l0,male,47,Budakeszi,Szakorvos ,162,3,0,2,1,1,1,1,1,2,2,1,0,0,0,0,0,0,0,0,0,1,1,0,0,2,0,0,1,0,0,0,0,1,0,1,2,2,0,1,1,0,1,0,0,1
2762,l0,male,42,Budakeszi,Lakatos ,169,3,0,1,1,1,2,1,1,2,2,0,0,1,371303,1,0,1,0,1,0,0,1,1,1,1,1,0,1,2,0,3,0,3,1,1,2,2,0,1,1,0,1,0,0,1
2763,l1,male,58,Nagykanizsa,asztalos ,167,3,0,3,1,1,2,1,1,0,4,4,0,1,302671,1,1,1,0,1,0,1,0,1,1,1,1,0,4,2,0,3,425,2,1,1,1,2,0,0,1,0,1,1,1,4
2764,l1,male,53,Nagybajcs,Lakatos ,159,0,0,3,1,1,1,1,1,1,0,0,0,1,312198,1,0,1,0,1,0,1,1,1,1,2,0,0,4,2,0,0,0,2,3,1,1,1,1,1,0,0,0,1,1,1
2765,l1,female,53,Nagykanizsa,Szakorvos ,183,3,0,1,1,1,1,1,1,2,6,4,0,0,303211,0,0,0,1,1,1,1,0,1,1,1,1,0,1,0,0,0,322,3,3,1,1,1,1,0,1,2,0,0,0,3
2766,l0,male,33,Budakeszi,asztalos ,169,0,0,1,1,1,2,0,1,2,1,0,0,0,0,1,0,0,0,1,0,1,1,1,1,0,1,0,1,2,1,0,505,1,0,1,0,2,1,0,1,0,0,1,1,1
2767,l0,male,46,Nagykanizsa,Lakatos ,178,4,2,4,1,1,1,1,1,2,0,0,0,0,0,1,1,1,0,0,0,0,1,1,1,0,2,0,1,0,0,4,631,2,1,1,1,1,0,0,0,0,1,1,0,1
2768,l1,male,61,Budakeszi,asztalos ,167,0,0,3,0,0,0,1,4,1,2,4,0,1,421319,0,0,1,0,0,0,1,1,1,1,5,0,0,0,2,1,4,8576,2,2,0,1,2,0,0,1,2,0,1,1,3
2769,l1,male,27,Budakeszi,Lakatos ,166,1,0,3,1,1,1,1,1,2,1,0,0,0,84713,1,0,1,1,1,0,1,1,1,0,5,0,0,4,2,0,1,0,2,0,1,3,1,1,1,1,2,1,1,0,2
2770,l1,female,41,Budakeszi,Szakorvos ,177,3,0,2,1,1,1,1,2,3,0,0,0,0,353014,0,0,0,0,1,1,1,0,1,1,1,0,0,1,0,0,1,346,3,1,0,3,1,0,1,1,0,0,1,0,1
2771,l1,male,38,Budakeszi,Lakatos ,182,4,1,4,0,1,1,1,1,2,1,4,0,1,389172,1,0,0,0,1,0,0,1,0,0,5,1,0,1,0,0,3,549,1,0,1,1,1,0,0,2,2,0,0,0,1
2772,l0,male,52,Budakeszi,asztalos ,175,0,0,3,0,1,1,1,1,2,10,1,0,0,0,1,0,0,0,1,0,0,1,1,0,5,2,0,4,0,1,4,138,1,1,1,3,2,0,0,2,2,0,0,0,1
2773,l1,female,36,Budakeszi,Szakorvos ,164,4,0,1,0,1,1,1,1,3,1,1,0,0,17143,0,0,0,0,1,0,0,1,1,0,5,1,0,0,0,3,3,0,2,1,1,1,2,0,0,0,0,1,1,1,1
2774,l0,male,34,Budakeszi,asztalos ,158,3,0,3,1,1,2,1,1,2,1,0,0,0,3040,0,0,0,0,1,0,1,1,1,1,0,1,0,3,2,3,0,4840,2,1,1,1,2,0,0,0,1,0,1,1,3
2775,l0,female,53,Nagykanizsa,Lakatos ,173,3,0,3,1,1,1,1,1,0,3,1,0,0,49734,1,1,0,1,1,0,0,1,1,1,2,1,0,1,0,0,0,436,2,1,1,3,0,0,0,2,1,1,1,0,2
2776,l1,female,30,Nagykanizsa,Szakorvos ,169,4,0,3,1,1,1,1,2,1,1,1,0,0,133051,0,0,1,0,1,0,1,0,1,1,1,1,0,1,2,0,0,216,2,3,1,3,1,0,0,1,1,0,1,1,1
2777,l0,female,61,Nagykanizsa,Szakorvos ,167,0,0,3,1,1,1,1,1,0,3,4,0,1,266103,1,1,0,0,0,0,0,1,1,0,5,1,0,4,2,0,0,242,2,2,1,2,1,1,0,1,0,0,0,0,1
2778,l1,male,55,Nagykanizsa,Lakatos ,171,3,0,3,1,1,1,1,1,2,0,0,0,0,123472,0,0,1,0,1,0,0,1,0,0,5,0,0,1,0,0,1,60,2,1,1,3,1,1,0,2,0,0,0,0,1
2779,l0,male,43,Budakeszi,asztalos ,166,3,0,1,0,1,1,1,2,2,3,1,0,0,260717,0,0,0,0,0,1,1,1,1,0,1,0,0,1,2,1,0,445,1,3,1,1,1,0,0,2,2,1,1,1,1
2780,l0,male,25,Budakeszi,asztalos ,174,3,0,1,1,1,1,1,0,3,1,0,0,0,240312,1,0,0,0,1,0,1,1,0,0,2,2,0,1,0,2,4,21,3,0,1,3,0,0,0,2,2,1,0,0,0
2781,l0,male,39,Nagykanizsa,Lakatos ,163,3,0,3,1,1,1,1,1,2,0,0,0,0,508788,0,0,1,0,0,0,0,1,1,1,0,1,0,1,2,0,0,0,3,1,1,0,1,0,0,1,0,0,1,1,3
2782,l1,male,59,Nagykanizsa,asztalos ,161,0,0,3,1,1,1,1,9,3,1,0,0,1,333592,0,0,1,0,0,0,0,0,1,1,1,1,0,3,0,1,4,448,1,0,1,0,1,0,0,0,1,1,1,1,1
2783,l0,male,42,Nagykanizsa,Lakatos ,179,4,0,1,0,1,1,1,1,3,2,1,0,0,228522,1,0,0,0,0,0,0,1,1,1,0,1,0,1,2,0,0,452,2,1,1,0,1,1,0,1,0,0,1,0,2
2784,l1,male,45,Nagykanizsa,Szakorvos ,164,0,2,3,1,1,1,1,2,2,3,4,0,1,300600,1,0,1,1,1,0,0,0,1,0,1,1,0,1,0,3,1,34164,2,1,1,1,2,1,1,1,0,0,0,0,1
2785,l1,male,25,Nagykanizsa,Lakatos ,162,4,1,3,1,1,1,1,2,3,1,0,0,0,0,1,0,0,0,0,0,1,0,0,0,5,1,1,3,2,3,4,6405,3,3,1,3,2,1,1,1,0,0,1,1,1
2786,l1,female,63,Nagykanizsa,Szakorvos ,180,3,0,4,1,1,1,1,2,2,1,0,0,0,227081,1,0,0,0,1,0,0,1,1,1,4,2,0,0,0,3,3,549,2,1,1,1,2,0,1,0,0,1,1,0,0
2787,l1,female,61,Nagykanizsa,Szakorvos ,160,3,0,2,1,1,1,1,2,1,7,4,0,1,178525,1,0,1,0,1,1,0,0,0,0,4,2,0,3,0,0,0,161,2,0,1,3,2,1,1,2,2,1,1,0,1
2788,l0,male,47,Budakeszi,asztalos ,168,1,0,3,1,1,1,1,1,3,1,1,0,1,4062,1,0,0,0,1,0,0,1,1,1,3,1,0,1,0,0,0,393,1,0,1,1,1,0,0,1,0,0,0,0,2
2789,l1,female,29,Nagykanizsa,Szakorvos ,195,0,2,4,1,1,1,1,1,2,5,4,0,1,0,0,0,0,0,1,1,0,0,1,0,1,0,0,1,0,0,0,0,2,1,1,1,2,1,1,2,2,0,1,1,3
2790,l0,female,38,Nagykanizsa,Lakatos ,178,0,1,3,0,1,1,1,1,2,0,4,0,1,110170,1,0,0,0,1,0,0,1,1,0,1,1,0,4,2,1,4,524,2,1,0,2,1,0,0,1,1,1,0,0,3
2791,l0,male,50,Nagykanizsa,Lakatos ,167,4,0,1,1,1,1,1,6,2,0,0,0,1,44712,1,0,0,0,0,1,0,1,1,0,5,0,0,1,2,3,4,86354,2,0,1,0,1,1,0,1,1,0,0,0,2
2792,l1,female,52,Budakeszi,Szakorvos ,159,4,0,3,1,1,1,1,3,2,0,0,0,1,0,1,1,0,0,1,0,1,1,0,0,1,1,0,3,2,1,3,281,3,1,1,1,1,0,0,1,1,0,1,1,1
2793,l1,female,31,Nagykanizsa,asztalos ,167,0,0,3,0,1,1,0,1,2,0,0,0,0,0,1,0,0,0,1,0,0,1,1,0,1,1,0,4,2,0,1,7,3,1,1,2,1,1,0,1,0,0,1,1,1
2794,l1,female,29,Budakeszi,Szakorvos ,178,4,0,2,1,1,1,1,2,2,3,1,0,0,0,1,1,0,0,1,1,1,1,0,0,1,1,0,1,2,3,3,0,3,3,1,0,1,1,1,2,0,1,1,0,0
2795,l0,male,53,Budakeszi,Szakorvos ,171,4,1,4,0,1,1,1,1,3,2,1,0,1,588447,1,0,0,0,1,0,1,1,1,1,3,2,0,0,2,0,0,145,2,1,1,1,2,0,0,1,1,1,1,0,0
2796,l1,female,61,Budakeszi,Szakorvos ,176,4,0,3,1,1,1,1,2,2,1,0,0,0,0,1,1,0,0,1,0,1,0,0,0,1,0,0,0,2,0,4,146,3,0,1,0,0,1,1,1,2,1,1,1,0
2797,l0,female,25,Budakeszi,asztalos ,163,2,0,3,1,1,1,1,1,2,2,2,0,0,0,1,0,0,0,1,0,0,1,0,0,0,1,0,4,0,0,0,0,2,1,1,0,2,1,1,1,2,1,0,1,1
2798,l1,female,33,Nagykanizsa,Szakorvos ,168,1,0,3,1,1,1,1,2,0,2,4,0,0,0,1,1,0,0,1,0,1,1,0,0,1,0,1,1,2,1,3,1,2,3,1,1,2,0,1,2,0,1,1,0,3
2799,l0,male,41,Nagykanizsa,asztalos ,158,3,0,3,1,1,2,1,1,3,6,4,0,1,0,0,0,0,0,1,1,0,1,1,1,1,1,0,1,2,0,0,0,2,1,1,1,2,0,0,0,0,0,1,0,2
2800,l0,male,55,Budakeszi,asztalos ,171,0,2,3,1,1,1,1,1,3,0,0,0,1,93526,1,1,1,0,1,0,1,0,1,1,2,1,0,1,2,0,1,495,1,0,1,1,2,0,0,0,0,0,1,0,1
2801,l0,male,48,Budakeszi,asztalos ,161,3,0,3,1,1,2,1,4,3,7,4,0,0,177720,1,0,1,0,1,0,1,1,1,0,1,1,0,4,0,1,1,784,3,1,1,1,0,1,1,1,1,0,1,1,1
2802,l1,male,42,Budakeszi,Lakatos ,172,0,0,4,0,1,1,1,1,2,2,1,0,1,310419,1,1,1,0,1,1,0,1,1,0,3,1,0,1,2,0,3,0,2,0,1,3,1,1,1,0,0,2,1,1,3
2803,l0,male,33,Nagykanizsa,asztalos ,182,0,0,3,1,1,1,1,2,2,0,0,0,0,0,1,0,0,0,1,1,0,1,0,0,5,1,0,1,1,0,0,645,1,0,1,3,2,0,0,0,0,0,0,1,3
2804,l1,female,43,Budakeszi,Szakorvos ,170,1,0,3,1,1,2,0,1,2,0,0,0,1,42621,1,0,1,1,0,1,1,1,1,1,0,1,0,1,1,2,3,566,3,2,1,1,2,0,0,1,2,0,1,0,3
2805,l1,female,53,Nagykanizsa,Szakorvos ,189,0,0,4,1,1,2,1,1,2,1,0,0,1,0,1,0,1,0,1,1,0,1,0,0,1,2,1,1,0,0,0,0,2,3,1,1,1,1,0,2,2,1,1,0,3
2806,l0,female,39,Nagykanizsa,Lakatos ,173,0,0,1,1,1,1,0,0,3,0,0,0,0,38023,0,0,0,0,1,1,0,1,1,1,5,1,0,1,2,0,3,246,3,1,1,1,2,0,0,1,2,1,1,0,1
2807,l0,female,46,Nagybajcs,asztalos ,172,3,0,1,0,1,1,1,1,3,2,0,0,1,291068,1,0,1,0,0,1,1,1,0,0,3,1,0,1,2,1,0,589,3,3,1,1,2,1,0,2,0,1,0,0,1
2808,l0,male,26,Nagykanizsa,asztalos ,169,0,0,3,0,1,1,1,1,2,1,0,0,1,0,1,0,0,0,0,0,1,1,1,1,1,2,0,1,0,0,1,175,3,1,1,1,0,1,1,1,0,1,1,0,1
2809,l1,male,39,Budakeszi,asztalos ,159,0,0,3,1,1,1,1,1,2,2,0,0,0,0,1,0,1,0,1,0,0,1,0,0,5,1,0,1,2,0,4,0,2,1,1,1,2,1,0,0,0,0,0,0,2
2810,l0,female,27,Budakeszi,Lakatos ,170,3,0,1,0,1,1,1,2,2,2,0,0,1,43447,0,0,0,0,1,1,0,1,1,0,3,1,0,0,0,0,0,30,3,0,1,3,2,0,0,0,1,1,1,1,1
2811,l1,female,38,Nagykanizsa,Szakorvos ,173,0,0,4,1,1,1,1,1,3,4,1,0,1,0,1,0,0,0,1,0,0,1,1,0,5,0,0,1,1,3,1,470,2,1,1,3,2,0,0,1,2,0,1,1,1
2812,l1,female,62,Budakeszi,Szakorvos ,163,3,2,4,1,1,1,0,2,2,9,4,0,0,0,1,0,0,1,0,0,0,1,1,1,1,1,0,0,2,0,3,0,2,3,1,1,2,1,0,2,2,0,1,1,4
2813,l1,female,63,Nagykanizsa,Szakorvos ,178,4,0,2,0,1,2,1,1,3,3,1,0,1,328406,1,0,0,0,1,0,1,1,1,1,0,1,0,4,1,0,0,0,2,1,1,1,2,0,0,2,2,0,1,1,0
2814,l0,male,37,Nagykanizsa,Lakatos ,165,1,0,3,0,0,0,1,1,2,2,1,0,0,237348,1,0,1,0,1,0,0,1,0,0,4,1,0,1,2,1,1,5758,2,1,1,3,1,1,1,1,2,1,1,0,1
2815,l1,male,35,Nagykanizsa,asztalos ,182,3,0,3,0,1,1,1,4,3,9,1,0,0,231773,1,0,1,0,1,1,0,0,1,0,0,1,0,1,0,0,3,316,3,3,1,3,2,1,1,1,2,0,1,0,1
2816,l1,male,27,Budakeszi,Szakorvos ,186,4,0,2,1,1,1,1,0,0,0,0,0,0,56491,0,0,1,1,1,1,1,1,1,0,1,0,1,1,2,1,4,566,3,3,1,2,1,1,1,2,0,1,1,1,0
2817,l0,male,51,Budakeszi,asztalos ,165,4,0,3,1,1,1,1,1,1,5,1,0,0,131105,1,0,1,0,1,0,0,0,1,0,1,1,0,3,0,0,3,194,3,1,1,3,2,1,0,2,0,0,0,0,0
2818,l1,female,35,Nagykanizsa,Szakorvos ,187,4,0,2,1,1,1,1,1,2,1,0,0,0,371874,1,0,0,0,1,0,0,1,1,1,4,1,0,1,2,1,4,471,1,3,1,3,1,0,0,1,0,0,1,1,1
2819,l1,male,25,Nagybajcs,Lakatos ,174,0,0,3,1,1,1,1,1,2,0,1,0,0,0,1,1,0,0,1,1,0,1,1,0,4,0,0,1,2,1,3,625,2,1,1,2,0,0,0,0,0,0,0,0,3
2820,l1,female,41,Nagykanizsa,Szakorvos ,180,4,0,2,1,1,1,1,1,2,2,1,0,1,39665,0,0,0,0,1,1,1,1,1,1,2,2,0,1,2,2,3,0,1,1,1,3,2,1,0,1,0,0,0,0,1
2821,l1,male,57,Nagykanizsa,Szakorvos ,163,4,0,3,1,1,1,1,2,3,0,0,0,0,0,0,0,0,1,1,1,0,1,0,0,3,2,1,1,0,0,4,342,2,3,1,1,2,1,1,1,2,1,0,0,1
2822,l1,female,62,Nagykanizsa,Szakorvos ,192,1,0,3,0,1,1,1,1,3,0,0,0,0,152285,1,0,1,0,1,0,0,1,1,0,1,0,0,0,2,1,3,654,2,0,0,1,0,1,1,0,0,1,1,0,1
2823,l0,male,43,Budakeszi,Lakatos ,165,3,0,1,1,1,2,1,1,3,2,1,0,1,0,1,0,0,1,1,1,0,0,1,1,1,2,0,1,0,0,3,0,2,1,1,1,0,1,1,1,2,1,1,0,2
2824,l0,male,27,Nagybajcs,Lakatos ,159,3,0,3,1,1,1,1,3,2,0,0,0,0,0,1,0,0,0,1,1,0,1,1,1,0,1,0,0,0,1,3,644,2,0,1,2,2,1,0,1,1,1,1,1,0
2825,l0,male,31,Budakeszi,asztalos ,157,4,0,1,1,1,1,1,2,2,0,0,0,0,0,0,0,1,0,1,0,0,1,1,1,1,1,0,1,2,0,4,0,3,2,1,3,1,1,0,2,2,1,1,1,1
2826,l0,male,36,Nagykanizsa,Lakatos ,169,0,0,1,1,1,1,1,1,3,2,1,0,0,0,1,0,0,0,1,1,1,1,0,0,1,0,0,1,1,0,0,98,2,0,0,1,1,0,1,1,0,1,0,0,1
2827,l0,male,31,Nagykanizsa,asztalos ,159,0,0,3,1,1,1,1,3,3,3,1,0,1,217116,1,1,1,0,1,1,0,1,0,0,5,0,1,4,2,1,3,172,3,3,1,3,0,0,0,0,0,1,0,0,3
2828,l1,male,29,Nagykanizsa,Lakatos ,169,1,0,1,1,1,1,1,4,2,1,0,0,1,88063,1,0,1,0,0,1,0,1,0,0,5,1,0,0,2,0,4,708,2,1,1,1,1,1,1,0,0,1,1,1,3
2829,l1,male,65,Nagykanizsa,asztalos ,172,0,0,3,1,1,1,1,1,2,0,0,0,1,498421,0,0,0,0,0,1,1,1,1,1,1,1,0,4,1,0,0,118,2,1,1,1,2,0,0,0,1,1,1,1,3
2830,l0,female,33,Nagykanizsa,Szakorvos ,172,1,0,3,1,1,1,1,1,2,7,4,0,1,164311,1,1,0,0,1,0,0,1,0,1,5,0,0,1,2,1,0,565,1,0,1,3,2,0,0,1,0,1,0,0,2
2831,l0,male,54,Nagykanizsa,Szakorvos ,177,0,0,2,1,1,1,0,1,2,2,1,0,1,0,1,0,0,0,1,0,1,1,1,1,1,2,0,1,0,3,4,5221,3,3,1,1,1,1,1,1,2,0,1,0,1
2832,l0,female,47,Nagybajcs,Lakatos ,177,0,0,1,1,1,1,1,2,2,1,0,0,1,0,1,0,0,0,1,1,1,0,1,1,5,1,0,4,2,0,4,706,2,1,1,2,2,1,0,1,1,0,1,1,1
2833,l0,male,27,Nagybajcs,asztalos ,156,3,2,3,1,1,2,1,0,2,4,1,0,0,0,1,1,0,0,1,0,0,0,0,0,5,1,0,1,0,0,4,207,3,0,1,3,1,0,0,1,0,1,1,1,1
2834,l1,female,29,Nagykanizsa,Szakorvos ,178,4,2,3,0,1,1,1,1,3,4,1,0,1,143063,1,1,1,0,0,1,0,1,0,0,5,1,0,1,0,0,0,633,1,1,1,1,1,0,0,1,1,1,1,1,1
2835,l0,male,35,Nagykanizsa,Lakatos ,169,3,0,1,1,1,2,1,1,2,2,1,0,0,0,1,0,1,1,1,0,1,1,1,1,0,1,0,1,0,0,0,643,1,0,1,1,2,1,1,2,2,1,1,1,1
2836,l0,male,60,Budakeszi,asztalos ,164,4,0,3,1,1,1,1,3,2,1,0,0,0,0,0,0,0,0,1,0,1,1,1,0,5,0,0,4,2,0,1,82,3,3,1,1,0,1,1,2,0,0,0,0,0
2837,l1,female,53,Nagykanizsa,Szakorvos ,167,4,0,4,1,1,1,1,2,2,1,0,0,1,109025,1,0,0,0,1,0,0,1,0,0,5,0,0,1,2,0,0,555,2,1,1,1,2,0,0,1,0,1,1,1,0
2838,l0,male,30,Budakeszi,asztalos ,175,3,2,1,1,1,2,1,1,2,1,0,0,1,0,1,0,0,0,1,1,0,1,1,1,5,1,0,0,0,1,3,584,2,2,1,1,2,1,0,1,2,1,0,1,1
2839,l1,male,43,Nagykanizsa,Lakatos ,171,4,0,1,1,1,1,1,2,2,4,4,0,1,448647,0,0,1,0,1,0,0,0,1,1,5,2,0,1,0,0,3,487,3,2,1,3,1,1,0,1,0,1,0,0,4
2840,l1,female,39,Budakeszi,Szakorvos ,174,3,0,2,1,1,1,1,1,0,0,0,0,1,128077,1,0,1,0,1,1,1,1,1,1,1,0,0,1,0,0,2,0,3,0,1,3,2,1,1,1,0,0,0,0,1
2841,l1,male,61,Nagykanizsa,Szakorvos ,167,4,0,2,1,1,1,0,2,3,2,1,0,0,0,1,0,0,0,1,0,1,1,1,0,2,2,0,1,2,0,3,135,2,0,1,3,2,1,0,1,0,1,1,0,1
2842,l0,male,25,Nagykanizsa,Lakatos ,167,3,0,3,1,1,2,1,2,2,3,1,0,1,215775,1,0,1,1,1,1,1,1,0,1,0,2,0,1,0,0,4,6199,3,1,1,2,0,1,1,1,2,0,0,0,1
2843,l0,male,58,Budakeszi,asztalos ,169,4,1,3,1,1,2,1,1,2,1,0,0,1,472175,1,0,1,0,1,0,0,1,0,0,1,3,0,0,2,0,4,359,3,1,1,1,0,0,0,2,1,0,0,0,1
2844,l1,female,35,Budakeszi,Lakatos ,170,0,0,3,1,1,1,1,1,3,0,0,0,0,0,1,0,0,0,1,1,1,1,1,1,5,1,0,1,2,1,4,32,1,0,1,2,2,0,0,0,0,0,1,1,1
2845,l1,male,47,Nagykanizsa,Lakatos ,176,0,0,4,1,1,2,1,3,2,2,1,0,0,126791,1,0,0,0,0,0,1,1,0,0,1,0,0,0,0,0,3,241,3,1,1,1,1,1,0,0,1,1,1,0,0
2846,l0,male,25,Budakeszi,Lakatos ,185,3,0,3,0,1,1,1,2,3,2,0,0,0,203865,1,0,1,0,1,1,1,1,1,1,0,1,0,1,0,0,3,323,2,0,1,1,0,1,0,1,1,1,0,0,1
2847,l1,female,46,Budakeszi,Szakorvos ,163,0,0,3,1,1,1,1,1,2,3,1,0,1,150792,1,0,1,1,0,0,1,0,0,0,1,2,0,0,2,0,0,0,2,2,1,2,2,1,1,1,2,1,0,0,3
2848,l0,male,55,Budakeszi,asztalos ,163,0,0,3,1,1,2,1,1,3,1,0,0,0,14452876,1,0,0,0,1,1,0,1,1,1,1,1,0,3,2,0,0,42,3,1,1,2,2,0,0,0,2,1,0,0,1
2849,l1,female,52,Budakeszi,Szakorvos ,171,4,0,4,1,1,2,1,1,3,0,0,0,0,523503,1,0,1,0,0,1,0,1,1,0,0,0,0,0,0,0,1,0,2,0,1,1,1,0,0,1,0,1,1,1,2
2850,l1,male,50,Budakeszi,Lakatos ,166,4,0,1,1,1,1,1,1,2,2,0,0,0,0,1,1,0,0,1,0,0,1,1,0,5,1,0,1,0,0,0,0,2,0,1,1,1,1,1,1,0,0,1,1,1
2851,l1,male,29,Nagykanizsa,Lakatos ,169,0,0,3,1,1,1,1,2,2,0,0,0,0,10396111,1,0,0,0,1,0,0,1,1,0,1,1,0,1,2,1,3,0,2,1,1,2,2,1,1,2,2,0,1,0,2
2852,l1,male,52,Nagybajcs,Szakorvos ,171,4,0,2,1,1,2,1,3,3,2,0,0,1,258048,0,0,0,0,1,1,0,1,1,0,5,3,0,4,1,0,4,60085,2,1,1,3,1,1,0,1,2,0,1,0,1
2853,l1,male,25,Budakeszi,Lakatos ,157,4,0,3,1,1,3,1,2,2,1,0,1,0,110315,1,0,0,0,1,0,0,1,1,0,1,0,0,1,0,0,2,0,3,3,1,1,2,0,0,1,0,0,1,1,3
2854,l1,female,34,Nagykanizsa,Szakorvos ,170,0,0,3,1,1,2,1,1,0,4,1,0,1,0,1,1,0,0,1,1,1,1,1,1,0,0,0,1,2,1,0,0,1,0,1,1,0,0,0,1,2,0,0,1,0
2855,l1,male,34,Nagybajcs,asztalos ,157,2,0,1,0,1,1,1,14,0,4,4,0,0,462370,0,0,1,0,1,0,0,1,0,0,2,0,0,4,0,1,3,16,2,1,1,3,2,0,0,1,2,1,1,0,1
2856,l1,male,57,Budakeszi,Lakatos ,160,0,0,3,1,1,1,1,2,3,3,1,0,0,0,1,0,1,0,1,0,0,1,1,0,3,1,0,1,2,0,4,0,2,0,1,3,1,1,1,2,2,1,1,0,3
2857,l0,female,62,Budakeszi,asztalos ,173,1,2,3,0,1,1,1,1,2,1,1,0,0,204420,0,0,0,1,0,0,0,1,1,1,5,1,0,1,0,0,0,327,3,0,1,1,2,0,1,2,2,0,1,0,0
2858,l1,female,44,Budakeszi,Szakorvos ,190,3,0,2,1,1,1,1,0,1,1,0,0,1,346133,0,0,0,1,1,0,0,0,1,1,5,0,0,3,0,0,0,60,1,1,1,2,1,1,0,2,2,0,1,0,1
2859,l1,male,41,Budakeszi,Szakorvos ,171,3,0,3,1,1,2,1,1,2,4,0,0,1,266926,0,0,0,0,1,0,1,1,1,1,1,1,0,3,2,0,0,588,3,3,1,1,1,0,0,2,1,0,1,1,4
2860,l1,male,55,Nagykanizsa,Szakorvos ,190,3,0,3,1,1,2,1,2,2,1,0,0,0,468427,1,0,1,0,0,0,0,1,1,0,1,1,0,0,0,0,3,103,1,0,0,0,1,1,1,1,0,0,1,1,3
2861,l1,male,57,Budakeszi,Lakatos ,167,0,0,4,1,1,1,1,4,2,3,1,0,0,0,1,0,0,0,1,0,0,1,1,1,1,1,0,4,0,0,0,0,2,0,1,3,2,0,0,0,0,1,1,0,3
2862,l1,female,57,Nagykanizsa,Szakorvos ,192,2,0,2,1,1,2,1,2,0,10,1,0,0,25192,1,0,1,0,1,1,1,1,1,1,0,2,0,1,0,0,3,0,3,1,1,1,2,1,1,1,0,1,1,0,2
2863,l0,male,61,Nagykanizsa,Lakatos ,177,3,0,3,1,1,1,1,1,0,4,1,0,1,620704,1,0,1,0,1,0,1,1,1,0,1,0,1,1,0,3,1,173,2,3,1,2,2,0,0,1,0,0,1,1,3
2864,l0,male,25,Nagykanizsa,Lakatos ,161,0,0,3,0,1,1,1,1,3,4,4,0,1,434466,0,0,1,0,1,0,1,1,1,0,4,0,0,0,2,0,3,0,2,0,0,1,0,0,1,1,2,1,0,0,4
2865,l1,male,65,Nagykanizsa,Lakatos ,169,4,0,3,1,1,1,1,1,3,1,0,0,1,59968,1,0,0,1,1,1,0,0,0,1,5,1,0,1,2,0,0,547,1,1,1,2,1,1,1,1,0,0,0,0,2
2866,l0,male,27,Nagykanizsa,asztalos ,169,4,0,0,0,1,1,1,2,3,0,0,0,1,142839,1,0,1,0,0,1,0,1,0,0,1,0,0,1,0,0,0,0,1,0,1,1,0,0,0,0,0,1,1,1,1
2867,l1,female,51,Budakeszi,Szakorvos ,163,4,2,4,1,1,1,1,1,0,5,4,0,1,0,0,0,0,0,1,0,0,0,1,0,2,1,0,1,0,0,3,771,2,2,1,1,2,0,1,0,0,0,0,0,1
2868,l0,male,61,Nagykanizsa,Lakatos ,172,4,0,3,1,1,1,1,2,3,0,0,0,1,0,1,1,1,0,1,0,1,1,1,0,0,2,0,4,0,2,3,34,2,1,1,1,1,1,0,2,2,1,1,0,2
2869,l1,female,36,Budakeszi,Szakorvos ,181,3,0,3,0,1,1,1,1,0,0,0,0,0,82208,0,0,0,0,1,1,0,0,1,1,2,1,1,1,2,0,0,283,2,1,1,1,2,0,0,1,2,0,0,0,3
2870,l1,male,58,Nagykanizsa,Lakatos ,169,3,2,4,1,1,1,1,1,3,0,0,0,1,726286,1,0,0,0,0,0,0,1,1,0,0,1,0,1,2,3,3,250,2,2,0,1,2,0,0,1,2,0,1,1,1
2871,l1,female,36,Nagykanizsa,Szakorvos ,191,3,0,3,0,1,1,0,2,2,2,1,0,0,0,1,0,0,0,1,0,0,0,1,0,5,2,1,1,2,0,1,270,3,3,1,3,1,1,0,1,0,0,0,0,1
2872,l0,male,39,Nagykanizsa,Lakatos ,168,3,0,1,1,1,1,1,1,3,1,0,0,0,121220,1,0,1,0,0,0,0,0,1,1,0,0,0,1,0,0,0,0,1,0,0,2,1,1,0,0,1,1,0,1,3
2873,l0,male,36,Budakeszi,asztalos ,157,1,2,3,1,1,2,1,4,2,3,1,0,1,114755,1,0,0,0,0,1,1,1,0,0,0,2,0,1,2,3,4,8118,2,1,1,1,2,1,1,1,2,0,1,1,2
2874,l1,male,55,Nagykanizsa,Lakatos ,158,3,1,4,1,1,1,1,0,2,5,4,0,1,196609,1,0,0,0,1,1,0,1,0,0,3,2,0,1,1,0,4,187,2,3,1,3,2,0,0,2,0,1,1,1,1
2875,l0,male,43,Nagykanizsa,Szakorvos ,161,0,0,3,1,1,1,1,2,2,6,4,0,1,380010,1,0,0,0,1,1,0,1,1,1,5,1,0,1,2,3,4,5937,0,0,1,3,2,1,1,1,0,0,1,0,3
2876,l0,male,44,Nagykanizsa,asztalos ,164,0,0,3,1,1,1,1,1,2,1,0,0,1,383972,0,0,1,0,1,0,0,1,0,0,1,1,0,1,2,0,0,0,1,0,1,1,2,0,1,1,0,0,0,0,3
2877,l1,female,38,Budakeszi,Szakorvos ,173,4,0,2,1,1,1,1,2,2,0,0,0,0,151891,1,1,1,0,1,1,0,1,1,1,4,1,0,1,1,0,1,0,2,0,1,3,2,0,1,1,0,0,1,0,1
2878,l1,male,58,Nagykanizsa,Szakorvos ,158,4,2,4,1,1,2,1,1,2,1,0,0,0,209470,1,0,0,1,1,0,0,0,1,1,3,1,0,1,2,0,1,301,2,1,1,3,2,1,0,2,2,1,1,0,3
2879,l1,male,30,Nagykanizsa,Lakatos ,157,3,0,1,1,1,1,1,1,2,0,0,0,1,33313,1,0,1,0,1,0,0,0,1,1,2,1,0,4,0,0,3,432,2,3,1,0,1,1,1,1,0,0,1,0,3
2880,l1,male,45,Nagykanizsa,Lakatos ,165,3,0,3,1,1,1,1,1,2,0,0,0,1,33537,1,0,0,0,1,0,0,1,1,1,5,1,0,3,0,0,3,0,2,1,1,1,1,1,1,0,1,1,1,0,0
2881,l1,male,40,Nagykanizsa,asztalos ,167,0,0,3,1,1,2,1,1,3,11,1,0,0,0,1,0,0,0,1,0,0,0,0,0,0,0,0,4,2,1,1,7625,1,0,1,1,0,0,0,1,2,0,1,1,1
2882,l0,male,41,Nagybajcs,asztalos ,160,1,0,3,0,1,1,1,2,2,2,4,0,0,0,1,0,0,0,1,0,0,1,0,0,2,1,0,4,2,1,4,99,2,3,1,3,2,0,0,1,1,0,1,0,0
2883,l1,female,42,Nagykanizsa,Szakorvos ,174,0,0,4,1,1,1,1,1,2,0,0,0,0,0,1,0,0,0,0,0,0,1,1,0,1,1,0,4,0,0,3,155,2,0,0,1,1,1,0,1,0,1,0,0,3
2884,l0,male,56,Budakeszi,asztalos ,160,0,0,3,0,1,1,1,1,0,3,1,0,1,204319,0,0,0,0,0,0,1,1,1,1,1,1,0,1,0,3,0,473,2,3,1,1,1,0,0,0,2,1,0,0,1
2885,l0,male,59,Nagykanizsa,Szakorvos ,161,3,0,3,1,1,2,0,3,0,2,1,0,0,0,1,0,0,1,0,0,0,1,1,1,1,2,0,1,3,0,0,0,2,0,1,1,2,1,0,1,0,0,0,0,1
2886,l1,male,25,Budakeszi,Lakatos ,173,1,0,4,0,1,1,0,0,2,13,0,0,0,178971,1,1,1,0,1,1,1,1,0,0,2,3,0,0,2,0,0,57,1,1,1,3,1,1,1,1,0,1,1,1,0
2887,l0,male,51,Budakeszi,Lakatos ,172,3,1,3,1,1,1,1,2,0,1,1,0,0,2198,1,0,0,0,0,0,0,1,1,0,1,1,0,1,0,0,0,750,0,0,0,1,2,0,0,2,1,1,1,1,0
2888,l1,male,53,Nagykanizsa,Lakatos ,158,4,0,4,0,1,1,1,1,0,0,0,0,1,0,1,0,0,0,1,0,0,1,1,0,5,2,0,1,0,0,0,261,2,1,1,3,1,0,0,2,2,1,1,0,4
2889,l1,male,42,Nagykanizsa,Szakorvos ,168,0,0,2,0,1,1,1,1,0,1,1,0,0,0,1,1,1,1,1,0,0,0,1,1,2,0,1,1,2,1,1,5044,3,1,1,2,2,1,1,2,1,1,0,0,3
2890,l0,male,44,Budakeszi,Lakatos ,180,3,2,4,1,1,1,1,1,0,2,4,1,1,96819,0,0,0,1,1,1,1,1,1,1,3,0,0,1,4,0,0,223,0,3,1,1,1,0,0,0,2,1,1,1,1
2891,l1,male,49,Nagykanizsa,asztalos ,166,1,0,3,1,1,1,1,9,2,4,1,0,0,0,1,0,1,1,1,1,1,1,1,0,1,1,1,1,2,0,4,981,2,0,1,2,2,1,1,2,0,1,1,0,0
2892,l0,male,27,Nagybajcs,asztalos ,162,0,0,3,1,1,1,1,1,2,1,0,0,0,0,1,0,0,0,0,0,0,1,1,0,3,0,0,1,2,0,3,581,2,1,1,2,1,0,0,0,0,1,0,0,3
2893,l1,male,54,Nagykanizsa,Lakatos ,168,4,0,3,1,1,1,1,1,3,2,1,0,0,87325,0,0,0,0,1,1,0,1,0,0,1,2,0,4,2,0,0,135,3,3,1,2,1,1,1,1,0,0,1,0,1
2894,l0,male,60,Nagybajcs,Szakorvos ,164,0,0,1,1,1,1,1,1,2,0,0,0,1,9133139,1,0,1,0,1,0,0,1,0,0,1,2,0,1,2,0,0,279,2,1,0,2,2,0,0,1,0,0,1,1,3
2895,l0,male,62,Budakeszi,asztalos ,174,2,0,3,0,1,1,1,1,1,11,4,0,1,265011,1,1,0,0,0,1,0,1,0,0,0,0,0,1,2,0,3,374,2,0,1,1,2,1,0,1,0,1,1,1,1
2896,l1,male,64,Nagykanizsa,Szakorvos ,177,0,0,3,1,1,1,1,2,2,5,4,0,0,98096,0,0,1,0,1,0,0,0,1,0,4,2,0,1,4,0,3,0,2,0,1,3,0,0,0,2,0,1,1,1,3
2897,l1,female,48,Budakeszi,Lakatos ,175,3,0,4,1,1,1,1,2,2,0,0,0,1,365354,1,0,0,0,0,0,1,1,1,0,0,1,1,0,0,0,3,0,3,1,1,1,2,1,1,2,2,1,0,0,1
2898,l1,male,62,Budakeszi,asztalos ,162,0,0,3,1,1,1,1,1,2,5,4,0,0,0,1,0,1,0,1,1,0,1,1,0,5,2,0,1,1,2,3,5260,2,3,1,1,0,0,0,1,0,1,0,0,0
2899,l1,male,58,Budakeszi,asztalos ,160,4,0,3,1,1,1,1,2,2,0,0,0,1,571077,0,1,0,1,1,1,1,1,1,1,3,2,0,1,1,0,4,405,1,1,1,2,0,1,1,2,2,1,1,1,1
2900,l1,male,25,Nagykanizsa,Szakorvos ,161,4,0,4,1,1,1,1,1,2,2,1,0,0,183825,0,0,0,0,1,1,0,0,0,0,1,0,0,1,0,0,0,190,2,1,1,1,2,1,0,1,0,0,1,1,3
2901,l0,male,30,Budakeszi,asztalos ,169,0,0,1,1,1,1,1,2,2,0,0,0,1,0,1,0,0,0,1,0,1,1,1,0,1,1,0,0,2,0,0,376,3,0,1,1,1,0,0,1,0,0,1,0,1
2902,l1,male,52,Nagybajcs,Szakorvos ,176,4,0,2,1,1,1,1,1,2,7,4,0,1,73727,0,0,1,1,1,0,1,0,1,1,3,1,0,0,2,0,1,317,1,1,1,1,2,1,1,1,2,2,1,0,3
2903,l0,male,40,Budakeszi,asztalos ,157,4,1,3,0,1,1,1,0,3,4,1,0,0,97575,0,0,1,0,1,1,1,1,1,0,5,0,0,1,1,0,3,562,3,3,1,2,1,1,1,1,2,1,0,0,2
2904,l1,male,63,Nagykanizsa,Szakorvos ,155,0,0,3,1,1,1,1,1,2,1,0,0,1,105840,1,1,1,0,1,0,1,1,0,0,5,0,0,1,2,0,0,0,2,1,1,2,2,1,1,1,2,1,1,0,3
2905,l0,male,30,Nagybajcs,asztalos ,161,4,0,3,1,1,1,1,2,2,0,0,0,1,13448428,0,0,0,0,1,0,0,1,0,0,5,0,0,1,2,4,1,315,2,3,1,3,0,1,0,1,0,1,1,1,1
2906,l1,male,39,Budakeszi,Lakatos ,153,4,0,4,1,1,1,1,0,0,2,1,0,1,287121,1,0,0,0,1,1,0,1,1,0,1,3,0,1,0,0,3,8434,2,1,1,2,0,0,0,1,0,1,1,1,3
2907,l1,male,48,Budakeszi,Szakorvos ,158,4,2,3,0,1,1,1,1,2,2,0,0,0,0,1,1,0,0,1,1,0,0,0,0,1,1,0,1,2,0,4,115,2,2,0,2,0,0,0,1,0,1,1,0,0
2908,l1,male,27,Nagykanizsa,Szakorvos ,168,0,0,3,1,1,1,1,1,3,7,4,0,1,0,1,1,0,0,1,0,0,1,0,0,1,1,0,1,0,0,1,258,2,3,0,1,2,1,0,1,2,0,0,0,1
2909,l1,female,50,Budakeszi,Szakorvos ,164,0,2,4,1,1,1,1,2,2,1,0,0,0,0,1,0,0,0,1,1,0,0,1,0,3,0,0,1,2,1,2,677,2,0,1,2,1,0,0,1,0,1,1,0,1
2910,l1,female,35,Budakeszi,Szakorvos ,181,3,1,3,1,1,1,1,2,3,5,1,0,1,0,1,1,0,0,1,1,1,1,1,0,2,1,0,0,0,0,3,218,1,0,1,3,0,0,0,2,2,1,1,0,1
2911,l1,male,51,Nagykanizsa,Szakorvos ,162,1,0,2,1,1,2,1,2,2,5,4,0,1,279079,1,0,0,0,1,0,1,1,1,1,5,1,0,4,3,3,4,37904,2,3,1,3,2,0,1,0,0,0,0,0,1
2912,l0,male,59,Budakeszi,Lakatos ,159,0,0,1,1,1,2,1,1,2,0,0,0,1,0,1,1,1,0,1,1,1,0,1,1,5,2,0,1,2,0,4,9367,3,3,1,1,0,1,1,1,0,0,0,0,3
2913,l1,female,62,Nagybajcs,Szakorvos ,161,4,0,4,1,1,1,1,2,2,0,0,0,0,0,1,0,0,0,1,0,1,1,1,1,5,2,0,0,2,0,3,0,2,0,1,3,1,0,0,1,2,0,1,1,1
2914,l1,male,48,Budakeszi,Szakorvos ,159,4,1,4,1,1,1,1,3,0,3,4,0,0,561772,0,0,1,1,0,0,1,1,0,0,5,1,0,4,0,0,0,0,2,2,0,1,2,1,0,2,2,0,1,1,2
2915,l1,female,26,Nagykanizsa,Szakorvos ,163,4,0,4,0,1,1,1,2,2,7,4,0,1,296729,1,1,0,1,1,0,0,1,0,1,5,0,1,4,0,0,0,0,3,0,1,1,2,1,1,2,2,0,1,1,2
2916,l1,female,52,Budakeszi,Szakorvos ,174,3,0,3,1,1,1,1,3,3,2,0,0,0,147446,1,0,1,0,1,0,0,1,1,0,0,1,0,3,0,2,4,6858,2,3,0,3,2,1,0,1,2,0,1,1,3
2917,l1,female,50,Nagybajcs,Lakatos ,170,3,1,3,0,1,1,1,1,2,4,4,0,1,80993,1,0,0,1,0,1,1,1,1,1,3,1,1,4,2,0,2,679,3,2,1,1,2,1,1,2,1,0,1,0,1
2918,l0,male,34,Nagykanizsa,asztalos ,159,3,0,2,0,1,1,1,3,2,2,1,0,0,0,0,0,0,1,1,1,0,1,1,0,5,2,0,4,0,0,3,415,2,1,1,1,1,1,1,2,2,0,1,0,3
2919,l0,female,36,Nagybajcs,Szakorvos ,175,0,0,3,1,1,2,0,1,3,5,4,0,0,138853,1,0,1,0,1,0,0,1,1,1,0,0,0,1,4,0,3,754,3,1,1,2,2,1,1,1,2,1,0,0,1
2920,l1,male,58,Budakeszi,Szakorvos ,169,3,0,3,1,1,1,1,1,1,7,0,0,0,94111,1,0,1,1,1,0,1,1,1,0,5,1,0,1,0,0,3,68,1,1,1,3,0,1,1,2,2,1,1,0,1
2921,l0,female,41,Budakeszi,asztalos ,178,0,0,3,1,1,1,1,2,2,0,0,0,1,249870,1,0,1,0,0,0,0,1,1,0,1,1,0,1,2,2,0,420,2,3,1,0,0,0,0,0,0,0,1,1,3
2922,l1,male,62,Nagykanizsa,Lakatos ,173,3,0,4,0,1,1,1,2,2,0,0,0,0,67724,1,1,0,0,1,1,0,1,1,0,4,2,1,4,2,0,4,247,3,2,1,2,1,0,0,1,0,0,0,0,2
2923,l0,male,37,Budakeszi,Lakatos ,162,2,0,1,1,1,1,1,2,2,1,0,0,0,74337,1,0,0,0,1,1,0,1,1,0,5,2,0,4,2,0,0,142,2,2,1,1,1,0,1,2,0,2,1,1,1
2924,l0,male,59,Budakeszi,Lakatos ,175,4,0,1,1,1,1,1,2,3,0,0,0,0,0,1,0,0,1,1,1,0,1,1,0,3,0,0,1,0,0,2,608,3,3,1,3,1,1,1,2,2,1,0,0,1
2925,l1,female,32,Nagykanizsa,Szakorvos ,173,0,0,3,1,1,1,1,2,2,0,0,0,0,166534,1,1,1,0,1,0,1,1,1,1,4,1,0,4,2,0,0,598,2,2,1,0,2,0,1,2,0,2,1,1,3
2926,l0,male,61,Nagykanizsa,asztalos ,160,1,0,3,1,1,2,1,1,3,0,0,0,1,72800,1,0,0,0,1,1,0,1,1,1,1,0,0,3,2,2,3,31372,2,1,1,1,1,1,0,1,2,1,1,1,3
2927,l1,male,25,Nagykanizsa,asztalos ,169,3,0,3,1,0,1,1,2,2,2,1,0,1,0,1,0,1,1,1,1,0,1,1,1,5,1,0,1,0,2,4,10618,3,3,1,3,1,1,1,1,0,1,1,0,1
2928,l1,male,54,Nagykanizsa,asztalos ,179,4,0,3,1,1,1,1,1,2,1,1,0,0,0,1,1,0,0,0,0,1,1,1,0,1,1,0,1,2,0,1,49,3,3,1,1,2,1,0,1,0,1,1,1,2
2929,l0,male,62,Budakeszi,Lakatos ,167,0,0,3,0,1,1,1,1,3,8,0,0,0,68348,1,0,0,0,1,0,0,1,1,0,1,0,0,1,0,0,2,0,1,1,1,2,2,1,1,1,0,1,1,0,1
2930,l1,male,38,Budakeszi,Lakatos ,172,3,0,4,1,1,1,1,1,3,3,1,0,0,19460,0,0,0,0,0,0,0,1,1,1,1,1,0,1,0,0,2,306,2,3,1,1,2,0,0,1,2,1,1,1,1
2931,l0,female,50,Nagybajcs,Szakorvos ,163,0,0,3,0,1,1,1,1,2,4,4,0,0,21827,0,1,0,0,0,0,0,1,0,0,1,1,0,4,0,3,0,963,1,0,1,1,1,1,0,1,0,1,1,0,3
2932,l0,male,37,Budakeszi,asztalos ,160,0,1,3,0,0,1,1,1,2,1,0,0,1,495725,0,0,1,0,1,0,0,1,1,1,5,1,0,1,0,3,4,113,2,0,1,3,2,0,0,1,0,1,1,1,1
2933,l1,male,48,Budakeszi,asztalos ,171,3,0,3,1,1,1,1,1,2,5,4,0,0,135778,0,0,0,0,1,1,0,1,1,1,2,1,0,1,0,0,0,179,1,0,1,3,0,1,1,1,2,1,0,0,3
2934,l0,male,34,Budakeszi,asztalos ,169,4,0,3,1,1,1,1,0,3,5,4,0,0,0,0,0,0,0,0,0,0,1,1,0,1,2,0,4,2,4,3,228,2,1,1,0,1,1,0,1,0,0,1,0,1
2935,l0,male,30,Nagykanizsa,Lakatos ,169,3,0,1,1,1,2,1,1,0,0,0,0,0,0,1,1,0,0,1,1,0,1,1,1,5,2,1,1,0,0,4,0,2,1,1,3,1,1,0,0,0,0,0,0,0
2936,l1,female,42,Budakeszi,Szakorvos ,169,4,0,3,1,1,1,1,1,0,1,0,0,1,123828,1,0,1,0,0,1,0,1,1,0,1,1,0,4,0,0,0,30,2,3,1,2,0,1,1,2,2,2,1,1,3
2937,l0,male,30,Nagykanizsa,asztalos ,166,2,0,3,1,1,2,1,2,0,0,4,0,0,0,1,0,0,0,1,0,0,0,1,1,5,2,0,0,2,0,4,0,2,0,1,3,1,0,0,1,2,0,1,1,2
2938,l0,male,38,Nagybajcs,asztalos ,158,3,0,1,0,1,1,1,1,2,4,0,0,1,14454,1,0,0,0,1,0,0,1,1,0,0,0,1,0,0,0,3,600,2,1,1,2,2,1,1,1,2,1,0,1,1
2939,l1,male,65,Nagykanizsa,asztalos ,172,0,0,3,1,1,2,1,2,2,1,0,0,0,63546,1,1,0,1,1,0,0,1,1,1,1,1,0,1,0,0,0,0,3,3,1,1,1,1,0,1,1,1,1,1,2
2940,l1,male,55,Nagykanizsa,Lakatos ,164,4,0,3,0,1,1,1,2,3,3,1,0,1,116271,1,0,0,0,1,1,0,1,1,1,1,2,0,1,0,0,3,4912,2,3,1,3,2,1,1,0,0,1,1,1,0
2941,l1,female,57,Budakeszi,Szakorvos ,176,2,0,3,1,1,1,1,2,2,2,0,0,0,282443,1,0,0,0,1,0,0,1,0,0,2,1,0,1,0,0,0,0,1,0,1,3,2,0,0,0,0,1,0,0,1
2942,l1,female,25,Budakeszi,Szakorvos ,172,4,0,3,0,1,1,1,1,2,1,1,0,0,37765,0,0,1,0,1,0,0,1,1,1,1,1,0,1,0,2,4,85,3,3,1,3,2,0,0,2,0,1,1,1,3
2943,l1,female,50,Nagykanizsa,Szakorvos ,172,4,0,3,1,1,1,1,1,2,0,0,0,0,0,1,0,0,0,1,0,1,1,1,1,3,1,0,4,0,0,3,4104,1,1,1,1,0,1,1,2,0,0,1,0,0
2944,l0,male,42,Budakeszi,Szakorvos ,177,4,2,3,1,1,2,1,1,3,1,0,0,1,137043,1,0,0,1,1,1,0,1,1,0,5,0,0,1,1,0,0,0,2,3,1,1,1,1,1,2,2,0,0,0,0
2945,l1,male,30,Nagykanizsa,Lakatos ,155,4,1,3,1,1,1,1,3,2,3,1,0,1,749747,1,0,0,0,0,0,0,0,1,1,4,1,1,1,0,3,3,297,3,3,1,3,2,1,0,1,0,1,1,0,4
2946,l1,female,38,Nagykanizsa,Szakorvos ,193,4,0,2,1,1,1,1,4,1,2,1,0,0,87413,0,0,0,0,1,1,1,1,0,0,1,1,0,1,0,3,4,4359,1,0,1,2,2,1,1,2,2,1,1,1,0
2947,l1,male,27,Budakeszi,asztalos ,175,1,0,3,1,1,2,1,0,2,1,1,0,0,460426,1,0,0,0,1,1,0,1,1,0,3,1,0,1,0,0,3,0,2,1,1,1,2,0,0,0,0,1,1,0,3
2948,l0,female,27,Budakeszi,Szakorvos ,162,3,0,2,1,1,1,1,1,3,3,1,0,1,271958,0,0,1,0,1,0,0,1,1,0,2,2,0,1,0,0,0,101,2,1,1,1,2,0,0,1,2,0,0,0,1
2949,l1,female,54,Nagykanizsa,Lakatos ,168,4,0,2,0,1,1,1,2,2,1,0,0,0,317383,1,1,0,0,1,1,1,0,1,0,3,1,1,1,2,0,4,356,2,1,1,2,1,1,1,1,2,1,1,1,0
2950,l1,female,29,Nagykanizsa,Lakatos ,182,3,0,3,1,1,2,1,2,3,0,0,0,0,6170,1,0,0,0,1,0,1,1,1,1,1,0,0,1,0,1,4,269,1,0,1,3,1,0,0,1,0,1,0,0,1
2951,l0,male,61,Nagykanizsa,Szakorvos ,168,4,0,3,1,1,1,1,1,3,4,1,0,0,317798,1,0,0,1,1,1,0,1,1,1,1,0,0,1,0,0,0,237,1,1,1,1,0,1,0,2,2,1,1,0,1
2952,l0,male,42,Nagykanizsa,Szakorvos ,162,3,0,2,1,1,2,1,2,2,2,1,0,1,0,0,0,1,0,1,0,0,0,0,0,4,1,0,0,2,0,0,270,2,0,1,1,0,0,0,0,1,0,0,0,1
2953,l1,male,53,Budakeszi,Lakatos ,155,0,0,3,1,1,0,1,4,2,2,1,0,0,0,1,0,0,0,1,0,1,0,1,0,1,1,0,0,1,0,3,0,2,1,1,3,1,0,0,0,0,0,1,0,4
2954,l0,male,26,Nagykanizsa,asztalos ,168,4,0,3,1,1,0,1,2,0,5,1,0,0,0,1,0,0,0,1,1,0,1,1,1,4,1,1,4,4,1,2,840,3,3,1,3,1,0,1,1,2,0,1,1,1
2955,l1,male,62,Budakeszi,Szakorvos ,164,3,0,3,0,1,1,1,2,2,1,1,0,0,0,1,0,0,0,1,1,1,1,1,0,2,1,0,3,2,0,0,0,3,0,1,2,2,1,0,2,0,1,1,1,1
2956,l0,male,27,Nagykanizsa,asztalos ,172,0,1,3,0,1,1,1,1,3,1,0,0,1,225929,0,0,1,0,1,0,0,1,1,1,1,1,0,1,2,0,0,55,2,1,1,2,2,1,0,1,0,0,0,0,2
2957,l1,male,47,Budakeszi,Lakatos ,166,3,0,3,1,1,1,1,4,2,2,1,0,0,48833,1,0,0,0,0,1,0,1,1,0,1,1,0,4,0,0,0,843,2,0,0,0,1,1,1,1,2,1,1,0,3
2958,l1,male,64,Nagykanizsa,Szakorvos ,168,0,0,4,0,0,0,1,1,0,2,1,0,1,184049,1,0,1,0,1,1,1,1,0,1,2,1,0,1,0,0,3,218,2,1,1,1,0,1,0,0,0,1,1,1,2
2959,l1,female,51,Nagykanizsa,Lakatos ,161,4,1,4,1,1,1,1,1,3,9,1,0,1,153999,0,0,0,0,1,1,0,1,1,0,1,0,0,1,0,1,4,22087,3,1,1,2,2,0,0,2,2,1,1,0,3
2960,l1,male,35,Nagybajcs,Szakorvos ,163,3,1,4,0,1,1,1,1,3,5,4,0,1,234565,1,0,1,0,1,1,0,1,0,0,0,0,0,1,1,0,1,235,3,1,0,1,3,0,1,0,0,0,0,0,0
2961,l1,female,32,Nagykanizsa,asztalos ,186,0,1,3,0,1,1,1,1,2,1,1,0,1,493079,0,0,0,1,1,1,1,1,1,0,5,2,0,1,2,0,3,164,3,3,1,2,2,1,1,1,2,0,1,1,3
2962,l1,female,54,Budakeszi,Szakorvos ,178,4,2,4,1,1,1,1,1,2,0,0,0,0,80874,1,1,0,1,1,1,0,1,1,0,2,1,0,0,2,0,0,254,2,1,1,1,0,1,1,2,2,1,1,1,1
2963,l1,male,32,Budakeszi,Lakatos ,171,1,1,4,0,1,1,0,1,3,2,1,0,0,298199,1,0,1,0,0,0,0,1,0,0,1,1,0,4,0,3,4,4134,2,2,1,1,1,0,0,2,2,0,0,1,1
2964,l0,female,38,Nagykanizsa,Szakorvos ,158,4,0,2,1,1,1,1,1,2,2,1,0,0,0,0,0,0,0,1,0,0,1,1,1,1,1,0,4,0,4,4,332,2,1,1,3,0,1,1,1,0,0,1,1,1
2965,l0,male,58,Nagykanizsa,Lakatos ,178,0,0,3,1,1,2,1,3,3,1,4,0,1,114963,0,0,0,1,0,1,1,1,1,0,1,1,1,1,0,0,0,0,3,1,1,1,1,1,1,2,2,1,1,0,1
2966,l0,male,27,Nagykanizsa,Lakatos ,163,3,0,3,0,1,1,1,1,2,0,0,0,1,627524,0,0,0,0,1,0,1,0,1,1,5,3,0,4,2,0,0,0,2,1,1,0,1,1,1,2,1,1,1,1,1
2967,l1,male,51,Nagykanizsa,asztalos ,159,3,0,3,1,1,1,1,3,2,2,1,0,0,0,1,1,1,0,1,0,0,1,1,0,5,2,0,1,0,2,4,210,3,3,1,2,0,0,0,1,0,1,1,1,4
2968,l0,male,33,Nagykanizsa,Szakorvos ,179,4,0,3,1,1,1,1,2,2,0,0,0,0,0,1,0,1,0,1,0,0,1,1,1,1,1,0,1,2,1,3,157,1,0,1,3,2,1,0,0,0,0,0,0,0
2969,l1,female,43,Nagykanizsa,Szakorvos ,186,4,0,4,1,1,1,1,1,2,0,0,0,1,451903,1,0,1,0,1,0,1,0,0,0,1,1,0,1,0,0,0,338,3,3,1,1,0,1,1,1,0,1,1,1,1
2970,l0,male,54,Budakeszi,Lakatos ,171,4,0,3,1,1,1,1,1,2,5,4,0,0,13748,0,0,0,0,1,1,0,1,0,0,5,0,0,0,0,3,4,2687,2,3,1,3,0,1,0,1,0,0,1,1,1
2971,l1,male,38,Nagykanizsa,asztalos ,170,4,2,3,1,1,2,1,1,3,2,0,0,0,182729,1,0,0,0,1,0,0,0,1,1,5,0,0,4,0,0,0,0,2,1,1,3,2,1,1,1,0,1,1,0,2
2972,l1,female,35,Nagykanizsa,Szakorvos ,168,4,0,4,1,1,1,1,2,3,0,4,0,0,0,1,0,0,1,1,1,0,1,1,0,0,0,0,1,0,0,1,426,2,0,1,3,2,1,1,2,2,0,0,0,1
2973,l0,male,54,Budakeszi,asztalos ,157,1,0,3,1,1,1,1,1,2,5,4,0,1,0,1,0,0,0,0,1,0,1,1,1,1,0,1,1,2,0,4,331,2,1,1,1,0,1,1,0,0,1,1,1,1
2974,l1,female,29,Budakeszi,Szakorvos ,193,3,2,3,1,1,1,1,1,2,3,1,0,0,1885,1,0,0,0,1,1,1,1,1,0,5,2,0,1,0,0,0,289,2,1,1,1,2,1,1,1,0,0,1,1,1
2975,l1,male,57,Nagybajcs,Szakorvos ,162,3,0,4,1,1,2,1,1,3,0,0,0,0,32958,1,1,0,0,1,1,0,1,1,1,3,2,1,0,2,0,0,55,2,3,1,1,2,0,0,1,2,1,1,0,1
2976,l0,female,41,Nagykanizsa,Lakatos ,160,1,0,1,1,1,1,1,2,2,3,1,0,0,150264,1,0,0,0,0,0,1,1,1,1,2,2,0,1,0,0,0,0,3,0,0,3,0,1,0,1,1,0,0,1,1
2977,l1,male,63,Nagykanizsa,Lakatos ,162,1,2,4,1,1,1,1,1,2,0,0,0,1,0,1,1,1,0,1,0,0,1,1,1,5,1,0,0,2,0,3,732,1,2,1,3,1,1,0,1,0,0,1,0,3
2978,l0,male,25,Nagykanizsa,asztalos ,173,0,0,3,1,1,1,1,1,2,2,1,0,0,134777,1,1,0,0,1,0,1,1,1,0,5,1,0,1,0,0,0,228,2,0,1,3,1,0,0,1,1,1,1,1,2
2979,l0,male,47,Nagykanizsa,Szakorvos ,156,0,0,3,0,1,0,1,1,0,6,0,0,1,785372,1,0,1,0,0,1,0,1,1,0,5,1,0,4,2,0,4,0,2,1,0,1,0,0,1,1,2,2,0,0,2
2980,l1,female,51,Nagybajcs,Szakorvos ,180,3,0,4,1,1,1,1,1,2,3,1,0,0,734082,0,0,1,0,1,1,0,0,0,0,1,1,0,1,0,1,4,194,2,1,1,3,2,0,0,0,0,1,1,1,1
2981,l0,female,48,Nagykanizsa,asztalos ,174,3,0,1,1,1,1,1,3,2,1,0,0,1,240288,1,0,1,0,0,1,1,1,1,1,4,1,0,0,0,0,4,0,2,0,1,1,2,1,1,2,0,1,1,1,3
2982,l1,male,37,Nagykanizsa,Lakatos ,164,4,1,4,1,1,1,0,2,2,5,4,0,0,189595,1,0,1,0,1,0,1,0,1,0,5,1,0,1,0,2,4,5878,2,0,1,2,2,1,1,1,2,0,1,0,1
2983,l1,male,26,Nagykanizsa,Lakatos ,166,1,0,3,1,1,2,0,11,0,0,0,0,0,0,1,0,0,0,1,0,0,0,0,0,2,1,0,1,2,3,3,350,2,1,1,3,2,1,1,1,2,0,1,0,1
2984,l1,male,45,Budakeszi,Lakatos ,162,4,0,4,1,1,1,1,1,2,1,0,0,1,0,0,0,0,0,1,1,0,1,1,1,3,0,0,1,0,1,3,733,3,3,1,2,2,0,0,2,2,0,1,0,1
2985,l0,male,30,Nagykanizsa,asztalos ,162,3,0,1,1,1,1,1,1,2,0,0,0,0,0,0,0,1,1,1,0,0,1,1,1,1,1,0,1,2,0,0,5307,2,1,1,2,2,1,1,2,2,0,1,0,0
2986,l0,male,59,Budakeszi,asztalos ,167,0,0,3,1,1,1,1,2,3,5,4,0,0,147641,1,0,1,0,1,1,0,1,0,0,5,1,0,3,0,1,0,0,2,1,1,3,1,0,0,0,0,0,1,0,2
2987,l1,male,46,Budakeszi,Lakatos ,162,4,0,3,0,0,0,1,2,3,4,4,0,0,232642,1,0,0,0,1,1,1,1,1,0,5,1,0,1,2,0,4,8315,3,1,1,3,1,1,0,1,2,1,1,1,1
2988,l0,male,50,Nagykanizsa,asztalos ,166,1,1,3,0,1,1,1,2,2,2,1,0,0,0,1,1,0,1,1,0,0,1,1,1,1,0,0,3,2,1,0,75,3,2,1,2,0,1,0,1,1,0,0,1,3
2989,l1,male,65,Budakeszi,asztalos ,168,0,1,2,0,1,1,1,1,2,6,0,0,0,356833,1,0,0,0,1,0,1,0,1,1,1,0,0,3,2,0,3,0,3,3,1,1,1,1,0,1,2,1,1,1,1
2990,l1,female,39,Nagykanizsa,Szakorvos ,169,4,0,4,1,1,1,0,1,3,3,1,0,1,0,1,0,0,1,1,0,0,1,1,1,5,0,1,0,0,3,0,87198,2,3,1,3,1,1,1,2,2,0,1,0,3
2991,l1,female,46,Nagykanizsa,Szakorvos ,174,0,0,2,1,1,1,1,0,2,1,1,0,0,0,1,0,0,0,0,0,1,1,1,0,3,2,0,3,0,0,0,23842,3,0,1,2,1,0,0,0,1,1,0,0,1
2992,l0,female,51,Budakeszi,Lakatos ,170,3,0,1,1,1,1,1,2,2,2,1,0,1,494343,1,1,1,0,1,0,0,0,1,1,2,0,0,1,2,0,1,254,2,1,1,1,2,0,0,0,1,1,1,1,1
2993,l0,male,55,Nagykanizsa,asztalos ,163,4,0,3,1,1,1,1,1,3,0,0,0,0,0,1,0,0,0,1,0,0,0,0,0,5,1,1,3,4,1,3,317,2,3,1,3,1,0,1,2,0,0,0,0,4
2994,l0,male,26,Nagykanizsa,asztalos ,160,4,0,3,1,1,1,1,2,0,2,4,0,1,18224169,0,0,0,0,1,1,1,1,1,1,2,1,0,1,0,0,1,81,2,1,1,1,0,1,0,0,1,1,1,1,2
2995,l0,male,60,Nagykanizsa,Lakatos ,159,4,0,1,0,1,1,1,3,2,4,1,0,0,267829,1,0,0,1,0,0,1,1,1,0,0,1,0,1,0,3,0,339,2,0,1,2,2,1,0,2,2,0,1,1,1
2996,l1,female,62,Budakeszi,Szakorvos ,172,3,0,3,1,1,2,1,2,2,2,1,0,1,135041,0,0,0,0,1,0,0,1,0,0,5,1,0,1,2,0,1,321,1,1,1,1,2,0,0,1,1,1,0,0,4
2997,l1,male,42,Nagykanizsa,Lakatos ,171,3,2,4,0,1,1,1,1,3,0,0,0,0,125679,1,0,0,0,1,1,0,1,1,0,2,1,1,1,0,0,0,163,3,3,1,1,2,0,0,1,0,1,0,0,1
2998,l0,male,25,Nagybajcs,asztalos ,156,0,0,1,0,1,1,1,1,2,3,1,0,1,130077,0,0,0,0,1,1,0,1,1,1,3,2,0,1,0,2,4,324,2,1,1,3,1,1,1,1,0,0,1,0,3
2999,l1,female,31,Budakeszi,Szakorvos ,189,1,0,2,1,1,2,1,3,3,2,1,0,0,0,0,0,0,1,1,1,0,1,1,1,1,0,0,1,2,0,1,0,2,3,1,1,1,0,0,1,2,0,1,1,1
3000,l1,female,64,Budakeszi,asztalos ,165,4,0,3,1,1,2,1,1,2,6,4,0,0,0,0,0,1,0,1,0,1,1,1,0,5,0,1,1,1,0,3,0,1,1,1,3,0,1,1,1,0,2,0,0,1
3001,l1,male,57,Budakeszi,Szakorvos ,170,4,0,4,1,1,1,1,2,1,3,1,0,0,153786,0,1,0,0,1,0,1,1,1,1,5,1,0,1,2,0,1,589,3,1,1,1,1,0,1,1,2,1,1,0,1
3002,l0,male,33,Budakeszi,Szakorvos ,169,4,0,1,0,1,1,1,1,2,5,4,0,0,0,0,0,0,0,1,1,0,1,1,0,1,1,0,1,2,0,3,586,2,1,1,2,2,1,0,2,2,0,1,1,1
3003,l1,male,47,Nagykanizsa,asztalos ,163,3,0,1,1,1,1,1,1,2,1,1,0,0,0,1,0,0,0,0,1,0,1,1,0,1,1,0,1,2,0,0,132,2,1,1,1,2,0,0,1,0,1,0,0,1
3004,l1,male,33,Nagykanizsa,Lakatos ,167,4,2,4,1,1,1,1,0,1,1,1,0,1,581643,0,0,0,0,1,0,1,1,1,0,3,2,0,1,2,0,3,277,2,1,1,1,1,1,0,1,2,1,0,0,2
3005,l0,female,27,Nagykanizsa,asztalos ,169,0,0,3,0,1,1,1,1,3,2,1,0,0,330124,1,0,0,0,1,0,1,1,1,0,5,0,0,3,0,3,4,105,1,0,1,0,0,0,0,1,1,1,1,1,4
3006,l1,female,42,Budakeszi,Szakorvos ,175,0,0,2,1,1,1,1,1,2,1,0,0,0,352377,1,0,0,0,1,1,0,1,1,0,5,0,0,0,1,0,3,468,2,1,1,2,2,1,1,1,0,0,0,0,0
3007,l1,male,40,Nagybajcs,asztalos ,166,3,0,3,0,1,1,1,1,2,0,0,0,0,0,1,0,0,0,1,0,0,1,1,0,1,0,0,1,0,3,4,5371,2,0,1,1,2,1,1,0,0,0,1,1,3
3008,l1,male,29,Nagykanizsa,Lakatos ,166,0,0,3,0,1,1,1,4,2,0,0,0,1,0,1,0,0,0,0,1,0,1,1,0,0,1,0,4,0,0,0,370,1,3,0,0,0,0,0,1,1,0,1,1,1
3009,l0,male,31,Nagykanizsa,Lakatos ,171,3,2,4,1,1,1,1,2,3,0,0,0,0,0,1,0,0,0,1,1,0,0,1,1,5,0,1,1,2,0,3,105,3,1,1,3,1,1,0,1,2,1,1,0,1
3010,l1,female,36,Nagykanizsa,Szakorvos ,159,0,0,1,1,1,1,1,1,3,3,1,0,0,0,1,0,1,1,0,0,1,1,1,0,1,0,1,0,0,0,4,260,2,1,1,2,0,1,1,2,2,1,1,1,0
3011,l1,female,61,Nagykanizsa,Lakatos ,178,4,0,3,0,1,1,1,4,0,4,4,1,0,0,0,0,0,0,1,1,1,1,1,1,4,1,0,3,0,0,0,107,1,1,1,2,2,0,1,1,1,0,1,1,3
3012,l1,female,37,Budakeszi,Lakatos ,181,3,0,3,1,1,1,1,3,2,6,4,0,1,169433,0,0,0,0,0,0,0,1,1,1,3,1,0,0,2,0,0,0,2,0,1,3,2,1,0,1,2,0,1,1,4
3013,l1,female,31,Budakeszi,asztalos ,176,3,2,3,1,1,2,1,0,2,7,1,0,0,110912,0,0,0,0,1,1,0,1,1,0,3,2,0,4,0,1,4,8900,3,3,1,3,1,1,0,1,0,1,1,0,4
3014,l1,male,65,Budakeszi,Szakorvos ,180,4,0,4,1,1,1,1,1,2,2,1,0,0,241668,1,0,0,0,1,0,0,1,1,1,0,1,0,0,0,2,4,163,1,0,1,0,2,0,0,1,1,1,1,1,1
3015,l1,female,44,Budakeszi,Szakorvos ,176,4,0,2,1,1,1,1,1,2,4,1,0,0,233963,0,0,0,0,0,1,1,0,1,0,4,1,0,1,2,2,4,722,2,1,1,3,0,1,1,1,0,1,1,1,2
3016,l1,male,56,Budakeszi,Szakorvos ,180,1,0,4,1,1,1,1,1,2,3,1,0,0,167985,0,0,0,0,1,0,0,1,1,1,1,1,0,0,0,0,3,163,2,2,1,1,0,1,1,1,0,1,1,1,1
3017,l1,female,37,Nagykanizsa,Szakorvos ,185,0,2,4,1,1,1,1,0,0,6,4,0,0,0,1,0,0,0,0,1,0,1,1,1,1,1,0,1,0,0,3,503,2,3,1,1,1,0,0,1,2,1,0,0,0
3018,l1,female,42,Nagykanizsa,Lakatos ,171,0,0,2,1,1,1,1,2,2,1,0,0,1,677184,0,0,1,0,1,0,0,0,1,0,1,2,0,3,1,0,3,5250,2,3,1,1,2,1,0,2,2,0,1,1,3
3019,l1,female,50,Budakeszi,Szakorvos ,183,4,0,3,1,1,2,1,3,2,11,1,0,0,130327,0,0,0,0,1,1,0,1,0,0,0,2,0,1,0,4,4,8046,2,1,1,1,0,1,0,0,0,0,1,1,1
3020,l1,female,31,Budakeszi,Szakorvos ,172,3,0,2,1,1,1,0,3,2,0,0,0,0,262906,1,0,1,1,1,0,0,1,1,0,1,1,0,3,2,0,0,0,2,3,1,3,2,1,0,1,0,1,1,1,1
3021,l0,female,41,Nagybajcs,Szakorvos ,171,0,0,2,1,1,1,1,2,2,2,1,0,0,13527,1,0,1,0,1,1,1,1,0,1,1,1,1,1,0,0,0,10,2,3,1,2,2,0,0,1,1,0,1,0,4
3022,l0,male,50,Budakeszi,Lakatos ,154,0,0,3,1,1,1,0,2,1,1,1,0,0,0,1,0,0,0,1,1,0,1,1,0,1,1,0,1,3,0,4,172,1,0,1,1,2,1,1,1,2,0,1,0,4
3023,l1,female,35,Nagykanizsa,Lakatos ,166,3,0,1,1,1,1,1,4,2,1,0,0,0,0,1,0,1,1,0,1,0,1,0,0,5,1,0,1,2,1,4,9359,2,0,1,1,1,1,0,2,2,1,0,0,2
3024,l1,female,62,Budakeszi,Szakorvos ,182,3,1,4,0,1,1,1,0,3,2,0,0,0,270368,1,1,0,0,0,0,0,1,1,1,0,1,0,1,0,0,0,137,2,3,0,1,2,1,0,1,0,1,1,1,1
3025,l0,female,57,Nagykanizsa,Szakorvos ,177,0,0,3,0,1,1,1,2,2,5,4,0,1,0,1,0,0,0,1,1,0,1,1,1,5,2,0,0,0,3,3,185,1,0,1,3,0,0,1,1,2,0,0,0,0
3026,l1,female,41,Nagykanizsa,Szakorvos ,183,3,0,1,0,1,1,1,3,2,1,0,0,1,0,1,0,0,0,0,0,0,0,1,0,1,1,0,4,0,3,4,0,3,1,0,1,1,0,0,1,0,1,1,0,0
3027,l0,male,49,Budakeszi,asztalos ,167,3,0,3,1,1,1,0,2,2,1,1,0,0,230454,0,0,1,0,1,0,1,1,1,0,5,1,0,1,2,0,0,474,1,0,1,3,2,0,0,2,0,0,0,0,3
3028,l0,male,39,Budakeszi,Szakorvos ,160,0,0,1,0,1,1,1,1,2,5,0,0,0,350067,1,0,0,0,1,0,1,1,1,1,1,1,0,0,0,3,3,665,1,1,1,1,2,0,1,0,0,1,0,0,1
3029,l0,male,39,Nagybajcs,asztalos ,151,3,0,3,0,1,2,1,1,2,0,0,0,0,0,1,1,0,0,1,1,0,0,1,1,0,1,0,4,2,0,3,67,2,1,1,1,2,0,1,1,0,0,1,1,1
3030,l1,male,45,Budakeszi,Szakorvos ,171,2,0,3,1,1,1,1,2,0,2,1,0,0,214989,0,0,1,0,1,1,0,1,1,0,5,1,0,3,2,0,0,0,3,0,1,2,2,1,1,1,2,0,0,0,4
3031,l1,male,27,Budakeszi,Szakorvos ,189,3,0,4,1,1,1,1,1,2,5,4,0,0,347222,1,0,0,1,1,0,0,0,0,0,1,1,0,1,2,2,3,836,2,3,1,1,2,1,1,1,2,1,1,1,2
3032,l0,male,59,Budakeszi,asztalos ,175,4,0,0,0,1,1,1,1,2,3,1,0,0,0,1,0,1,0,0,1,1,1,0,0,1,1,0,1,0,1,3,755,3,3,1,2,2,0,0,1,0,1,0,0,1
3033,l1,male,38,Budakeszi,Lakatos ,167,1,0,3,1,1,1,1,2,3,13,0,0,1,258601,0,0,0,0,1,0,0,1,0,0,5,0,0,4,2,0,0,413,1,0,1,0,1,1,1,1,2,0,1,0,4
3034,l1,female,26,Nagykanizsa,Lakatos ,187,0,0,4,1,1,1,1,2,2,7,4,0,1,78914,1,0,0,0,1,0,0,1,1,0,3,1,0,1,2,2,3,809,1,1,0,1,2,1,1,2,2,1,1,0,1
3035,l0,male,32,Nagykanizsa,Lakatos ,167,4,0,3,1,1,1,1,4,0,1,0,1,0,360030,1,0,0,0,0,0,0,1,1,1,2,2,0,0,2,0,2,158,3,3,1,0,2,0,1,1,1,1,1,1,0
3036,l1,male,50,Nagykanizsa,Lakatos ,165,0,1,4,1,1,1,1,2,2,3,1,0,0,0,0,0,0,0,1,0,0,1,0,0,5,1,1,1,2,0,1,78,2,1,1,3,2,1,1,1,2,1,1,1,3
3037,l0,male,49,Nagykanizsa,Szakorvos ,168,4,0,3,0,1,1,1,3,1,1,1,0,0,0,1,0,0,0,0,0,0,1,0,0,2,1,0,1,0,1,0,0,1,1,1,1,2,1,1,1,0,1,0,0,1
3038,l0,male,32,Nagykanizsa,asztalos ,158,4,0,3,1,1,1,1,1,3,2,4,0,0,0,1,0,1,0,1,0,0,1,1,0,1,0,0,0,2,0,3,371,3,3,1,1,2,0,0,1,2,1,0,0,3
3039,l0,male,33,Nagykanizsa,asztalos ,166,4,0,3,1,1,1,1,1,2,2,1,0,1,0,0,0,1,0,1,1,0,1,1,0,5,1,0,1,0,0,0,134,2,1,1,2,0,1,0,2,2,0,1,0,3
3040,l0,male,50,Nagybajcs,Lakatos ,165,0,0,4,1,1,1,1,2,2,0,0,0,0,0,0,1,1,0,1,1,1,1,1,0,3,3,0,4,0,0,2,0,2,0,1,1,0,0,0,2,2,0,0,0,3
3041,l0,male,60,Nagykanizsa,Lakatos ,155,0,0,1,1,1,1,1,2,2,0,0,0,0,0,1,0,0,0,1,0,0,1,1,0,5,1,0,1,0,1,0,0,2,1,1,1,0,0,0,1,0,0,1,1,1
3042,l0,male,57,Nagykanizsa,Lakatos ,164,0,0,1,1,1,1,1,1,2,2,1,0,0,0,0,0,0,0,1,0,0,1,1,1,1,1,0,1,2,0,3,183,2,0,1,2,2,1,0,1,0,2,1,1,1
3043,l0,male,49,Budakeszi,asztalos ,161,1,0,3,0,1,1,1,2,2,3,1,0,1,417513,1,0,0,0,1,1,0,1,1,1,1,1,0,1,2,0,4,237,3,1,1,1,1,0,0,1,0,0,0,0,3
3044,l1,male,49,Budakeszi,Lakatos ,161,3,2,3,1,1,1,1,2,2,2,0,0,1,231210,1,0,1,0,1,0,0,0,1,0,4,0,1,1,0,3,4,145,2,2,1,2,0,0,0,2,1,1,1,1,3
3045,l1,female,60,Budakeszi,Szakorvos ,181,4,2,4,0,1,1,1,2,2,10,4,0,0,147897,1,0,0,0,0,1,1,1,1,0,0,1,0,1,0,0,0,265,3,3,1,1,2,0,0,1,0,0,0,0,3
3046,l1,male,51,Budakeszi,Lakatos ,165,0,0,3,1,1,1,1,2,0,4,1,0,1,178718,1,0,1,1,1,1,1,1,1,1,1,0,0,1,0,0,1,367,1,1,1,3,2,1,1,2,2,1,1,0,1
3047,l1,male,61,Nagybajcs,Szakorvos ,170,0,2,4,1,1,1,1,2,2,5,4,0,0,13077924,1,0,1,0,0,0,1,1,1,1,0,1,0,0,2,1,1,0,2,1,1,1,1,0,0,1,2,1,1,0,1
3048,l0,male,45,Nagykanizsa,Szakorvos ,184,1,0,2,1,1,1,1,3,3,0,0,0,0,0,0,0,0,0,1,0,1,1,1,0,1,1,0,0,1,0,0,0,2,3,1,1,2,1,0,1,2,1,1,1,0
3049,l0,male,30,Nagykanizsa,asztalos ,166,3,0,3,1,1,1,1,2,2,3,1,0,1,193073,1,0,0,1,0,1,0,0,1,0,0,2,0,1,0,0,3,0,3,3,1,1,2,0,0,2,2,0,1,1,1
3050,l1,female,33,Nagykanizsa,Lakatos ,177,4,2,3,0,1,1,1,1,0,0,0,0,1,790164,1,0,1,0,1,1,1,1,1,1,1,1,0,3,0,0,0,416,2,1,1,2,2,0,0,0,0,0,1,1,1
3051,l0,female,46,Nagykanizsa,Szakorvos ,187,3,0,1,1,1,2,1,2,3,2,1,0,0,215715,1,0,0,0,1,0,1,1,0,0,3,2,0,0,2,0,0,25,2,0,1,3,0,0,0,1,0,0,0,0,2
3052,l0,female,39,Nagybajcs,Szakorvos ,171,1,2,3,1,1,1,1,2,3,2,1,0,1,357560,1,0,0,0,0,1,0,1,1,1,0,1,0,1,0,0,0,0,1,1,0,1,1,1,1,1,2,1,0,0,1
3053,l1,female,49,Nagykanizsa,Szakorvos ,165,4,0,3,1,1,2,0,1,2,3,1,0,0,30340,1,0,0,1,1,0,0,1,1,0,1,1,0,0,3,3,2,5974,2,3,1,1,2,0,1,1,2,1,1,1,2
3054,l1,female,39,Nagykanizsa,Szakorvos ,181,3,0,2,1,1,1,1,1,2,0,0,0,0,291570,0,0,1,0,1,1,1,1,1,1,1,3,0,0,0,0,3,0,3,1,1,1,0,1,1,1,1,0,1,1,2
3055,l1,male,58,Budakeszi,Szakorvos ,158,4,0,3,1,1,1,1,2,2,2,1,0,0,225696,1,0,0,0,1,1,1,1,1,0,5,1,0,1,2,0,3,101,1,0,1,2,2,0,0,1,1,1,1,1,1
3056,l1,male,40,Nagykanizsa,asztalos ,162,3,0,2,1,1,2,0,1,2,1,1,0,0,0,0,0,1,0,0,1,0,1,1,0,0,1,0,1,0,0,0,117,1,1,0,0,2,0,0,1,0,0,1,0,2
3057,l1,male,39,Nagykanizsa,Szakorvos ,162,4,0,4,0,1,1,1,2,3,0,0,0,0,211370,1,1,0,0,1,1,1,1,1,0,1,1,0,0,2,0,0,655,2,1,1,2,2,0,0,0,1,0,1,1,2
3058,l0,female,65,Nagykanizsa,Lakatos ,171,0,0,2,1,1,1,1,1,2,4,1,0,0,381466,0,1,1,0,1,0,0,0,1,1,1,1,0,1,2,0,0,0,2,1,1,3,0,1,1,0,2,0,0,0,3
3059,l0,female,29,Budakeszi,Lakatos ,171,0,0,1,0,1,1,1,2,3,1,0,0,1,471389,1,0,1,0,0,0,1,0,1,0,1,0,0,4,2,3,4,128,3,3,1,3,2,1,0,0,1,0,0,0,1
3060,l0,female,41,Budakeszi,asztalos ,162,0,0,3,1,1,1,1,1,2,4,4,0,1,278965,1,0,1,0,1,0,0,1,1,0,1,1,0,0,0,0,3,0,2,1,1,3,2,1,1,2,1,0,0,0,1
3061,l0,male,46,Nagybajcs,Lakatos ,163,1,2,3,0,1,1,1,1,2,2,1,0,1,426500,1,0,0,0,1,1,1,1,1,0,2,1,0,0,0,0,0,412,2,0,1,3,0,1,1,0,0,1,1,1,1
3062,l0,male,40,Nagybajcs,asztalos ,193,0,0,3,1,1,1,1,1,3,0,0,0,0,0,0,0,0,0,1,0,1,1,1,0,5,1,0,1,2,3,3,571,1,3,1,3,1,0,1,1,0,0,0,0,1
3063,l1,male,37,Nagybajcs,Lakatos ,170,1,1,3,1,1,1,1,2,2,1,1,0,1,247119,1,1,0,1,1,0,0,0,0,0,0,1,0,1,2,0,0,303,1,1,1,1,0,1,1,2,2,0,1,1,1
3064,l0,male,27,Nagybajcs,asztalos ,159,4,0,3,1,1,1,1,1,2,2,1,0,0,415373,1,0,0,0,1,0,1,1,1,1,1,1,0,1,0,2,3,10402,2,1,1,1,1,0,0,1,0,0,0,0,1
3065,l1,male,48,Budakeszi,Lakatos ,165,0,0,3,1,1,2,1,2,2,5,4,0,0,160900,1,0,1,0,1,0,0,1,0,0,1,1,0,1,0,0,1,0,3,3,1,1,1,0,1,1,0,2,1,1,1
3066,l1,female,61,Nagykanizsa,Szakorvos ,175,4,2,4,1,1,1,1,1,3,0,0,0,0,378334,1,0,1,0,1,1,0,1,1,1,1,1,0,1,2,4,2,0,2,1,1,3,1,1,1,1,0,0,0,0,3
3067,l1,male,36,Nagykanizsa,Lakatos ,161,4,0,2,0,1,1,1,1,2,0,0,0,1,0,1,0,0,1,0,0,1,1,1,1,5,0,0,1,0,0,4,498,2,1,1,1,1,0,0,1,2,0,1,0,3
3068,l1,female,42,Nagykanizsa,Lakatos ,170,1,0,3,1,1,1,1,1,2,5,4,0,1,160041,1,0,1,1,1,0,0,1,1,0,5,1,1,0,0,0,1,650,3,0,1,1,2,1,1,0,0,1,0,0,1
3069,l0,male,25,Nagybajcs,Lakatos ,166,3,0,1,1,1,1,1,1,3,0,0,0,1,0,1,0,1,0,0,0,0,1,1,0,1,1,0,1,2,0,3,140,2,3,1,2,2,0,1,1,2,0,1,0,2
3070,l1,male,25,Nagykanizsa,Szakorvos ,185,3,0,1,1,1,1,1,1,2,2,1,0,0,0,1,0,0,0,0,1,1,1,1,1,1,2,0,1,0,0,0,0,2,2,1,2,1,1,0,1,2,0,1,1,1
3071,l1,male,34,Nagykanizsa,Lakatos ,166,4,0,4,1,1,1,1,1,2,3,4,0,0,696869,1,0,0,1,1,1,0,0,0,0,5,0,0,0,2,3,4,388,2,0,1,2,0,1,0,1,2,0,1,1,1
3072,l0,male,29,Nagybajcs,asztalos ,179,3,0,3,1,1,1,1,1,2,7,4,0,0,0,1,0,0,0,1,1,0,0,1,1,1,1,0,0,2,0,0,0,3,0,1,3,2,0,0,0,0,1,1,0,1
3073,l0,female,38,Budakeszi,Lakatos ,167,0,0,3,1,1,1,1,1,2,4,1,0,0,125829,0,0,1,0,1,0,1,1,1,1,3,1,0,1,2,0,3,44,3,3,1,1,1,0,1,1,0,1,0,0,1
3074,l1,female,40,Nagykanizsa,Szakorvos ,193,3,0,3,1,1,0,1,1,3,1,0,0,0,0,0,0,1,0,1,0,0,0,1,0,0,0,0,1,2,0,0,126,2,2,0,2,1,0,0,0,0,1,1,0,0
3075,l1,male,65,Budakeszi,Lakatos ,159,4,0,4,0,1,1,1,1,3,3,4,0,1,668568,1,0,1,0,1,0,0,1,0,0,5,1,0,1,0,0,1,196,1,0,1,0,1,0,1,1,0,0,1,0,3
3076,l1,male,39,Nagykanizsa,asztalos ,161,0,0,3,1,1,2,1,2,3,5,4,0,0,213351,0,0,0,0,1,1,1,1,1,1,5,1,0,4,1,3,4,5840,2,0,1,3,1,1,1,2,2,0,1,1,0
3077,l0,male,49,Budakeszi,Lakatos ,162,3,0,1,1,1,1,1,2,0,1,1,0,0,0,1,0,1,1,1,0,0,1,1,1,2,1,0,1,0,0,0,423,1,0,1,2,0,1,0,2,2,1,0,0,1
3078,l0,male,50,Nagykanizsa,asztalos ,170,4,0,1,1,1,2,1,2,3,3,1,0,0,127339,0,0,0,0,1,0,1,1,1,1,1,1,0,1,0,0,1,0,2,1,1,1,1,1,1,0,0,0,1,1,1
3079,l1,male,43,Budakeszi,Lakatos ,170,3,0,3,1,1,1,1,5,2,4,4,0,1,18287,1,0,1,1,0,1,0,0,0,0,3,2,0,1,2,0,1,70,2,0,1,1,0,0,1,2,0,0,1,1,3
3080,l1,female,42,Nagykanizsa,Szakorvos ,159,4,0,3,0,1,1,1,6,0,4,1,0,0,153141,1,0,0,1,0,0,0,0,1,1,3,1,0,4,0,0,0,0,1,0,1,3,1,1,1,1,1,0,1,0,1
3081,l0,male,47,Nagykanizsa,Lakatos ,166,4,0,1,1,1,2,1,3,2,0,0,0,1,315187,0,0,0,1,1,1,0,1,1,1,1,1,0,0,1,0,0,399,3,1,1,1,2,1,1,2,2,1,0,0,3
3082,l1,female,35,Budakeszi,asztalos ,161,0,0,3,1,1,1,1,1,2,0,0,0,1,0,1,0,0,0,1,0,0,1,0,0,4,0,0,4,0,2,3,75973,2,3,1,3,1,0,0,0,2,1,1,1,1
3083,l1,female,58,Budakeszi,Szakorvos ,181,0,2,4,1,1,1,1,3,2,3,4,0,1,0,1,0,0,0,1,1,0,1,1,1,2,0,0,1,2,2,3,0,0,0,1,3,2,0,0,2,2,1,1,1,0
3084,l1,male,62,Nagykanizsa,Lakatos ,182,0,0,2,1,1,1,1,1,2,6,1,0,0,175088,1,0,0,0,1,1,1,1,1,0,0,1,0,3,2,1,4,579,2,3,1,3,1,0,0,1,1,0,1,1,0
3085,l1,male,57,Nagykanizsa,asztalos ,155,3,0,3,1,1,1,1,3,2,3,1,0,0,380554,0,0,0,0,1,1,0,0,1,0,5,1,1,1,3,0,1,0,3,2,1,1,2,1,1,2,2,1,1,0,0
3086,l0,female,31,Nagykanizsa,Lakatos ,196,4,1,3,1,1,1,1,1,2,0,1,0,0,418366,0,0,1,0,1,1,0,1,1,1,1,1,0,1,0,0,0,0,3,1,1,3,1,0,0,2,2,1,0,0,2
3087,l1,male,55,Budakeszi,Lakatos ,166,3,2,3,1,1,1,0,2,2,2,1,0,0,0,1,0,0,0,1,0,0,1,1,0,2,2,0,1,2,0,3,517,2,1,1,1,2,1,0,0,0,0,0,0,1
3088,l0,male,29,Nagybajcs,asztalos ,156,3,1,3,1,1,2,1,2,3,2,0,0,0,8344,1,0,0,0,1,0,0,1,1,1,2,0,0,3,2,1,4,654,1,1,1,1,3,0,1,0,0,0,0,0,3
3089,l1,female,36,Nagybajcs,Szakorvos ,171,0,0,4,0,1,1,1,1,2,5,4,0,1,0,0,0,0,0,1,0,0,1,1,1,2,1,0,4,2,0,4,776,2,0,1,1,2,0,1,2,0,0,1,0,2
3090,l1,female,39,Nagykanizsa,Lakatos ,182,4,0,3,1,1,1,1,1,2,1,0,0,1,48839,0,0,0,0,1,0,1,1,1,0,5,3,0,1,2,1,1,963,2,1,1,2,0,0,0,0,0,1,1,0,3
3091,l1,male,40,Nagykanizsa,Lakatos ,168,4,0,3,0,1,1,1,2,0,3,1,0,1,42072,1,0,0,0,0,0,0,1,1,0,1,1,0,4,0,0,0,0,2,1,1,2,1,1,1,2,0,1,1,0,0
3092,l0,male,50,Budakeszi,asztalos ,161,3,0,3,1,1,2,0,4,3,2,0,0,0,165768,1,0,0,0,0,1,1,1,1,1,0,1,0,3,2,0,3,801,1,0,1,1,1,0,0,1,0,1,0,0,1
3093,l1,male,40,Budakeszi,Szakorvos ,162,0,0,2,1,1,1,1,1,2,3,1,0,0,356364,0,0,1,0,1,0,0,1,0,0,5,2,1,0,1,4,0,291,2,3,1,1,2,1,0,2,0,0,1,0,1
3094,l0,male,31,Nagybajcs,Lakatos ,169,0,0,1,0,1,1,1,1,2,3,4,0,0,282348,1,1,1,0,1,0,1,1,1,0,5,1,0,1,0,3,3,662,2,3,1,3,2,0,0,2,1,0,1,1,1
3095,l1,male,65,Nagykanizsa,Lakatos ,162,3,0,3,0,1,1,1,0,2,1,0,0,0,370372,0,0,0,0,1,1,0,1,0,0,1,0,0,1,0,0,0,21344,2,1,1,0,2,1,0,0,2,1,1,1,3
3096,l1,male,31,Nagykanizsa,asztalos ,168,0,0,1,0,1,1,1,1,3,8,4,0,0,332427,1,0,1,1,1,0,0,1,1,0,4,1,0,1,2,0,3,71,2,1,1,1,2,1,1,2,2,1,0,0,2
3097,l0,male,25,Nagybajcs,asztalos ,164,0,1,3,1,1,1,1,2,2,2,4,0,1,17026,1,0,1,0,1,1,0,1,1,0,1,0,0,1,0,1,4,539,2,1,1,2,2,0,0,0,0,0,1,0,1
3098,l1,male,42,Nagykanizsa,Lakatos ,165,0,0,3,1,1,1,1,1,3,0,0,0,0,0,1,0,0,0,1,1,0,1,0,0,5,3,0,1,0,4,3,466,2,0,1,3,1,0,0,0,0,1,0,0,0
3099,l0,female,45,Nagykanizsa,Lakatos ,170,3,0,3,1,1,1,0,3,2,0,0,0,0,231559,1,0,0,0,1,0,0,0,1,0,0,2,0,1,2,0,3,374,1,1,1,3,0,0,1,2,0,1,0,0,2
3100,l1,female,59,Nagykanizsa,Szakorvos ,174,4,0,2,1,1,1,1,1,2,0,0,0,0,11701623,0,0,1,0,1,0,0,1,0,0,1,2,1,1,2,0,4,2222,2,3,1,2,2,0,0,1,2,0,0,0,1
3101,l0,female,55,Budakeszi,asztalos ,177,4,0,4,1,1,1,1,3,3,0,4,0,0,8613,1,0,0,0,0,1,1,1,0,0,0,3,0,4,2,1,0,408,2,2,1,0,1,0,0,1,2,0,1,1,3
3102,l1,female,37,Nagybajcs,Lakatos ,164,0,0,4,1,1,2,1,1,3,2,4,0,1,195520,1,0,0,1,1,1,1,0,1,1,0,2,0,0,0,0,0,263,1,0,1,1,2,1,0,1,2,0,1,1,2
3103,l1,male,65,Budakeszi,Lakatos ,185,4,0,4,0,1,1,1,1,3,0,0,0,1,0,0,0,1,0,1,1,0,1,1,0,3,1,0,3,0,0,3,249,1,0,1,3,0,0,0,0,0,0,1,0,4
3104,l1,male,58,Nagykanizsa,Lakatos ,175,0,0,3,1,1,1,1,1,2,10,1,0,0,406925,1,1,0,0,0,0,0,1,1,0,0,1,0,3,2,0,4,789,1,2,1,1,0,0,0,2,2,1,0,0,1
3105,l0,male,64,Nagykanizsa,asztalos ,160,0,0,3,1,1,1,1,1,2,1,0,0,0,218560,0,0,1,0,1,0,0,1,0,0,1,1,0,1,2,0,0,162,2,3,1,1,1,1,0,1,0,0,1,1,1
3106,l1,female,39,Nagykanizsa,Szakorvos ,170,0,2,4,1,1,1,0,2,2,5,4,0,1,46666,1,1,0,1,0,0,0,1,1,0,1,3,0,1,2,0,3,99,3,3,1,3,1,1,1,1,1,0,1,0,4
3107,l0,male,37,Nagybajcs,asztalos ,158,1,2,3,1,1,1,1,0,0,7,4,1,0,292189,1,0,0,0,1,0,0,1,1,0,3,1,0,4,2,0,1,377,2,1,1,3,2,0,0,1,0,0,0,0,2
3108,l1,female,40,Budakeszi,Szakorvos ,169,0,2,4,1,1,2,1,1,3,5,4,0,1,170239,0,0,0,0,1,1,0,1,1,1,5,1,1,1,0,0,0,201,2,1,1,2,2,1,1,1,2,1,1,1,2
3109,l1,male,30,Nagykanizsa,Lakatos ,166,0,0,1,1,1,2,1,1,2,7,4,0,0,0,1,0,1,0,1,0,0,0,1,0,5,0,0,1,0,3,4,10435,2,1,1,1,2,1,0,2,2,0,0,0,0
3110,l0,male,63,Nagykanizsa,asztalos ,163,0,0,1,0,1,1,1,1,3,4,0,1,0,273761,0,0,1,0,1,1,0,1,1,1,5,1,0,1,0,2,0,53,1,1,1,3,2,1,0,1,0,1,1,1,4
3111,l0,male,40,Budakeszi,Szakorvos ,170,3,0,2,1,1,1,1,0,2,3,1,0,0,457185,0,0,0,0,0,0,0,0,1,0,4,2,1,1,2,1,3,0,3,3,1,1,2,0,1,2,2,1,1,1,1
3112,l0,male,30,Budakeszi,Lakatos ,162,4,0,1,1,1,2,1,1,2,3,4,0,0,625160,1,0,0,0,0,0,1,1,1,0,5,1,0,1,0,1,0,150,1,0,1,1,1,1,1,1,0,1,0,0,1
3113,l0,male,60,Budakeszi,Szakorvos ,172,2,0,3,1,1,1,1,1,0,0,0,0,1,219703,1,0,0,0,1,1,0,1,0,0,3,1,1,1,2,0,0,0,2,1,1,2,2,1,1,1,0,1,0,0,2
3114,l1,male,60,Budakeszi,Szakorvos ,163,4,0,4,1,1,1,1,1,2,12,1,0,0,422388,1,0,0,0,0,0,1,1,1,1,3,2,0,1,4,3,1,512,3,3,1,1,0,1,1,1,2,1,1,1,3
3115,l0,female,35,Nagykanizsa,Szakorvos ,177,1,0,3,1,1,2,1,1,2,2,1,0,0,210435,1,0,0,0,1,0,0,1,0,0,1,1,1,1,2,3,3,46,3,3,1,1,2,0,0,0,0,0,0,0,1
3116,l0,male,29,Budakeszi,asztalos ,162,3,0,1,1,1,1,1,2,2,2,1,0,0,0,1,0,1,0,1,0,0,0,1,0,1,1,0,1,4,1,0,439,1,0,1,2,2,1,1,0,0,1,0,0,1
3117,l0,female,31,Budakeszi,asztalos ,171,4,0,3,1,1,1,1,0,2,0,0,0,1,201130,1,0,1,0,0,1,0,1,1,1,0,1,0,1,0,0,3,6329,2,2,1,1,1,1,1,1,2,0,1,1,1
3118,l1,female,36,Nagykanizsa,Lakatos ,158,1,1,4,1,1,1,1,1,2,0,0,0,1,161992,1,1,0,0,1,1,0,1,0,0,0,1,0,1,0,3,4,732,1,3,1,1,2,0,0,1,0,1,1,1,1
3119,l1,female,56,Nagybajcs,Lakatos ,173,3,2,4,0,1,1,1,2,2,0,0,0,1,407273,0,0,1,1,1,1,0,1,0,0,5,1,0,1,0,0,0,20,2,1,1,2,1,0,0,2,2,1,0,0,2
3120,l1,male,32,Nagykanizsa,Lakatos ,167,4,0,3,0,1,2,1,1,3,2,0,0,1,437006,1,1,1,0,0,1,0,1,0,0,1,1,0,1,2,0,3,52,1,1,1,1,1,1,0,1,1,1,1,0,1
3121,l0,male,54,Budakeszi,asztalos ,161,3,0,1,1,1,3,1,2,2,2,1,0,1,0,1,1,0,0,1,0,0,1,1,0,3,0,0,1,0,0,0,263,3,1,1,1,2,1,0,2,1,0,0,0,1
3122,l0,male,38,Nagykanizsa,asztalos ,166,0,2,1,0,1,1,1,1,2,0,0,0,0,0,1,0,0,0,1,0,1,0,0,0,2,1,0,4,0,3,0,0,1,0,1,2,1,0,0,1,1,0,1,0,1
3123,l0,male,41,Nagykanizsa,asztalos ,174,0,0,3,1,1,1,1,1,2,0,0,0,1,32679,1,0,0,1,1,1,1,1,1,1,1,1,0,3,2,3,4,6156,2,2,1,2,2,0,1,1,2,0,0,0,2
3124,l1,male,35,Nagybajcs,Szakorvos ,177,4,0,1,0,1,1,1,2,3,0,0,0,1,318821,0,0,0,0,1,1,1,1,1,0,1,2,0,4,0,3,4,809,2,2,1,1,1,1,0,1,1,0,1,1,2
3125,l0,male,40,Nagykanizsa,Szakorvos ,171,4,0,2,1,1,1,1,1,2,1,0,0,0,128596,1,0,0,0,1,1,0,1,1,1,2,1,1,4,1,0,0,178,3,3,1,1,2,1,1,1,0,0,0,0,1
3126,l1,female,47,Nagybajcs,Szakorvos ,176,3,0,3,1,1,3,1,2,2,2,1,0,0,92588,1,0,1,0,1,0,1,1,0,0,5,0,0,0,2,0,3,3,2,1,1,1,1,1,0,1,0,1,1,0,3
3127,l1,female,25,Budakeszi,Szakorvos ,168,4,1,3,1,1,2,1,3,3,1,0,0,0,476748,1,0,0,0,1,1,0,1,1,1,5,1,0,1,1,0,3,15907,1,0,1,3,2,0,1,1,1,1,1,0,4
3128,l0,male,25,Budakeszi,asztalos ,166,0,0,3,1,1,1,1,2,2,0,0,0,1,419451,1,0,0,0,1,1,0,1,1,0,1,0,0,1,2,0,0,306,2,3,1,1,2,1,1,2,2,1,1,0,1
3129,l0,male,39,Nagykanizsa,asztalos ,178,0,0,1,1,1,1,1,2,2,3,1,0,1,0,0,0,0,0,0,0,1,1,1,0,1,1,0,0,2,0,0,0,1,0,1,1,2,1,0,1,0,0,0,0,1
3130,l1,female,39,Nagykanizsa,asztalos ,171,3,1,4,1,1,1,1,3,3,2,0,0,0,0,0,0,0,0,1,0,0,0,1,0,0,1,0,1,1,4,3,798,1,0,1,3,0,0,0,1,0,0,1,1,1
3131,l0,male,29,Nagykanizsa,Lakatos ,151,4,0,3,1,1,1,1,1,3,2,1,0,1,0,1,0,0,0,1,1,0,1,1,1,5,2,0,3,0,1,4,429,3,1,1,1,2,0,0,0,0,1,0,0,1
3132,l0,male,58,Nagykanizsa,asztalos ,165,1,2,4,0,1,1,1,2,3,3,0,0,0,0,0,0,0,0,0,0,1,1,1,1,3,0,0,1,2,0,4,401,2,1,1,2,2,1,0,0,2,1,0,0,1
3133,l1,male,37,Budakeszi,Szakorvos ,161,0,0,2,0,1,1,1,2,3,1,1,0,1,0,0,0,0,0,1,0,0,1,0,0,4,2,0,1,2,0,0,464,2,1,1,1,2,1,1,1,0,0,0,0,2
3134,l0,female,59,Nagykanizsa,Szakorvos ,178,0,2,2,1,1,1,1,1,2,0,0,0,1,193285,1,0,1,0,0,0,1,1,1,1,0,2,0,1,0,0,0,289,2,3,0,1,2,0,0,2,1,0,0,0,1
3135,l0,male,27,Budakeszi,asztalos ,176,0,0,3,1,1,1,1,3,2,3,4,0,0,0,1,1,0,1,0,1,0,1,1,1,1,1,0,1,2,0,0,0,2,1,1,1,0,0,0,2,2,1,0,1,0
3136,l0,male,38,Budakeszi,Lakatos ,172,2,0,1,1,1,2,1,2,2,0,0,0,1,87412,0,0,0,0,0,1,1,1,1,1,2,3,0,1,2,0,1,169,2,0,1,3,1,1,1,1,0,0,0,1,3
3137,l0,male,25,Budakeszi,Lakatos ,170,3,0,1,1,1,1,1,2,2,0,0,0,0,570302,1,0,0,0,0,0,0,1,1,1,1,1,0,4,2,0,4,36,2,1,1,3,1,0,1,1,0,1,1,1,0
3138,l1,male,41,Budakeszi,asztalos ,175,4,1,4,0,1,1,1,1,2,2,1,0,1,265192,0,0,1,0,0,0,1,0,1,1,1,1,0,1,2,0,0,69,2,3,1,1,2,1,0,1,2,1,1,1,1
3139,l1,female,50,Nagykanizsa,Szakorvos ,179,0,0,3,1,1,1,0,1,2,0,0,0,0,162881,1,0,0,1,0,1,0,1,1,1,1,2,0,1,2,0,0,606,2,1,1,2,1,0,1,2,2,1,1,1,0
3140,l1,male,58,Nagykanizsa,asztalos ,167,0,0,2,1,1,1,0,1,2,0,1,0,1,163561,1,0,0,1,1,1,0,1,1,0,1,1,0,3,2,3,4,88407,1,1,1,3,1,0,0,1,1,2,1,1,1
3141,l0,male,52,Budakeszi,asztalos ,158,0,0,1,1,1,1,1,1,2,3,1,0,0,83484,1,0,1,1,1,0,0,1,0,0,2,2,0,4,0,3,0,363,2,1,1,2,1,1,1,1,2,1,1,0,1
3142,l1,male,48,Nagykanizsa,Szakorvos ,173,0,0,4,0,1,1,1,1,2,3,1,0,1,271430,1,0,0,0,0,0,1,1,1,1,0,1,0,0,2,0,0,59,2,3,1,3,2,0,0,1,1,1,1,1,1
3143,l1,male,47,Nagykanizsa,asztalos ,160,0,0,3,1,1,2,1,3,3,3,1,0,1,0,1,0,1,0,1,0,0,1,0,0,5,0,0,1,0,0,0,215,1,3,1,1,2,1,0,2,1,0,0,0,3
3144,l1,female,65,Nagykanizsa,Szakorvos ,166,4,0,2,0,1,1,1,0,0,0,0,0,0,0,0,0,0,0,1,0,0,0,1,1,4,0,0,1,0,0,3,66,2,1,1,3,2,1,0,1,0,1,1,1,1
3145,l0,male,56,Nagykanizsa,Lakatos ,164,4,0,1,1,1,1,1,5,2,2,1,0,0,0,1,1,0,0,1,0,0,1,1,0,0,3,0,1,0,0,3,100,2,3,0,2,2,0,0,1,2,1,1,1,1
3146,l1,male,31,Nagykanizsa,Lakatos ,179,4,0,4,1,1,1,1,1,2,1,0,0,0,30251,1,0,0,1,1,0,0,0,1,0,1,2,0,3,0,0,3,464,1,1,1,1,3,1,1,0,0,1,1,0,1
3147,l0,male,56,Nagykanizsa,asztalos ,161,4,0,3,1,1,1,1,1,2,1,0,0,0,307860,0,0,1,0,1,0,0,1,1,1,5,1,0,1,3,0,0,152,2,1,1,1,1,1,1,0,0,0,1,0,2
3148,l1,female,53,Nagykanizsa,Szakorvos ,189,3,0,2,1,1,1,0,4,2,0,0,0,0,0,0,0,0,1,0,1,0,1,1,1,1,1,0,1,0,0,0,336,3,3,1,1,0,1,0,2,1,1,1,1,1
3149,l0,male,48,Nagykanizsa,asztalos ,174,0,0,3,1,1,2,1,1,3,1,4,0,1,332096,1,1,1,0,1,0,1,1,1,1,1,1,0,0,2,0,4,594,2,0,1,3,0,1,1,1,0,1,1,0,2
3150,l0,male,44,Nagykanizsa,Lakatos ,164,4,0,0,0,1,1,1,1,2,5,0,0,0,46432,1,1,0,0,1,1,1,1,1,0,4,1,0,1,2,1,1,499,2,1,1,3,2,1,0,0,2,0,1,0,2
3151,l1,female,61,Budakeszi,Lakatos ,159,4,0,4,0,1,1,1,1,1,3,4,0,1,0,1,1,0,0,0,1,0,1,0,0,0,1,0,1,0,0,3,454,2,0,1,0,1,0,1,0,2,1,0,0,1
3152,l1,female,55,Nagykanizsa,Szakorvos ,164,1,0,4,0,0,1,1,1,2,0,0,1,1,307025,1,1,0,0,1,0,0,1,1,1,5,0,0,1,0,0,3,281,2,3,1,3,1,1,0,1,2,1,0,0,4
3153,l0,female,30,Nagykanizsa,Szakorvos ,189,0,0,4,1,1,2,1,3,3,7,4,0,1,34773,1,0,0,0,0,0,1,1,1,0,1,1,0,1,2,0,1,236,3,1,1,1,1,1,0,0,0,1,1,1,2
3154,l1,male,39,Budakeszi,Lakatos ,163,4,0,4,1,1,1,1,0,2,0,0,0,1,344252,1,0,0,0,1,1,1,1,1,1,3,1,0,1,2,1,3,50,3,1,1,3,1,0,0,1,0,0,1,1,3
3155,l1,male,63,Nagykanizsa,asztalos ,171,3,2,3,0,1,1,1,1,0,2,1,0,0,201396,1,0,1,0,1,1,1,0,1,0,1,1,0,1,2,0,1,0,2,1,1,1,2,0,0,0,0,0,0,0,1
3156,l0,male,56,Nagykanizsa,asztalos ,167,4,0,3,1,1,1,1,2,2,3,1,0,0,0,0,0,0,0,1,1,1,0,1,1,3,1,0,4,0,0,0,0,1,1,1,1,1,1,0,2,1,1,0,0,1
3157,l1,male,46,Nagybajcs,asztalos ,171,3,2,3,1,1,2,1,5,2,3,1,0,0,41094,1,0,0,1,1,0,0,1,1,0,3,1,0,3,0,0,4,534,1,1,1,1,0,1,1,1,2,1,1,0,0
3158,l1,male,27,Nagykanizsa,Lakatos ,154,4,0,3,1,1,2,0,2,2,1,0,0,0,0,1,1,0,0,1,0,0,1,1,1,1,1,0,4,3,0,3,0,3,1,1,1,1,0,0,0,0,0,1,1,1
3159,l0,male,45,Nagykanizsa,asztalos ,174,1,0,3,0,1,1,1,4,0,0,0,0,1,158754,0,0,1,0,1,0,0,1,1,1,1,1,0,0,0,0,3,0,2,0,1,1,2,0,0,0,0,0,1,0,0
3160,l1,female,30,Budakeszi,Szakorvos ,189,0,0,3,1,1,1,1,1,3,0,0,0,0,141833,1,0,1,0,1,0,1,1,1,0,1,0,0,3,2,1,3,7554,2,1,1,3,1,0,0,1,0,0,1,1,0
3161,l1,male,36,Nagykanizsa,Lakatos ,185,4,0,3,0,1,1,1,1,0,2,1,0,0,102603,0,0,0,0,1,0,1,1,1,0,5,1,1,1,0,0,0,82,3,3,1,3,0,1,0,1,0,1,1,1,1
3162,l0,female,32,Nagykanizsa,asztalos ,181,4,0,3,1,1,1,1,1,2,0,4,0,0,194241,1,0,0,0,1,1,0,0,1,0,3,2,0,1,0,0,2,663,2,0,1,1,2,1,1,1,0,0,1,1,1
3163,l0,male,61,Nagykanizsa,Lakatos ,179,0,0,3,1,1,1,1,1,2,1,1,0,0,0,1,0,0,0,0,0,1,1,1,1,1,2,0,3,0,0,1,577,2,1,0,1,1,0,1,0,0,0,1,1,0
3164,l1,male,57,Budakeszi,asztalos ,173,1,2,1,1,1,1,1,2,0,0,1,0,0,232189,1,0,0,0,1,0,0,1,1,1,1,3,0,1,0,0,3,0,2,0,1,1,1,1,0,1,2,0,0,1,3
3165,l0,male,46,Nagykanizsa,asztalos ,170,1,0,4,1,1,1,1,1,1,0,0,0,1,402404,0,0,0,0,1,1,0,1,1,1,1,1,0,3,0,1,0,4422,1,0,1,1,0,1,0,1,0,1,1,0,1
3166,l0,male,25,Nagykanizsa,Lakatos ,173,1,0,3,1,1,1,1,3,0,4,1,0,0,0,1,0,0,0,0,0,0,1,0,0,5,1,0,1,2,0,0,640,2,1,1,1,2,0,0,1,0,0,0,0,1
3167,l0,male,46,Nagykanizsa,Lakatos ,164,4,0,3,0,1,1,1,1,2,0,0,0,0,139137,1,0,1,0,1,1,0,0,1,0,5,1,0,4,2,1,4,89,2,0,1,1,1,0,0,2,2,0,0,0,3
3168,l1,male,59,Nagybajcs,Szakorvos ,173,0,0,3,0,1,2,1,3,3,0,0,0,1,379312,1,0,1,0,0,0,1,1,1,1,2,1,1,1,0,0,1,214,3,3,1,1,2,1,1,1,0,1,0,0,3
3169,l0,male,41,Nagykanizsa,Lakatos ,187,4,0,4,1,1,1,1,3,0,0,0,0,0,70722,1,0,0,0,1,0,0,1,1,1,5,0,0,1,1,0,4,372,2,3,1,3,1,1,0,1,0,1,1,1,0
3170,l1,female,34,Budakeszi,Szakorvos ,174,3,0,4,1,1,1,1,2,2,1,0,0,0,0,1,0,0,0,1,1,1,1,1,0,5,0,0,1,3,0,3,0,3,2,1,1,2,1,1,1,0,0,1,1,3
3171,l1,male,31,Nagykanizsa,asztalos ,174,0,0,3,1,1,2,1,1,2,5,4,0,1,1012048,1,0,0,0,0,0,1,1,1,0,0,1,0,3,2,0,0,0,2,1,1,1,0,0,0,1,0,1,1,1,1
3172,l0,male,45,Nagykanizsa,Lakatos ,164,1,0,1,1,1,1,1,1,2,0,0,0,1,198263,1,1,0,0,1,0,0,1,1,0,5,1,0,1,2,0,4,551,2,1,1,3,0,0,0,0,0,1,1,1,3
3173,l1,male,54,Budakeszi,Lakatos ,175,1,0,3,1,1,1,1,2,2,2,1,0,1,346062,0,0,1,0,1,1,0,1,1,1,5,3,0,0,2,0,0,0,1,3,1,1,2,0,0,1,2,1,1,0,3
3174,l0,male,28,Nagykanizsa,asztalos ,158,3,2,3,1,1,1,1,1,0,2,1,0,0,0,1,0,0,0,1,0,1,1,0,0,5,2,0,1,0,0,3,0,2,0,1,3,1,1,1,2,0,0,1,0,4
3175,l0,male,44,Nagybajcs,Lakatos ,155,3,0,2,1,1,1,1,1,2,1,0,0,0,68120,1,0,1,0,1,1,1,0,1,1,5,1,0,1,1,2,2,374,1,1,1,3,0,0,0,0,0,0,1,1,1
3176,l1,male,29,Nagykanizsa,asztalos ,172,2,1,3,0,1,1,1,0,2,7,4,0,1,0,1,1,0,0,1,0,0,0,1,0,1,1,0,1,2,0,3,789,2,1,1,2,2,1,1,1,2,0,0,0,4
3177,l0,male,50,Budakeszi,asztalos ,171,4,2,3,1,1,1,1,1,3,5,4,0,0,140403,1,0,0,0,0,0,0,1,1,0,0,1,0,4,2,2,4,0,1,0,0,0,1,0,0,1,0,1,1,1,1
3178,l0,male,47,Budakeszi,asztalos ,160,3,0,3,0,1,1,1,2,0,5,4,0,0,78615,1,0,1,0,0,1,1,1,1,1,1,2,0,0,1,0,0,0,2,0,1,2,2,0,0,1,0,0,0,0,1
3179,l1,male,28,Budakeszi,Szakorvos ,164,1,2,3,0,1,1,1,1,3,2,0,0,1,0,1,0,1,0,0,0,1,0,1,0,1,2,0,1,0,0,0,249,2,1,1,1,2,0,0,1,0,1,0,0,1
3180,l0,male,62,Nagykanizsa,asztalos ,166,3,0,3,0,1,1,1,1,0,3,1,0,0,0,1,1,0,0,1,0,0,0,0,0,0,1,0,0,1,0,0,418,3,3,1,3,2,1,0,1,1,0,0,0,1
3181,l1,female,25,Nagykanizsa,Szakorvos ,171,1,2,4,1,1,1,1,1,2,0,3,0,0,372087,0,0,0,1,1,1,0,1,0,0,1,1,0,1,2,2,0,342,2,0,1,2,2,1,1,2,1,0,0,0,3
3182,l1,male,64,Nagykanizsa,Szakorvos ,157,4,0,3,1,1,1,1,2,3,2,1,0,0,89067,1,0,1,0,1,1,1,1,1,1,1,2,0,1,2,1,3,0,2,1,1,1,0,0,0,1,0,1,1,1,0
3183,l1,male,57,Nagykanizsa,Lakatos ,165,0,0,3,1,1,2,1,1,0,1,1,0,1,575000,0,0,1,0,1,1,0,1,1,0,1,1,0,4,2,0,3,189,2,1,1,1,2,0,1,1,0,1,1,1,1
3184,l1,male,47,Nagykanizsa,Szakorvos ,163,1,0,4,1,1,1,1,2,2,1,0,0,0,231640,1,1,0,0,1,0,1,1,0,0,4,1,0,0,2,0,0,531,3,1,1,2,2,1,1,2,2,0,0,0,0
3185,l0,female,63,Nagykanizsa,Szakorvos ,169,0,0,4,1,1,1,1,1,3,0,0,0,1,204958,1,0,0,0,0,1,0,1,1,0,1,2,0,1,2,0,0,322,2,1,1,1,0,0,0,2,2,1,0,1,3
3186,l0,male,30,Nagybajcs,Szakorvos ,168,3,0,4,1,1,2,1,3,2,6,4,0,0,94776,0,0,1,0,1,0,0,1,0,1,0,2,0,1,2,0,3,243,2,2,1,2,2,0,0,1,1,1,0,0,4
3187,l1,male,28,Nagykanizsa,Szakorvos ,169,0,0,2,1,1,2,1,0,3,4,4,0,1,277218,0,0,0,0,1,1,0,1,1,1,4,0,0,1,2,0,1,0,2,1,1,1,1,1,1,1,1,1,1,0,1
3188,l1,male,34,Nagykanizsa,Lakatos ,173,0,0,4,1,1,2,1,4,2,1,1,0,1,99840,1,0,0,0,1,0,0,1,1,0,1,0,0,1,0,3,1,303,2,2,1,2,0,0,0,1,1,0,1,1,4
3189,l0,female,43,Budakeszi,Lakatos ,194,4,1,3,0,1,1,1,2,2,0,0,0,0,280021,1,0,1,0,1,1,0,1,1,0,5,1,1,1,2,1,1,417,3,3,1,1,2,0,1,2,2,1,0,0,0
3190,l0,male,50,Nagykanizsa,Lakatos ,158,0,0,1,0,1,1,0,2,2,0,0,0,0,0,1,0,1,0,1,1,1,1,0,0,5,1,0,4,0,0,2,594,1,1,1,0,0,1,0,1,0,0,1,0,3
3191,l0,female,31,Budakeszi,Lakatos ,168,0,0,1,1,1,1,1,0,3,1,1,0,1,412190,1,0,1,0,1,1,1,1,0,0,5,1,1,1,0,0,0,50,2,3,1,1,0,0,1,1,0,1,0,0,1
3192,l1,male,61,Budakeszi,Lakatos ,171,4,1,4,1,1,1,1,2,2,0,0,0,0,4744,0,0,1,0,1,0,1,0,1,1,1,1,1,4,2,0,0,214,3,1,1,1,2,1,0,1,2,0,1,1,1
3193,l0,male,27,Budakeszi,asztalos ,174,0,0,3,1,1,1,1,2,2,5,4,0,1,0,1,1,0,0,1,1,0,1,0,0,5,1,0,1,2,0,1,287,3,0,1,1,2,1,0,1,0,0,1,0,1
3194,l0,male,30,Nagykanizsa,asztalos ,175,3,0,3,1,1,2,1,1,3,4,0,0,0,60186,1,0,0,0,1,1,0,0,0,1,1,1,0,1,2,0,4,0,3,1,1,1,0,0,0,1,0,1,1,1,2
3195,l1,female,43,Nagybajcs,Szakorvos ,178,4,0,3,1,1,2,1,0,3,3,0,0,1,0,1,0,0,0,1,0,1,1,1,0,1,2,0,1,2,3,2,830,2,0,1,3,2,1,1,1,1,0,0,0,3
3196,l0,male,62,Nagykanizsa,asztalos ,171,4,0,3,0,1,2,0,1,2,0,0,0,0,0,0,0,0,1,1,0,0,1,1,1,0,2,0,1,2,0,0,42,1,0,1,2,2,0,0,1,0,1,1,0,0
3197,l0,male,53,Nagybajcs,asztalos ,168,3,0,1,0,1,1,1,1,0,2,1,0,1,231990,1,1,0,0,0,1,0,1,1,0,0,1,0,1,0,2,4,0,3,0,1,1,0,1,1,2,2,1,1,1,4
3198,l0,male,62,Nagykanizsa,Lakatos ,159,0,0,1,1,1,2,1,2,2,2,1,0,0,33486,1,0,0,0,1,0,0,1,1,1,5,0,0,1,0,0,3,337,3,1,1,3,2,0,0,1,1,0,1,1,1
3199,l0,male,33,Nagykanizsa,asztalos ,194,3,0,3,1,1,1,1,1,3,5,4,0,0,387164,1,1,0,0,1,0,0,1,1,0,0,2,0,4,0,0,0,0,2,0,1,3,2,1,1,2,1,0,1,0,0
3200,l1,male,36,Budakeszi,Szakorvos ,163,0,0,3,1,1,1,1,0,2,6,0,0,0,579056,0,0,1,0,1,1,0,1,1,1,5,0,0,4,1,0,0,354,1,1,1,2,1,0,1,0,0,1,1,1,3
3201,l1,male,36,Nagykanizsa,Lakatos ,167,3,0,3,1,1,1,1,2,2,0,1,0,0,524420,1,0,1,0,1,0,0,1,0,0,3,0,0,1,0,3,4,562,3,1,1,1,0,0,1,1,2,0,1,1,4
3202,l1,female,25,Budakeszi,Szakorvos ,176,0,2,2,1,1,1,1,2,2,3,4,0,1,0,1,0,1,0,0,0,0,1,1,0,1,2,0,1,0,0,0,371,3,3,1,1,2,1,1,1,2,1,1,1,1
3203,l1,male,36,Budakeszi,Lakatos ,167,3,0,4,1,1,1,1,1,3,0,0,0,1,559766,1,1,1,1,1,0,0,1,1,1,1,0,0,1,2,0,0,247,2,2,1,1,2,1,0,2,2,0,1,0,1
3204,l1,male,56,Nagykanizsa,asztalos ,172,3,0,2,1,1,1,1,1,3,0,3,0,1,0,0,0,0,1,1,0,1,1,0,0,5,1,0,1,1,0,0,0,2,3,1,3,0,1,1,1,2,1,0,0,1
3205,l1,male,46,Budakeszi,Lakatos ,168,4,2,3,1,1,1,1,2,2,2,1,0,1,0,1,0,0,0,1,1,0,1,0,0,5,1,0,1,4,0,4,4041,1,1,1,3,1,0,0,0,1,0,1,0,3
3206,l1,male,62,Nagykanizsa,asztalos ,179,4,0,3,1,1,2,1,1,1,5,4,0,1,465914,0,0,0,0,0,0,0,0,1,0,5,1,0,1,0,0,4,132,3,1,0,0,2,1,0,1,0,1,1,1,1
3207,l1,male,57,Nagykanizsa,Lakatos ,171,4,0,2,1,1,2,1,1,3,1,4,0,0,110250,1,0,0,0,1,1,1,0,1,0,5,1,0,0,0,0,4,4378,3,1,1,3,2,1,0,1,1,0,1,1,4
3208,l0,male,47,Budakeszi,Lakatos ,168,4,0,3,0,1,1,1,1,2,2,1,0,1,102022,0,0,0,0,0,0,1,1,1,1,1,2,0,1,0,0,0,0,3,1,1,0,2,1,1,1,0,0,0,0,4
3209,l1,female,62,Budakeszi,Szakorvos ,182,3,0,3,0,1,1,0,1,0,1,0,0,0,0,1,0,0,0,1,0,0,1,0,0,3,0,0,1,2,2,4,1033,2,1,1,3,2,1,0,0,0,0,1,0,1
3210,l1,male,57,Nagykanizsa,Szakorvos ,175,4,0,3,0,1,1,0,1,0,0,1,1,0,0,1,0,0,0,0,0,1,1,1,0,5,1,0,4,2,0,0,347,3,1,1,3,2,0,0,1,1,0,0,1,1
3211,l1,male,51,Nagykanizsa,Lakatos ,170,0,2,3,1,1,2,1,3,2,0,0,0,1,11129179,1,0,0,0,1,0,1,1,1,0,1,1,0,1,2,0,1,102,1,0,1,2,2,1,0,2,2,1,0,0,4
3212,l0,male,44,Budakeszi,Lakatos ,162,1,2,3,1,1,1,1,1,3,1,0,0,0,0,1,1,0,0,1,0,0,0,0,0,5,0,0,1,0,0,0,0,2,1,1,3,1,0,1,1,2,1,0,0,3
3213,l1,male,61,Nagykanizsa,asztalos ,164,0,0,3,1,1,1,1,1,3,5,4,0,0,204191,1,0,1,0,1,0,0,1,1,1,3,1,0,1,2,0,0,7597,3,1,1,1,2,0,0,1,1,1,1,0,4
3214,l0,male,55,Nagykanizsa,asztalos ,160,4,0,1,1,1,1,1,3,3,2,1,0,0,602915,1,1,1,0,1,1,0,1,1,1,1,0,0,0,2,3,3,0,2,0,0,1,2,0,1,0,0,0,0,0,2
3215,l1,male,29,Nagykanizsa,Szakorvos ,164,0,1,2,0,1,1,1,1,2,3,4,0,0,103928,1,0,0,0,1,1,0,1,0,0,1,2,0,3,2,0,0,475,2,0,1,3,1,1,1,1,0,1,1,1,1
3216,l1,male,31,Nagybajcs,asztalos ,168,3,1,3,1,1,1,1,2,0,4,4,0,1,354947,0,0,1,0,1,0,0,0,1,0,1,2,0,0,4,3,3,383,2,0,1,2,1,1,0,2,2,1,1,1,1
3217,l0,male,45,Nagykanizsa,asztalos ,166,1,0,1,1,1,2,1,1,3,2,1,0,0,0,1,0,0,0,0,0,0,1,1,0,1,0,0,1,2,3,1,0,2,2,0,1,2,1,0,0,2,1,1,1,1
3218,l1,male,51,Nagybajcs,Lakatos ,177,3,0,1,1,1,1,1,1,2,0,0,0,1,83035,0,0,0,0,0,0,0,0,1,0,0,1,0,1,2,0,3,178,2,0,1,2,2,0,1,1,0,1,0,1,1
3219,l1,male,58,Budakeszi,Lakatos ,163,4,2,4,1,1,1,1,1,3,1,0,0,0,307339,1,1,1,1,1,0,0,1,1,0,3,1,0,1,4,1,0,474,2,3,1,3,2,1,1,2,2,0,0,0,1
3220,l1,female,61,Budakeszi,Lakatos ,175,0,2,3,1,1,1,1,2,3,0,0,0,1,375484,0,0,1,0,1,0,0,1,1,1,1,1,0,0,0,1,0,69,2,1,1,3,1,0,0,1,1,0,0,0,4
3221,l1,female,33,Nagykanizsa,Lakatos ,167,1,0,1,1,1,1,1,0,2,4,0,0,1,0,1,0,0,1,1,1,0,1,1,1,1,1,0,1,2,3,1,322,3,2,1,1,1,1,1,1,0,0,1,0,1
3222,l0,male,31,Nagykanizsa,asztalos ,169,4,2,3,1,1,1,1,1,3,0,0,0,1,124613,0,0,0,0,1,0,0,1,0,0,1,3,0,0,0,0,4,372,3,2,1,3,1,1,0,2,0,0,1,0,3
3223,l1,male,27,Nagykanizsa,Lakatos ,174,3,2,3,1,1,1,1,1,3,2,1,0,1,104866,1,0,0,0,1,1,0,1,1,1,5,2,1,1,2,1,4,173,3,3,1,2,2,0,0,0,1,1,1,0,1
3224,l1,female,52,Nagykanizsa,Szakorvos ,170,4,2,3,0,1,1,1,1,3,0,0,0,1,190562,0,0,0,1,0,0,0,1,1,1,1,1,0,0,0,1,1,0,2,3,0,2,2,1,0,2,2,1,1,1,1
3225,l0,male,51,Nagykanizsa,Lakatos ,185,0,0,4,1,1,1,1,3,3,1,1,0,1,70486,1,1,0,0,0,0,0,1,1,1,0,1,0,1,2,0,0,0,1,0,1,0,0,1,1,1,0,1,0,0,1
3226,l0,male,45,Nagybajcs,Lakatos ,170,4,0,1,0,1,1,1,2,2,3,0,0,0,0,1,1,1,0,1,0,0,1,1,1,5,3,1,1,2,0,3,548,2,3,1,2,1,0,0,2,2,0,1,0,1
3227,l1,male,63,Budakeszi,asztalos ,181,4,2,3,1,1,2,1,1,2,1,0,0,1,0,1,0,1,1,1,1,0,1,1,0,3,1,1,1,2,0,4,194,2,1,1,2,2,1,0,1,2,1,0,1,4
3228,l0,male,45,Budakeszi,asztalos ,164,3,0,3,1,1,1,1,3,0,2,1,0,0,76108,1,0,0,0,1,1,0,1,0,0,0,0,1,1,1,3,3,0,3,3,1,1,1,1,1,1,2,1,0,0,1
3229,l1,male,28,Nagykanizsa,Lakatos ,172,3,0,4,1,1,1,1,1,2,0,0,0,0,132694,1,1,0,0,1,0,0,1,1,1,1,1,0,1,2,0,2,289,3,2,1,1,1,0,1,0,0,1,1,1,1
3230,l0,male,45,Nagykanizsa,Lakatos ,163,3,0,3,1,1,1,1,4,3,1,1,0,1,101477,1,0,0,0,1,0,0,1,1,0,0,3,0,1,0,0,4,151,2,2,1,3,2,0,0,0,1,0,1,0,1
3231,l1,male,29,Nagykanizsa,asztalos ,154,4,0,3,1,1,1,1,1,0,3,1,0,1,0,0,0,0,0,0,1,0,1,1,0,1,1,0,1,2,0,4,6947,3,1,1,1,2,0,1,1,1,1,1,1,1
3232,l1,female,52,Budakeszi,Szakorvos ,174,4,0,3,0,1,1,1,1,2,2,0,0,1,0,1,0,0,0,1,0,0,1,1,1,5,3,1,1,0,0,0,0,3,0,1,3,2,1,1,1,1,1,1,1,1
3233,l0,male,61,Nagybajcs,asztalos ,159,4,0,3,1,1,1,1,2,2,0,0,0,1,574551,1,0,0,0,1,1,1,1,1,0,0,0,0,0,2,2,4,23513,2,1,1,2,3,0,0,1,0,1,1,1,4
3234,l1,male,57,Nagybajcs,Szakorvos ,167,3,0,3,0,1,1,1,2,2,1,1,0,0,438929,1,1,1,1,1,1,1,1,0,0,0,2,0,1,2,0,4,44,3,3,0,2,2,0,1,2,2,0,0,0,0
3235,l1,female,48,Nagybajcs,Szakorvos ,168,4,0,4,1,1,1,1,0,3,0,0,0,1,161479,1,1,1,0,1,0,0,1,1,0,5,1,0,1,2,0,1,0,2,0,1,1,2,1,1,2,2,1,0,0,1
3236,l1,male,53,Nagykanizsa,Szakorvos ,166,4,0,3,1,1,1,1,2,3,5,1,0,0,0,1,0,1,1,1,0,0,0,1,1,1,2,0,1,0,0,0,0,2,2,1,3,0,1,1,1,2,1,1,1,2
3237,l1,male,53,Budakeszi,Szakorvos ,156,3,0,2,1,1,1,1,1,2,0,0,0,0,0,1,1,0,0,1,0,1,1,1,0,5,1,0,0,0,3,4,493,1,1,1,3,1,1,1,1,0,1,1,0,0
3238,l0,male,53,Nagybajcs,asztalos ,172,0,0,3,1,1,2,1,0,2,1,0,0,0,111891,1,0,0,0,1,1,0,0,1,1,5,1,0,1,3,0,3,212,2,0,1,2,1,0,1,2,1,1,1,1,1
3239,l1,female,29,Nagykanizsa,Szakorvos ,178,4,2,4,0,1,1,1,1,2,2,1,0,0,366982,0,0,0,0,1,1,0,1,0,0,1,1,0,1,2,0,0,127,3,3,1,2,2,0,0,1,2,0,1,1,3
3240,l1,male,45,Nagykanizsa,asztalos ,165,4,0,3,1,1,2,1,1,2,1,0,0,0,0,0,0,0,0,1,1,0,0,1,1,5,1,0,0,0,1,3,579,1,1,1,1,0,0,0,1,2,0,1,1,4
3241,l1,male,59,Nagykanizsa,Szakorvos ,173,0,0,3,0,1,1,1,1,3,5,1,0,0,284643,1,0,0,0,1,0,0,0,1,0,2,0,0,1,0,0,0,0,2,1,1,1,1,1,0,1,0,1,1,1,1
3242,l1,male,26,Nagybajcs,Lakatos ,163,3,0,4,1,1,1,1,1,2,0,0,0,0,0,1,0,0,1,1,1,0,1,1,1,1,0,0,1,2,0,4,5558,2,0,1,3,2,1,1,2,2,1,0,0,3
3243,l0,female,30,Nagykanizsa,asztalos ,171,3,2,1,1,1,1,1,1,2,3,0,0,0,195717,1,0,0,0,0,0,1,1,1,1,5,1,0,1,0,0,0,103,3,3,0,1,1,0,0,0,1,1,0,0,1
3244,l0,male,59,Budakeszi,Lakatos ,178,3,0,1,0,1,1,1,1,2,0,0,0,0,202501,1,0,1,0,1,0,0,1,1,0,3,1,0,1,0,0,4,64,2,2,1,2,1,0,1,1,2,1,1,1,1
3245,l1,male,28,Nagykanizsa,Szakorvos ,182,0,0,3,1,1,1,1,2,0,9,0,0,1,73778,0,0,0,1,1,0,0,0,0,0,2,0,0,1,2,0,3,113,1,3,0,1,0,1,0,2,2,0,0,0,3
3246,l0,male,43,Budakeszi,asztalos ,166,2,1,3,1,1,2,1,3,2,1,0,0,1,135909,1,0,1,0,1,0,1,1,1,0,3,2,0,1,0,3,3,4407,3,1,1,2,2,1,0,0,0,1,0,0,3
3247,l0,male,38,Nagykanizsa,asztalos ,165,3,1,3,1,1,1,1,2,3,3,1,0,1,190228,1,1,0,0,1,0,1,1,1,1,1,1,0,4,0,1,4,215,2,1,1,2,0,1,0,0,0,0,1,1,1
3248,l1,male,48,Nagykanizsa,Lakatos ,164,0,1,4,1,1,1,1,1,3,2,4,0,0,811395,1,0,0,0,0,0,0,1,0,0,1,1,1,4,1,0,1,33,3,3,1,1,2,0,0,1,2,0,0,0,0
3249,l0,male,52,Nagykanizsa,asztalos ,156,4,0,3,1,1,1,1,1,0,2,1,0,1,14309556,1,0,1,0,1,0,0,1,0,0,1,2,0,1,2,1,3,28694,2,1,1,1,2,1,0,1,0,0,1,1,3
3250,l1,male,29,Nagykanizsa,Szakorvos ,171,3,2,3,1,1,2,0,2,2,6,1,0,1,125278,1,1,0,0,1,0,1,1,0,0,1,1,1,1,0,0,1,0,3,0,1,3,2,1,0,0,2,1,1,1,2
3251,l1,female,58,Budakeszi,Szakorvos ,174,4,2,4,1,1,2,1,1,2,1,1,0,1,636333,1,1,0,0,0,0,1,1,1,1,0,1,0,1,0,0,1,415,2,1,0,1,1,1,0,2,2,0,0,0,0
3252,l0,male,54,Budakeszi,Szakorvos ,160,4,0,1,1,1,1,1,1,2,0,0,0,0,0,0,1,0,0,1,0,0,1,1,0,1,1,0,1,4,0,1,467,1,1,0,1,1,1,1,2,2,1,0,0,1
3253,l0,male,61,Nagykanizsa,Szakorvos ,174,1,0,3,1,1,1,1,1,2,1,1,0,1,152330,0,0,0,0,1,0,0,0,1,1,5,1,0,1,0,0,0,321,1,0,1,3,2,0,0,1,0,0,1,1,1
3254,l0,female,54,Nagykanizsa,Lakatos ,178,4,0,4,1,1,1,1,2,2,2,1,0,0,75083,1,0,1,0,1,1,0,0,1,0,5,1,0,1,1,3,3,52,3,2,1,3,1,1,0,1,2,1,0,0,1
3255,l1,male,49,Budakeszi,Lakatos ,156,4,2,4,1,1,2,1,0,3,2,1,0,0,0,1,0,0,0,1,0,0,1,1,1,1,1,0,4,0,3,0,0,2,0,1,1,2,1,0,2,2,1,1,0,2
3256,l1,male,50,Budakeszi,Lakatos ,167,0,0,0,1,1,1,1,3,2,0,0,0,0,35251,0,0,0,0,1,0,0,1,1,1,1,1,0,4,2,0,3,561,1,0,1,0,2,0,0,0,0,2,1,0,2
3257,l0,male,37,Nagykanizsa,asztalos ,162,4,0,3,1,1,1,1,2,2,0,0,0,0,420374,1,0,0,0,0,0,0,1,1,1,1,1,0,3,2,0,0,146,2,1,1,0,2,0,0,1,2,0,0,0,1
3258,l1,male,40,Nagykanizsa,Szakorvos ,186,0,0,4,0,1,3,1,1,0,5,1,0,0,52763,0,0,0,0,1,0,1,1,0,0,2,1,0,4,0,0,0,90,2,1,1,2,2,1,1,1,2,1,0,0,0
3259,l0,male,59,Budakeszi,asztalos ,173,3,0,3,1,1,1,1,2,2,7,4,0,0,255619,1,0,0,0,1,0,0,1,1,0,0,1,0,1,2,0,0,0,3,1,1,1,2,0,0,0,0,1,1,0,3
3260,l0,male,39,Nagykanizsa,asztalos ,164,1,0,3,1,1,1,1,1,2,5,1,0,1,173646,0,0,0,0,1,1,0,1,1,1,2,1,0,1,2,0,0,282,2,1,1,1,2,0,0,1,0,0,1,0,1
3261,l0,male,39,Nagybajcs,Lakatos ,156,3,0,1,1,1,1,1,1,2,0,4,0,0,29916,1,0,1,0,1,1,1,1,1,0,5,1,0,3,2,0,4,399,1,1,1,3,2,0,0,1,2,0,0,0,1
3262,l0,male,57,Budakeszi,asztalos ,171,4,0,3,1,1,1,1,1,3,0,0,0,0,7096,0,0,0,0,1,1,1,0,1,1,5,3,0,4,0,1,0,296,2,3,1,3,1,1,0,1,0,2,0,0,1
3263,l0,male,39,Budakeszi,Lakatos ,179,0,0,4,0,1,1,1,2,2,0,0,0,0,89007,1,0,0,0,1,0,0,0,1,0,5,1,1,1,0,0,1,0,3,3,1,1,0,0,1,1,1,1,0,0,3
3264,l1,female,58,Nagykanizsa,Szakorvos ,183,4,1,4,1,1,1,1,2,2,0,0,0,1,403772,0,0,1,0,1,1,1,1,1,0,4,1,0,1,1,0,4,569,2,3,1,3,2,0,0,2,0,0,0,0,3
3265,l0,male,36,Nagykanizsa,asztalos ,156,0,0,4,1,1,1,1,1,2,2,4,0,1,809667,1,1,1,0,1,0,0,0,1,1,4,2,1,4,2,0,0,183,3,3,1,3,2,1,0,1,2,0,1,1,1
3266,l1,male,58,Budakeszi,Lakatos ,175,4,0,2,1,1,1,1,1,2,2,4,0,1,0,1,0,0,0,0,0,0,1,1,0,0,0,0,3,2,0,0,0,2,0,1,1,2,1,1,1,0,1,1,1,1
3267,l1,female,63,Budakeszi,Lakatos ,172,3,0,3,1,1,1,1,2,3,15,4,0,0,293292,1,0,1,0,0,0,0,1,1,1,0,1,0,4,0,3,1,458,2,3,0,1,1,1,0,2,2,1,1,1,1
3268,l1,female,57,Nagykanizsa,Szakorvos ,172,3,0,2,1,1,1,1,2,2,1,1,0,1,208749,1,0,0,0,1,1,0,1,1,1,2,3,0,1,2,0,3,379,2,0,1,1,2,0,0,1,0,2,1,1,4
3269,l1,male,27,Budakeszi,Lakatos ,167,0,0,3,1,1,2,1,3,2,4,2,0,1,225800,0,0,1,1,1,0,0,1,0,0,5,0,0,3,1,0,3,157,2,0,1,1,0,1,1,2,2,1,0,0,1
3270,l0,male,54,Nagykanizsa,Lakatos ,166,3,0,1,0,0,0,1,0,2,4,4,0,1,695225,1,0,0,0,1,0,1,0,1,1,4,1,0,1,0,2,3,334,3,3,0,1,2,0,0,1,1,0,1,0,1
3271,l0,male,44,Nagykanizsa,asztalos ,169,4,0,1,0,1,1,1,1,3,3,1,0,1,0,1,0,1,0,1,1,1,1,1,1,4,0,0,1,2,3,0,649,2,1,1,2,1,1,0,1,0,0,1,0,1
3272,l1,male,35,Nagykanizsa,asztalos ,175,0,0,3,1,1,1,1,1,2,2,0,0,1,521739,1,0,0,0,1,0,1,1,0,0,5,1,0,1,2,3,2,574,2,0,1,1,1,0,0,0,1,0,0,0,2
3273,l1,female,35,Budakeszi,Szakorvos ,190,0,0,4,0,1,1,1,1,2,3,1,0,0,0,1,0,0,1,1,0,1,1,1,1,5,1,1,0,2,0,3,654,3,3,1,3,0,1,1,1,0,0,1,1,1
3274,l1,male,56,Nagykanizsa,asztalos ,171,4,0,3,1,1,2,1,2,2,4,1,0,0,225862,1,0,0,0,1,0,1,1,1,0,1,0,0,1,1,0,4,663,2,1,1,1,0,1,0,1,0,1,1,0,0
3275,l1,male,63,Nagykanizsa,asztalos ,177,0,0,3,0,1,1,1,2,3,6,1,0,0,219137,1,0,1,1,0,1,0,1,1,1,1,2,0,0,2,0,0,0,3,0,1,0,1,1,0,1,1,0,1,1,2
3276,l1,male,27,Budakeszi,asztalos ,165,1,0,2,1,1,1,1,2,2,4,4,0,0,224606,1,0,0,0,1,1,0,1,1,0,5,1,0,1,0,3,3,469,2,0,1,3,2,0,0,2,0,0,1,0,3
3277,l0,male,63,Budakeszi,Lakatos ,164,3,0,1,0,1,1,1,1,2,2,1,0,1,26666,1,0,0,0,1,1,0,1,1,1,1,0,1,0,0,0,1,178,3,3,1,3,1,1,0,2,2,0,1,1,4
3278,l0,male,52,Budakeszi,asztalos ,171,0,0,3,0,1,1,1,2,3,2,1,0,0,0,1,0,0,0,1,1,1,1,0,0,1,1,1,1,0,0,1,507,3,1,1,1,2,0,1,1,0,0,0,0,1
3279,l0,female,25,Nagykanizsa,Szakorvos ,166,3,0,3,1,1,1,1,1,3,1,1,0,0,366383,0,0,0,0,1,0,1,1,0,0,1,0,0,3,2,3,4,478,3,3,1,3,2,1,1,0,0,0,1,0,2
3280,l1,male,59,Nagykanizsa,asztalos ,165,3,0,3,1,1,1,1,1,0,2,0,0,0,13955,1,0,1,0,0,0,0,0,1,1,3,0,1,1,0,1,0,598,2,3,1,0,2,0,0,0,0,1,0,0,1
3281,l1,male,46,Nagykanizsa,Szakorvos ,160,3,0,2,1,1,1,1,1,2,6,1,0,0,157606,1,0,0,1,1,0,1,1,1,1,5,1,0,1,0,3,4,1035,3,1,1,3,0,1,0,2,1,0,0,0,0
3282,l1,male,44,Budakeszi,Szakorvos ,158,0,2,4,1,1,1,1,1,2,0,0,0,1,456315,1,0,1,0,1,0,0,1,1,1,2,1,0,1,2,0,0,0,2,0,1,3,2,1,0,0,0,1,1,1,2
3283,l0,male,49,Nagykanizsa,Lakatos ,153,4,0,3,1,1,1,1,1,2,1,0,0,1,383098,1,1,1,0,1,1,0,0,1,0,0,0,0,1,0,4,3,405,2,3,1,3,1,1,1,1,0,0,1,0,3
3284,l1,male,43,Budakeszi,Lakatos ,166,1,0,3,1,1,1,1,4,3,0,0,0,1,579107,1,0,1,0,1,1,1,1,0,0,5,1,0,4,0,0,0,0,1,1,1,3,1,0,0,0,1,0,0,1,3
3285,l0,male,47,Budakeszi,Lakatos ,174,3,0,3,1,1,2,1,1,3,3,1,0,1,567114,0,0,0,0,1,1,0,1,1,1,5,2,0,1,2,0,0,0,2,1,1,2,2,0,0,1,0,0,0,0,1
3286,l1,female,47,Nagykanizsa,Szakorvos ,177,4,0,2,1,1,2,1,1,3,2,4,0,1,247471,1,0,1,1,0,1,0,0,0,0,1,1,0,0,2,0,1,0,1,1,1,1,2,1,0,2,2,1,1,0,0
3287,l1,female,56,Nagykanizsa,Szakorvos ,169,1,2,4,1,1,1,1,1,3,5,4,0,1,243565,1,1,0,1,1,1,0,1,0,0,2,1,0,1,0,0,1,305,2,1,1,2,2,1,1,2,2,0,0,0,1
3288,l0,male,38,Nagybajcs,asztalos ,159,4,1,3,1,1,2,1,1,2,3,4,0,0,484669,0,0,1,0,1,0,0,0,1,1,5,1,0,1,1,2,4,713,2,3,1,1,1,1,1,2,0,0,1,0,2
3289,l1,female,54,Nagykanizsa,Szakorvos ,190,4,0,2,1,1,1,1,2,2,3,1,0,0,0,1,0,1,1,1,0,1,1,1,1,5,2,1,1,2,0,3,65763,3,2,1,3,0,1,0,2,2,1,0,0,1
3290,l1,male,39,Nagykanizsa,Lakatos ,167,0,0,4,1,1,1,1,0,2,0,0,0,1,387189,1,0,0,0,1,1,1,1,0,0,0,0,0,1,2,0,1,446,2,1,1,3,0,0,0,2,1,0,1,1,1
3291,l0,male,41,Nagybajcs,Lakatos ,174,0,0,1,0,0,1,1,1,3,5,1,0,1,81291,0,0,1,0,1,1,1,1,1,1,5,1,0,0,0,0,3,289,2,1,1,1,2,0,0,1,2,0,1,1,3
3292,l1,male,54,Budakeszi,asztalos ,167,4,0,3,1,1,1,1,1,2,3,1,0,0,529218,1,0,1,1,1,0,0,1,1,1,0,1,0,1,0,0,0,38,2,1,1,2,1,1,1,2,2,1,1,1,3
3293,l0,male,32,Nagykanizsa,Lakatos ,175,4,0,1,1,1,1,1,1,2,4,1,0,1,471849,1,0,1,1,1,0,0,1,1,1,1,0,0,1,0,0,4,777,3,3,1,3,2,1,1,1,2,1,0,0,2
3294,l0,male,50,Nagybajcs,asztalos ,171,3,1,3,0,0,0,1,0,3,6,0,0,1,287922,1,0,1,0,1,0,0,1,0,0,1,2,0,1,2,1,1,1187,2,3,1,1,2,0,0,0,0,1,1,0,1
3295,l1,male,26,Nagykanizsa,Szakorvos ,181,2,1,4,0,1,1,1,1,2,4,1,0,1,32518,1,0,1,0,1,0,0,1,0,0,5,1,0,1,0,0,4,126,2,1,1,1,2,1,0,1,2,0,1,0,1
3296,l0,male,46,Budakeszi,Lakatos ,162,0,0,1,1,1,1,1,2,3,2,1,0,1,243085,1,0,1,0,1,0,0,1,1,1,0,2,0,3,2,0,3,194,2,3,1,2,1,0,0,0,0,1,1,1,3
3297,l0,male,38,Nagybajcs,Lakatos ,180,1,0,0,0,1,1,1,1,3,3,1,0,0,0,1,0,1,0,1,0,0,1,0,0,0,0,0,1,2,0,0,455,2,0,1,0,1,1,0,1,0,0,0,0,1
3298,l1,female,39,Nagykanizsa,asztalos ,180,3,1,3,0,1,1,1,1,2,2,0,0,1,286463,1,0,1,0,1,0,0,1,0,0,5,0,0,1,2,0,1,163,2,1,1,2,1,0,0,2,2,1,0,0,3
3299,l1,female,47,Nagykanizsa,Szakorvos ,178,3,0,3,0,1,1,1,2,2,0,0,0,0,0,1,0,1,0,1,0,0,1,1,1,1,1,0,1,0,0,0,337,3,1,1,2,1,0,0,0,0,0,1,0,0
3300,l1,male,60,Nagykanizsa,Lakatos ,167,3,0,3,1,1,2,1,1,3,1,1,0,0,86245,1,0,1,0,1,0,1,0,1,1,5,1,0,1,1,0,1,178,2,0,1,3,1,0,0,1,0,0,0,0,1
3301,l1,female,65,Nagybajcs,Szakorvos ,188,4,2,3,1,1,1,1,3,2,4,1,0,0,363469,1,0,0,0,1,1,1,1,1,1,1,1,0,4,0,0,0,0,2,0,1,2,2,0,0,2,2,0,1,1,3
3302,l0,male,27,Nagykanizsa,asztalos ,165,0,2,3,1,1,1,1,1,0,1,0,0,0,0,0,0,0,0,1,1,1,1,1,0,4,1,0,0,2,1,0,229,2,1,1,3,1,1,0,1,2,0,0,0,0
3303,l0,male,26,Budakeszi,asztalos ,167,0,0,3,0,1,2,1,1,2,1,0,0,1,0,0,0,1,0,1,1,1,1,1,1,1,1,0,3,2,0,0,116,3,2,1,3,2,1,1,1,2,0,0,1,2
3304,l0,male,34,Budakeszi,Szakorvos ,172,3,1,3,0,1,1,0,1,2,13,0,0,0,0,1,0,0,1,1,1,1,1,1,0,5,0,0,0,1,0,1,481,2,2,1,3,2,1,1,0,0,0,0,1,1
3305,l0,male,63,Budakeszi,asztalos ,190,4,0,3,1,1,1,1,1,0,9,0,0,0,154658,1,0,0,1,1,1,0,1,0,0,1,2,0,1,0,1,4,0,3,3,1,3,1,1,1,1,1,0,1,1,1
3306,l0,male,25,Nagykanizsa,Szakorvos ,174,4,0,3,0,1,1,1,1,2,0,4,0,1,119099,1,0,0,0,1,0,0,1,1,0,3,2,0,1,0,0,3,892,1,0,1,3,2,1,0,1,0,0,1,0,0
3307,l1,male,62,Nagykanizsa,Lakatos ,187,1,0,3,1,1,1,1,1,2,2,1,0,0,0,1,0,0,0,1,1,1,1,1,0,4,2,0,1,0,1,2,2,2,1,1,3,2,1,1,0,0,2,0,0,1
3308,l0,male,39,Budakeszi,asztalos ,149,3,0,3,0,1,1,1,4,3,1,0,0,0,166497,1,1,0,0,1,1,0,0,1,0,4,1,0,1,0,0,1,308,3,1,1,0,2,0,0,1,2,0,0,0,1
3309,l0,male,43,Budakeszi,Lakatos ,163,4,0,3,1,1,1,1,1,2,10,4,0,0,0,1,0,0,0,0,1,1,1,0,0,1,1,0,1,2,2,4,1940,2,0,1,1,2,0,0,0,0,1,0,0,1
3310,l1,female,36,Budakeszi,Szakorvos ,177,3,0,4,1,1,1,1,2,2,0,0,0,0,282067,1,1,0,0,1,0,0,1,0,0,0,1,0,1,1,0,3,0,2,2,1,2,1,0,1,1,0,0,1,0,1
3311,l1,male,26,Budakeszi,Szakorvos ,178,0,0,3,1,1,2,0,2,2,1,1,0,0,0,0,0,1,0,1,0,1,1,1,0,0,2,0,3,0,3,3,907,3,3,1,1,2,0,0,0,0,0,1,0,4
3312,l0,male,34,Budakeszi,asztalos ,166,4,0,1,1,1,1,0,3,3,1,0,0,1,245415,1,0,0,0,1,1,0,1,0,0,1,0,0,1,3,0,3,4505,2,1,1,2,2,0,0,1,0,0,0,0,2
3313,l0,male,48,Budakeszi,asztalos ,172,4,1,3,1,1,1,1,3,2,4,4,0,0,0,1,0,0,0,1,0,0,1,1,1,1,1,0,1,0,0,4,685,2,2,1,1,1,0,0,1,0,1,1,0,0
3314,l1,female,60,Budakeszi,Szakorvos ,170,0,2,4,1,1,1,1,1,2,4,1,0,0,0,0,0,0,0,0,0,0,0,1,0,1,2,0,0,0,0,0,68,2,2,1,1,1,0,0,0,0,1,0,0,1
3315,l1,male,51,Budakeszi,Lakatos ,176,2,0,3,0,1,1,1,2,0,5,0,0,1,427715,1,1,0,0,0,1,0,1,1,0,5,2,0,1,2,0,0,0,2,0,1,1,2,1,0,1,2,1,1,1,2
3316,l1,female,29,Nagykanizsa,Szakorvos ,158,4,0,3,1,1,1,1,1,2,0,0,0,1,134202,1,0,1,0,1,0,0,0,0,0,5,2,1,1,2,4,4,4561,3,2,1,3,2,0,1,1,0,0,1,0,2
3317,l1,male,36,Budakeszi,Lakatos ,160,0,2,4,1,1,1,1,2,0,0,0,0,0,0,1,1,0,0,1,0,0,1,1,1,0,1,0,4,2,0,0,8,1,0,1,2,1,1,1,1,0,1,0,0,3
3318,l0,male,40,Nagykanizsa,Lakatos ,160,4,0,4,0,1,1,1,1,3,1,0,0,1,380925,0,0,0,0,1,0,1,0,0,0,3,2,0,1,0,0,0,310,2,3,1,3,1,1,1,0,0,0,0,0,1
3319,l1,female,40,Nagykanizsa,Szakorvos ,171,4,0,3,1,1,1,1,1,3,1,1,0,1,0,1,0,0,1,1,1,0,1,1,0,0,1,0,1,2,0,0,0,2,3,1,1,2,1,1,1,0,0,1,1,2
3320,l0,male,38,Nagybajcs,Lakatos ,153,0,0,1,1,1,1,1,2,2,11,4,0,0,10712,1,1,0,0,1,1,0,1,1,0,5,0,0,1,2,0,1,252,3,1,1,1,2,0,0,1,2,0,0,0,1
3321,l0,male,25,Nagykanizsa,Szakorvos ,175,3,0,2,0,1,1,1,1,2,5,4,0,0,0,1,0,1,0,1,0,0,0,0,0,1,2,0,1,0,0,0,0,2,1,1,2,2,0,1,2,0,0,1,0,0
3322,l0,male,64,Budakeszi,Lakatos ,173,4,0,4,1,1,1,1,1,3,1,1,0,1,0,1,0,0,1,1,0,0,0,1,0,1,1,1,1,0,0,0,229,3,3,1,3,2,1,1,1,0,0,1,1,1
3323,l0,female,63,Budakeszi,Szakorvos ,166,0,0,1,1,1,1,0,1,1,3,4,0,0,0,1,0,0,0,1,0,0,1,1,1,1,1,0,1,0,0,3,261,3,3,1,1,2,1,0,0,0,1,0,0,0
3324,l1,male,34,Nagykanizsa,Szakorvos ,176,4,0,1,0,1,1,1,1,0,3,1,0,1,281462,0,0,1,0,1,1,1,1,1,1,5,1,0,1,0,0,3,775,3,0,1,3,2,0,0,0,0,1,1,1,3
3325,l0,male,46,Nagybajcs,asztalos ,164,4,2,1,1,1,1,1,3,2,5,4,0,0,0,0,1,0,0,1,1,0,1,1,1,2,1,0,1,2,0,0,82,0,3,1,1,2,0,0,0,0,0,1,1,1
3326,l1,male,43,Nagykanizsa,Lakatos ,181,3,0,3,0,1,1,1,1,2,5,0,0,0,0,0,1,0,0,0,1,0,1,0,0,0,0,0,1,1,0,0,201,2,0,1,1,2,0,1,1,0,1,1,1,1
3327,l1,male,48,Budakeszi,Szakorvos ,174,3,0,3,1,1,1,1,3,2,0,0,0,0,534656,0,0,0,0,1,0,1,1,1,1,5,1,0,0,2,0,0,0,2,0,1,1,2,0,1,1,0,0,1,1,1
3328,l1,male,50,Nagykanizsa,Lakatos ,161,4,0,4,1,1,1,1,3,3,0,0,0,1,267389,1,1,0,1,0,0,0,1,1,1,0,1,0,1,2,0,0,262,2,1,1,1,0,1,1,2,1,1,1,1,1
3329,l0,female,47,Budakeszi,Lakatos ,162,3,0,4,1,1,1,1,1,2,0,0,0,0,0,0,0,0,1,1,0,1,1,1,1,5,1,0,4,2,0,1,144,2,1,1,1,0,1,1,1,1,0,0,0,2
3330,l1,male,39,Nagykanizsa,asztalos ,163,1,0,3,0,1,1,1,1,2,1,0,0,1,90229,1,0,1,0,1,0,1,1,0,0,1,1,0,4,2,0,1,560,2,0,1,1,2,0,0,1,1,0,0,0,4
3331,l1,male,42,Nagykanizsa,Lakatos ,164,4,0,3,1,1,2,1,1,3,2,1,0,0,246075,0,0,0,0,1,0,1,1,1,0,0,1,0,0,0,0,0,719,2,1,1,1,1,0,0,2,1,0,1,1,3
3332,l0,male,45,Nagybajcs,Lakatos ,167,3,1,3,0,1,1,1,3,3,1,0,0,0,108606,0,0,0,0,1,1,0,0,1,0,1,1,0,1,2,0,0,161,2,1,1,2,2,0,0,1,0,0,1,1,1
3333,l1,male,51,Nagykanizsa,Lakatos ,162,3,1,4,1,1,1,1,2,2,5,1,0,0,100817,1,0,0,0,1,1,0,0,1,1,1,1,0,1,2,0,0,507,1,1,1,0,2,1,1,0,0,0,1,1,1
3334,l1,male,25,Nagykanizsa,asztalos ,156,0,0,3,1,1,1,1,2,3,3,0,0,1,47547,1,0,0,1,1,0,1,1,1,1,1,1,0,4,1,0,1,0,2,2,1,3,2,1,1,1,2,0,0,0,1
3335,l0,female,41,Budakeszi,asztalos ,168,4,0,3,1,1,1,1,2,3,4,0,0,0,10385,0,0,0,0,1,0,0,0,1,0,5,1,0,0,0,0,0,304,3,1,1,2,2,0,0,1,0,1,1,0,3
3336,l1,male,63,Nagykanizsa,asztalos ,168,4,0,3,1,0,2,1,1,0,4,4,0,0,17739797,0,0,1,1,1,1,0,0,0,0,1,2,0,0,0,0,3,0,3,3,0,3,2,0,0,1,2,1,1,1,2
3337,l0,male,31,Nagykanizsa,Lakatos ,159,0,0,1,1,1,1,1,2,2,0,0,0,1,0,1,0,1,0,1,0,1,0,0,0,1,1,0,0,2,0,0,0,3,1,1,1,0,0,0,1,0,0,1,0,0
3338,l1,male,49,Nagykanizsa,Lakatos ,165,3,1,4,1,1,1,1,2,3,3,1,0,1,757839,1,0,0,0,1,1,1,0,0,1,5,1,0,1,2,1,0,805,1,0,0,1,2,1,0,2,2,0,1,1,1
3339,l1,male,61,Nagykanizsa,Szakorvos ,169,4,2,3,1,1,1,1,1,2,2,4,0,1,161123,1,0,0,0,1,1,0,0,1,0,5,2,0,1,0,0,4,66,2,1,1,1,2,1,1,1,0,0,1,0,1
3340,l1,female,65,Budakeszi,Szakorvos ,173,4,0,4,1,1,1,1,2,2,0,0,0,0,58359,0,0,0,0,1,1,0,1,1,0,0,1,0,4,2,0,0,63,1,1,1,1,1,0,0,1,0,0,0,0,2
3341,l1,male,64,Budakeszi,Szakorvos ,167,3,0,3,1,1,1,0,1,2,0,0,0,0,0,1,1,0,0,0,0,1,1,1,1,1,0,1,0,1,0,3,0,2,3,1,3,0,0,1,2,2,1,1,1,1
3342,l1,male,39,Nagykanizsa,Szakorvos ,196,4,0,4,1,1,1,1,3,2,4,4,0,0,121524,1,0,0,1,1,1,1,1,0,0,3,1,1,1,2,3,3,0,2,3,1,1,1,1,1,2,2,1,1,1,2
3343,l0,male,52,Nagybajcs,asztalos ,167,0,0,3,0,1,1,1,1,3,2,1,0,0,128017,1,1,0,0,1,0,1,1,1,0,2,1,0,1,2,0,4,3995,1,0,1,3,2,1,1,1,2,0,0,0,1
3344,l1,female,46,Nagykanizsa,Lakatos ,180,0,0,2,1,1,1,1,2,3,2,0,0,0,123460,1,0,1,0,1,0,0,1,1,0,5,0,0,4,0,0,3,97,2,0,1,1,2,0,0,1,0,0,0,0,2
3345,l1,male,27,Budakeszi,Lakatos ,184,3,0,4,0,1,1,1,2,0,2,1,0,1,401226,1,0,0,0,1,0,0,1,0,0,5,1,0,1,0,0,3,349,2,3,1,3,0,1,1,1,2,0,0,0,3
3346,l0,female,34,Budakeszi,Szakorvos ,181,0,0,2,0,1,1,1,2,2,2,1,0,1,0,0,0,0,0,1,1,0,1,1,0,5,1,0,0,0,0,3,224,2,1,1,3,1,1,1,0,0,1,0,0,0
3347,l1,male,33,Budakeszi,Szakorvos ,165,3,2,4,1,1,2,0,1,3,0,0,0,0,0,1,0,0,0,1,1,0,1,1,0,5,0,0,4,2,0,0,0,2,0,1,3,2,0,0,1,2,0,1,1,1
3348,l1,male,49,Budakeszi,Lakatos ,153,0,0,1,1,1,1,1,3,2,3,1,0,0,0,1,0,1,0,1,1,0,1,0,0,2,2,0,1,0,0,0,516,3,1,1,1,1,1,1,1,2,1,1,0,3
3349,l1,male,59,Budakeszi,Lakatos ,171,3,0,1,1,1,2,1,1,2,2,1,0,0,407847,1,0,0,0,1,0,0,1,0,0,5,0,0,1,2,0,1,107,2,0,1,2,1,1,1,1,2,0,0,1,1
3350,l0,female,30,Nagykanizsa,asztalos ,173,0,0,3,1,1,1,1,1,2,0,0,0,1,214445,0,0,1,0,1,0,1,1,1,0,3,1,0,0,2,2,4,285,2,0,1,3,0,1,1,1,2,1,1,1,1
3351,l0,male,33,Budakeszi,asztalos ,189,0,0,3,1,1,2,1,1,3,1,1,1,1,240367,1,0,0,0,0,0,1,1,0,0,0,1,0,1,0,1,1,506,2,0,0,1,2,1,1,1,0,0,1,1,2
3352,l0,male,55,Budakeszi,asztalos ,173,4,0,3,1,1,1,1,0,2,4,1,0,1,0,0,0,0,0,0,0,0,1,1,1,1,1,1,0,2,0,0,0,3,3,1,2,2,1,1,1,2,1,1,0,1
3353,l1,male,65,Nagykanizsa,Szakorvos ,169,4,2,4,1,1,1,1,2,0,2,1,0,1,0,1,0,0,1,1,0,0,1,1,1,3,1,0,1,0,1,3,4013,3,3,1,3,1,1,0,2,2,0,1,0,1
3354,l0,male,53,Nagykanizsa,asztalos ,163,4,0,3,1,1,1,1,3,2,3,1,0,1,187561,1,0,0,1,1,1,1,1,1,1,5,0,0,1,0,0,0,0,1,1,1,2,1,1,0,1,1,1,1,0,0
3355,l1,male,37,Budakeszi,Lakatos ,166,4,0,3,0,1,1,1,1,0,2,1,0,0,297649,1,0,1,0,1,1,1,1,1,0,1,1,1,1,1,1,0,140,3,3,1,2,2,1,1,2,2,0,1,1,2
3356,l1,male,62,Budakeszi,Szakorvos ,170,0,0,4,1,1,2,1,1,2,4,4,0,0,24969,0,0,0,0,0,0,0,1,0,0,0,1,0,1,0,1,0,55,1,0,0,0,1,0,0,2,1,0,1,0,3
3357,l1,male,52,Nagybajcs,asztalos ,166,0,0,2,0,1,1,1,2,2,3,4,0,0,389608,1,1,0,0,1,1,1,1,1,1,0,1,0,1,2,0,3,239,3,3,1,3,0,1,0,1,2,0,0,0,3
3358,l1,female,61,Budakeszi,Szakorvos ,191,3,0,4,1,1,1,1,1,2,0,0,0,0,270498,1,1,1,0,1,0,0,1,1,1,1,1,0,0,2,0,1,210,1,0,1,1,2,1,0,1,2,0,1,0,1
3359,l1,female,43,Nagybajcs,Szakorvos ,190,4,0,2,1,1,2,1,1,2,1,1,0,0,0,0,0,0,0,1,1,0,0,0,0,1,0,1,4,0,0,3,822,3,1,1,3,0,1,1,1,0,1,1,0,0
3360,l0,male,25,Budakeszi,Szakorvos ,187,4,0,3,1,1,1,1,2,3,1,2,0,0,112801,1,0,0,1,0,0,0,1,1,1,0,2,0,1,4,0,3,172,2,1,1,1,2,1,1,2,2,0,0,0,0
3361,l0,male,64,Nagybajcs,Lakatos ,158,4,1,3,1,1,1,1,0,2,2,1,0,1,49276,1,1,0,0,0,0,1,1,1,1,0,1,0,1,2,1,1,0,2,3,0,1,1,0,0,1,1,0,0,0,3
3362,l1,male,59,Nagykanizsa,Szakorvos ,180,3,0,4,0,1,1,1,1,3,2,0,0,1,389722,1,0,0,0,1,0,1,1,1,1,1,2,0,1,0,0,3,224,2,1,1,2,2,1,1,1,0,1,1,1,0
3363,l1,female,53,Budakeszi,Szakorvos ,181,4,2,4,1,1,1,1,1,3,3,1,0,0,336511,0,0,0,0,0,1,0,1,1,0,0,1,0,1,0,1,3,223,1,0,0,1,2,1,0,1,2,1,1,1,3
3364,l0,male,50,Budakeszi,asztalos ,154,0,1,4,1,1,0,1,1,3,2,4,0,0,0,0,0,1,0,1,0,0,0,1,0,1,0,0,1,2,0,3,573,3,3,1,1,2,0,1,0,1,0,0,0,4
3365,l0,male,52,Nagykanizsa,asztalos ,156,1,0,3,1,1,1,1,4,1,3,1,0,1,0,0,1,1,0,1,0,0,1,0,1,4,1,0,1,2,0,0,178,2,1,1,1,2,1,0,2,2,0,1,0,3
3366,l1,male,46,Budakeszi,Lakatos ,164,1,0,2,1,1,2,0,0,3,2,1,1,1,128587,1,0,0,0,1,0,1,0,1,1,2,1,0,0,0,0,0,0,1,1,1,1,1,0,0,0,0,1,1,1,1
3367,l1,male,60,Budakeszi,Lakatos ,167,1,0,1,0,1,1,1,3,2,1,0,0,0,102286,1,1,0,0,1,1,0,1,1,1,5,1,1,4,2,0,3,0,3,3,1,1,2,1,1,2,0,1,0,1,3
3368,l0,male,51,Budakeszi,Lakatos ,168,3,0,3,1,1,0,1,3,0,2,4,0,0,322494,1,1,0,0,1,0,0,1,1,0,0,0,0,1,0,0,3,0,2,3,1,1,1,0,0,1,2,0,0,0,3
3369,l0,male,35,Budakeszi,asztalos ,171,0,0,3,1,1,1,1,2,2,2,4,0,0,192567,1,1,1,0,0,0,0,1,1,0,2,1,0,1,0,0,0,34,1,1,1,1,1,0,1,1,1,1,1,1,1
3370,l1,male,51,Nagykanizsa,Lakatos ,168,4,0,2,1,1,1,1,1,2,2,0,0,1,162185,1,0,1,0,1,1,0,1,1,0,1,1,1,1,2,0,3,361,3,3,1,1,2,0,1,1,0,0,1,0,1
3371,l1,female,44,Nagykanizsa,asztalos ,168,3,0,3,0,1,1,1,1,0,2,4,0,1,169541,1,0,0,0,1,1,0,1,0,1,3,1,0,1,2,3,4,541,2,0,1,2,1,0,0,1,2,1,0,0,1
3372,l0,male,51,Budakeszi,Lakatos ,157,0,0,1,0,0,0,1,1,0,5,4,0,0,147929,1,0,0,0,1,1,1,1,0,1,5,1,0,1,2,0,3,53135,2,1,1,1,3,0,0,1,2,1,1,0,1
3373,l1,female,28,Budakeszi,Szakorvos ,189,0,0,3,1,1,1,1,1,2,0,0,0,0,55839,1,0,1,0,1,1,0,1,1,1,5,1,1,1,1,1,3,185,3,3,1,1,1,0,0,1,0,1,1,1,1
3374,l0,male,47,Nagykanizsa,asztalos ,159,4,2,3,1,1,1,1,2,0,4,1,0,0,0,0,0,0,0,1,0,0,1,0,1,1,1,0,0,2,0,0,233,2,3,1,1,2,0,0,0,0,1,0,0,1
3375,l0,male,62,Nagykanizsa,asztalos ,173,3,2,3,0,1,1,1,1,2,0,0,0,0,112468,1,1,0,0,1,1,0,1,1,1,5,1,0,1,2,0,3,392,2,1,1,2,0,0,0,1,2,1,1,0,3
3376,l1,male,41,Nagykanizsa,asztalos ,175,4,1,1,0,0,0,1,1,2,5,1,0,1,288045,0,0,0,0,1,0,0,1,1,0,5,1,0,3,3,0,2,696,2,1,1,1,2,0,0,1,2,0,1,1,3
3377,l1,female,49,Budakeszi,Szakorvos ,175,0,0,4,1,1,1,1,0,2,8,0,0,1,0,0,0,0,0,1,1,1,0,1,1,5,2,1,1,0,0,3,6471,2,3,1,1,1,0,0,1,1,1,1,1,0
3378,l0,male,53,Budakeszi,Lakatos ,176,3,0,1,1,1,1,1,1,0,0,0,0,0,0,1,0,1,0,0,0,0,1,1,1,1,1,0,0,2,3,0,106,1,1,1,1,1,0,0,1,0,1,1,1,3
3379,l0,male,49,Nagykanizsa,asztalos ,170,3,2,3,1,1,1,1,6,2,3,0,0,1,185030,0,0,1,1,0,1,1,1,1,1,4,1,0,0,4,2,3,127,2,3,1,3,0,1,1,2,2,0,1,1,4
3380,l1,female,52,Nagykanizsa,Szakorvos ,183,4,0,3,1,1,1,1,1,2,1,0,0,1,0,0,0,0,1,1,0,1,1,1,0,1,2,0,1,2,0,0,230,2,1,1,3,2,1,1,2,2,0,1,1,1
3381,l0,male,45,Nagykanizsa,asztalos ,170,0,0,1,1,1,1,1,1,0,7,4,0,1,327594,1,0,0,0,1,0,0,1,1,1,5,0,0,1,0,0,3,531,2,1,1,2,1,0,0,2,0,1,1,0,4
3382,l1,male,33,Nagykanizsa,asztalos ,168,1,0,4,1,1,1,1,1,2,5,0,0,1,422335,1,0,1,1,1,1,1,0,1,0,0,1,0,0,0,0,2,0,2,0,1,3,0,1,0,2,1,1,0,0,4
3383,l1,male,59,Nagykanizsa,Lakatos ,181,0,2,4,1,1,1,1,1,3,5,1,0,1,527024,1,0,1,0,1,1,1,1,1,0,1,1,0,4,2,0,0,273,1,1,1,2,2,1,0,1,0,1,1,0,3
3384,l1,female,61,Nagybajcs,Szakorvos ,178,0,0,2,1,1,2,1,2,2,0,0,0,0,106409,1,0,0,0,1,1,0,1,1,1,2,1,0,1,2,0,4,44,2,1,1,3,2,0,0,2,2,1,0,0,4
3385,l1,female,28,Budakeszi,Lakatos ,190,3,0,4,1,1,2,1,4,2,5,4,0,0,239105,1,0,0,0,1,0,1,1,1,0,5,0,0,1,0,0,3,232,2,0,1,3,2,0,0,2,1,1,1,0,3
3386,l1,female,47,Budakeszi,Szakorvos ,171,3,0,3,1,1,2,1,2,2,1,0,0,0,373829,0,0,0,0,1,1,1,1,1,0,5,1,1,0,2,0,3,0,3,3,1,2,2,0,0,0,0,1,0,1,1
3387,l0,female,63,Nagybajcs,asztalos ,172,4,0,1,1,1,1,1,2,2,0,0,0,0,198419,1,0,1,0,1,1,0,0,1,0,2,1,0,0,0,0,3,480,2,3,1,2,2,0,0,1,0,0,0,0,1
3388,l0,male,44,Nagybajcs,asztalos ,181,0,0,3,1,1,1,1,1,2,5,1,0,1,9325655,1,0,0,0,1,1,0,1,0,0,1,1,0,1,0,0,4,408,2,3,1,1,2,1,1,2,0,1,1,1,1
3389,l0,male,61,Budakeszi,Lakatos ,182,4,2,3,0,1,1,1,3,2,0,0,0,0,430616,1,0,1,0,0,1,0,1,1,1,1,0,0,1,2,1,0,129,1,1,1,3,0,0,0,1,0,0,1,0,2
3390,l0,male,54,Nagykanizsa,Lakatos ,167,3,0,1,1,1,2,1,1,3,0,0,0,1,347725,1,0,0,0,1,1,1,0,1,0,5,0,0,1,3,1,3,0,2,1,1,3,2,1,1,1,0,1,0,0,1
3391,l0,male,42,Nagykanizsa,asztalos ,165,0,0,3,0,1,1,1,1,2,2,0,0,0,0,1,0,0,0,1,0,0,1,1,1,1,1,0,0,0,0,0,0,1,0,1,1,1,1,0,2,0,0,0,0,1
3392,l1,male,42,Budakeszi,Lakatos ,156,4,0,3,1,1,1,1,1,2,1,0,0,0,14492,1,0,0,0,1,0,1,1,1,0,2,1,0,1,0,1,1,723,2,1,1,3,0,1,0,1,1,0,1,1,1
3393,l1,female,62,Nagykanizsa,Szakorvos ,175,1,0,4,1,1,1,1,1,2,5,1,0,0,288060,1,0,1,0,0,0,0,1,1,1,0,1,0,4,2,3,3,7538,2,0,1,0,1,1,0,0,0,1,1,1,3
3394,l1,male,39,Nagykanizsa,Lakatos ,161,3,0,2,1,1,1,1,2,2,1,1,0,0,123167,1,0,0,0,1,0,0,1,1,1,0,0,0,1,2,0,0,0,3,3,1,3,0,0,0,1,2,0,0,0,1
3395,l1,male,26,Budakeszi,Szakorvos ,175,0,2,3,0,1,1,1,1,2,1,1,0,0,415520,0,0,1,0,1,0,1,1,1,0,1,1,0,0,2,4,0,27,2,0,1,0,2,1,1,2,0,2,1,0,1
3396,l0,male,34,Nagykanizsa,asztalos ,170,1,0,3,1,1,1,1,4,2,0,0,0,0,384326,1,1,0,0,1,0,0,1,1,1,1,1,1,1,2,0,3,179,3,3,1,1,2,0,1,2,0,1,1,1,2
3397,l0,female,32,Nagykanizsa,Lakatos ,170,4,0,1,0,1,1,0,1,2,2,0,0,0,0,1,0,0,0,1,0,0,1,1,1,1,1,0,1,4,1,0,737,3,0,1,3,1,0,0,0,0,0,1,1,0
3398,l0,male,50,Nagykanizsa,asztalos ,166,4,2,3,1,1,1,1,1,2,1,1,0,0,48900,1,0,0,0,1,0,1,1,1,1,1,1,0,3,0,3,1,278,2,1,1,2,2,1,1,2,0,1,1,1,3
3399,l0,male,60,Nagykanizsa,asztalos ,169,3,0,3,0,1,1,0,1,2,1,0,0,0,0,1,0,0,0,0,0,0,1,0,0,0,0,0,1,2,0,0,230,2,3,1,1,2,0,0,1,0,1,0,0,3
3400,l0,male,59,Budakeszi,asztalos ,162,3,0,3,1,1,1,1,1,3,1,1,0,0,0,1,0,0,0,1,0,0,1,1,0,1,1,0,4,2,0,1,0,2,1,1,1,2,1,0,1,1,1,1,0,1
3401,l0,male,26,Nagykanizsa,asztalos ,176,3,0,3,0,1,1,1,1,3,2,0,0,0,0,1,0,0,0,1,1,0,0,1,1,2,1,0,1,0,1,4,858,1,0,1,3,1,0,0,0,0,1,0,0,0
3402,l1,female,36,Budakeszi,Szakorvos ,172,0,2,4,1,1,1,1,1,3,2,0,0,0,231626,1,0,0,0,1,0,0,1,1,1,3,1,0,4,0,0,4,590,2,1,1,1,0,0,0,1,0,1,0,0,1
3403,l1,female,32,Budakeszi,Szakorvos ,174,4,0,2,1,1,1,1,3,2,1,0,0,0,307060,1,0,0,0,1,0,0,1,1,1,4,1,1,4,2,0,1,683,3,3,1,2,1,1,0,0,0,0,1,1,0
3404,l1,male,61,Nagykanizsa,Szakorvos ,166,4,0,3,1,1,1,1,1,2,3,4,0,0,344888,1,0,0,0,1,0,1,1,1,1,4,1,0,1,0,0,4,739,1,1,1,3,2,1,0,0,0,0,1,1,0
3405,l1,male,48,Budakeszi,asztalos ,161,3,0,1,1,1,1,1,2,0,0,0,0,1,0,1,0,0,1,1,0,1,0,0,0,1,2,0,4,2,0,3,0,2,1,0,1,2,1,1,1,0,0,0,0,0
3406,l0,male,42,Nagykanizsa,asztalos ,172,3,0,3,0,1,1,1,4,3,1,0,0,1,105579,1,0,1,0,1,0,1,1,1,0,1,1,0,1,0,3,4,795,1,1,1,3,1,1,0,2,0,1,0,0,1
3407,l1,male,38,Nagykanizsa,Lakatos ,167,4,1,2,1,1,1,1,0,2,3,1,0,0,0,0,0,1,1,0,1,1,0,1,0,0,1,0,0,0,1,0,122,1,0,1,1,2,1,0,1,0,1,0,0,3
3408,l1,male,48,Nagykanizsa,Szakorvos ,156,3,0,3,0,1,1,1,1,2,2,1,0,1,89001,1,0,1,0,1,0,1,1,1,1,0,2,0,4,2,0,3,531,2,0,1,0,2,0,0,1,2,0,1,1,1
3409,l0,male,34,Nagykanizsa,Szakorvos ,164,4,2,1,0,1,1,1,0,0,8,4,0,1,0,1,0,1,0,1,0,1,1,1,1,4,1,0,4,2,0,3,201,2,0,1,3,0,1,0,1,2,0,1,0,2
3410,l1,male,46,Nagykanizsa,Lakatos ,158,3,0,3,1,1,2,1,2,2,2,0,0,0,0,1,0,0,0,1,1,0,1,0,0,2,2,1,1,0,2,1,7779,3,1,1,1,0,0,1,1,0,0,0,0,1
3411,l1,male,58,Nagykanizsa,asztalos ,176,3,0,3,1,1,0,1,0,3,1,0,0,1,75611,1,0,0,0,1,0,0,1,0,0,1,0,0,4,0,4,4,8360,3,1,1,2,0,1,1,0,0,1,0,0,0
3412,l0,male,46,Budakeszi,Lakatos ,178,0,0,1,1,1,1,1,0,2,4,1,0,0,348453,0,0,1,0,1,0,0,1,1,1,1,2,0,4,0,1,1,404,3,3,1,1,1,1,1,1,0,1,1,0,1
3413,l1,male,30,Nagykanizsa,Lakatos ,181,4,2,4,1,1,1,1,2,2,2,1,0,1,0,1,0,1,0,0,0,0,1,1,0,0,2,0,1,0,0,3,269,2,0,0,1,1,0,1,1,0,1,0,1,1
3414,l0,female,58,Nagykanizsa,Szakorvos ,186,4,2,3,0,1,2,1,2,2,1,1,1,1,87105,0,0,1,0,1,0,0,1,1,1,5,1,0,1,4,3,3,0,2,2,1,1,2,0,0,1,0,0,1,0,1
3415,l1,male,53,Budakeszi,Szakorvos ,185,3,0,2,1,1,1,1,1,3,3,1,0,0,300363,1,0,1,1,0,1,0,0,0,0,1,1,0,1,0,0,3,194,3,1,1,1,1,0,1,2,2,1,1,1,4
3416,l0,male,37,Nagybajcs,Lakatos ,162,4,0,3,0,1,1,1,1,2,0,0,0,0,121973,1,0,1,0,1,0,0,1,1,1,3,1,0,1,4,1,4,4259,3,0,1,0,0,1,0,0,0,1,1,0,3
3417,l0,male,36,Nagykanizsa,Lakatos ,172,1,0,1,1,1,1,1,1,3,0,0,0,0,242297,1,0,0,0,1,0,1,1,1,1,1,1,0,4,2,0,3,182,1,1,1,3,1,1,0,1,0,1,0,1,3
3418,l1,male,51,Budakeszi,Lakatos ,167,4,0,4,1,1,1,1,1,2,0,0,0,1,410464,1,1,0,0,1,1,1,1,1,0,0,1,0,1,0,0,3,688,2,0,1,0,2,0,0,1,0,1,0,1,1
3419,l1,male,31,Budakeszi,Lakatos ,177,3,0,3,0,1,1,1,2,2,1,2,0,1,13793,1,0,0,1,1,1,0,1,1,0,0,1,0,3,2,0,2,213,2,3,1,0,2,1,1,1,0,0,0,0,3
3420,l0,female,41,Nagykanizsa,Szakorvos ,174,3,0,3,1,1,2,1,1,0,5,1,0,1,208267,0,0,0,0,0,0,1,0,1,1,0,0,0,1,0,0,0,0,2,3,1,1,0,0,0,0,0,1,1,0,0
3421,l1,male,52,Budakeszi,asztalos ,168,4,0,3,1,1,1,0,0,2,0,0,0,0,59317,0,0,0,0,1,0,0,0,1,1,5,0,0,1,2,1,1,1036,2,3,1,3,1,0,0,2,2,0,1,1,2
3422,l1,female,35,Nagykanizsa,Szakorvos ,191,3,0,4,1,1,2,1,0,2,3,1,0,1,379718,1,0,1,0,0,1,1,1,1,1,1,1,0,3,0,3,1,364,2,0,0,1,1,0,0,1,1,1,1,1,3
3423,l0,male,53,Budakeszi,Lakatos ,148,3,2,4,1,1,1,1,3,2,1,0,0,0,0,1,0,0,0,1,1,1,1,1,0,1,1,0,1,0,0,4,374,2,1,1,3,1,1,0,2,2,1,1,1,1
3424,l0,male,57,Nagykanizsa,Lakatos ,167,4,0,3,1,1,2,0,1,3,2,1,0,0,128713,1,0,0,0,1,0,0,1,1,1,1,0,0,4,0,0,0,22,3,3,1,3,2,1,0,0,0,0,1,1,3
3425,l0,male,42,Budakeszi,asztalos ,163,0,0,3,0,1,1,1,2,2,4,1,0,0,0,0,0,0,0,1,0,0,1,1,0,1,1,0,1,2,0,4,652,3,3,1,3,1,1,1,1,2,0,1,0,2
3426,l1,female,62,Budakeszi,Szakorvos ,191,0,0,4,0,1,1,1,1,3,3,1,0,0,308540,1,0,1,1,1,1,0,1,1,0,5,3,0,1,0,0,0,40,2,3,1,3,1,0,0,2,2,0,1,0,0
3427,l1,male,65,Nagykanizsa,Szakorvos ,163,4,0,4,1,1,2,1,2,0,4,1,0,0,231926,1,1,0,0,1,0,0,1,0,0,1,3,1,4,2,0,2,0,2,0,1,3,2,1,0,0,0,1,0,0,1
3428,l1,male,28,Nagykanizsa,Lakatos ,168,1,0,3,0,1,1,1,2,3,0,0,0,0,0,1,0,0,0,1,0,0,1,0,0,5,0,0,0,2,0,4,0,1,1,1,1,0,1,1,1,2,0,0,0,0
3429,l1,male,60,Nagykanizsa,Lakatos ,167,3,0,4,1,1,1,1,2,3,1,0,0,0,0,1,0,1,0,0,0,1,1,1,0,0,0,0,4,2,3,4,429,3,1,1,1,0,0,0,1,2,1,0,0,1
3430,l0,male,28,Nagykanizsa,asztalos ,162,3,0,3,1,1,1,1,1,2,3,1,0,1,92792,1,0,1,0,1,1,1,1,1,0,1,1,0,1,2,0,3,795,2,3,1,2,2,1,1,2,0,0,1,0,1
3431,l1,male,54,Budakeszi,Szakorvos ,192,3,0,4,1,1,1,1,2,2,0,0,0,1,402462,1,0,0,0,1,0,0,1,1,0,5,1,0,0,0,0,3,0,2,2,1,2,2,1,0,1,0,1,1,0,1
3432,l0,male,56,Nagykanizsa,asztalos ,170,3,0,3,1,1,2,1,1,2,2,1,0,1,0,1,0,0,0,1,0,1,1,1,1,5,2,0,4,2,0,3,323,3,1,1,2,1,1,1,0,1,1,1,1,1
3433,l0,male,33,Budakeszi,Lakatos ,170,1,0,4,1,1,1,1,1,3,1,1,0,0,0,1,0,0,0,0,0,1,0,0,0,1,1,0,1,1,0,0,550,2,1,1,1,2,1,0,2,0,2,0,0,1
3434,l1,male,39,Nagykanizsa,asztalos ,167,1,0,3,1,1,1,1,1,3,1,0,0,0,0,1,0,0,0,0,1,0,0,1,1,3,2,1,3,2,2,4,35405,3,1,1,0,0,0,0,1,2,0,1,1,4
3435,l0,male,33,Nagybajcs,Lakatos ,159,3,0,1,1,1,1,1,2,3,1,0,0,1,250039,1,0,0,0,1,1,0,1,1,1,1,1,0,0,2,1,4,604,2,0,1,3,2,1,1,2,0,1,1,1,1
3436,l1,female,38,Nagykanizsa,Szakorvos ,178,4,0,2,1,1,1,1,2,2,0,1,0,1,533716,1,0,0,0,0,0,1,1,1,1,1,1,0,1,1,0,0,0,2,1,1,1,1,0,0,2,1,1,0,0,0
3437,l1,male,38,Nagykanizsa,Lakatos ,160,0,0,1,1,1,1,1,1,2,3,4,0,0,0,0,0,0,0,1,0,1,1,1,1,2,1,0,1,0,1,3,0,2,0,1,3,0,0,0,1,2,1,1,1,1
3438,l0,male,46,Nagybajcs,asztalos ,176,4,1,3,1,1,1,1,1,3,8,4,0,0,339016,1,0,1,0,1,0,1,1,0,0,1,1,0,4,2,0,0,508,3,1,1,1,1,0,0,1,2,1,1,1,4
3439,l0,male,55,Budakeszi,asztalos ,167,0,0,2,0,1,1,1,1,3,1,1,0,1,153966,1,0,1,1,1,1,0,0,1,0,2,2,1,1,1,1,3,841,2,3,1,3,2,1,1,2,2,1,0,0,1
3440,l1,female,55,Nagykanizsa,Lakatos ,168,3,0,4,1,1,1,1,2,3,2,4,0,0,165008,1,1,0,0,1,0,0,1,0,0,5,0,0,4,2,1,3,711,2,0,1,3,1,1,1,1,0,1,1,1,1
3441,l0,male,30,Nagykanizsa,Lakatos ,172,1,2,4,1,1,1,1,1,0,2,1,0,0,245261,0,0,0,1,1,0,1,1,1,1,0,1,1,1,0,0,0,102,3,3,1,1,2,1,0,1,2,1,1,0,1
3442,l0,male,40,Nagykanizsa,asztalos ,174,4,0,3,0,1,1,1,1,0,0,0,1,0,0,1,0,0,0,1,0,1,1,1,1,5,1,0,0,0,0,4,619,3,1,1,3,2,0,0,0,0,1,0,0,1
3443,l0,male,49,Nagykanizsa,Lakatos ,164,3,0,1,1,1,1,1,2,3,2,0,0,1,36475,1,0,0,0,0,0,0,1,1,0,1,1,0,1,2,3,4,550,2,1,1,0,2,1,0,0,0,0,1,0,1
3444,l0,male,60,Nagykanizsa,asztalos ,162,1,0,3,1,1,1,1,3,3,2,1,0,1,217443,1,0,1,0,1,0,0,1,1,1,1,1,0,1,0,0,0,179,1,3,1,1,2,0,0,1,1,0,0,0,3
3445,l1,male,36,Budakeszi,asztalos ,184,0,2,3,1,1,1,1,1,2,0,0,0,0,19618,1,0,0,0,1,1,1,1,1,1,1,1,0,1,0,0,0,0,2,1,1,3,2,1,0,1,0,1,1,0,2
3446,l1,male,61,Budakeszi,Szakorvos ,175,4,0,4,1,1,1,0,2,3,1,0,0,0,0,1,0,0,0,1,0,1,1,1,0,1,2,0,3,0,1,0,33,2,1,1,2,0,0,0,2,2,1,1,0,0
3447,l0,male,26,Nagykanizsa,Lakatos ,178,3,0,4,1,1,1,1,2,3,0,1,0,1,267497,1,0,0,0,1,0,1,0,1,1,5,0,0,1,0,0,3,275,2,1,1,3,2,1,0,1,2,1,0,0,2
3448,l1,female,31,Nagykanizsa,Szakorvos ,171,0,0,4,1,1,1,1,1,2,2,1,0,0,61854,1,0,0,0,1,1,1,1,1,0,0,1,1,1,2,0,3,244,2,3,1,3,2,1,1,1,1,1,0,0,4
3449,l0,male,62,Nagykanizsa,Szakorvos ,173,3,0,3,1,1,1,1,1,2,1,0,0,0,0,0,0,0,0,0,0,0,1,1,0,1,3,0,1,2,0,0,0,3,3,1,2,0,1,0,1,0,1,0,0,3
3450,l0,male,42,Nagykanizsa,asztalos ,171,4,0,3,1,1,1,1,2,3,2,1,0,0,0,1,0,0,0,1,0,0,1,1,0,1,0,0,1,2,0,0,401,2,0,1,3,0,0,0,1,0,0,1,0,1
3451,l0,male,29,Nagybajcs,asztalos ,173,4,0,1,0,1,1,1,1,2,0,0,0,0,0,1,1,0,0,0,1,0,0,1,1,0,0,0,1,0,3,1,9380,2,0,0,0,1,1,0,1,0,1,1,1,2
3452,l1,male,28,Nagykanizsa,Szakorvos ,161,4,1,2,1,1,1,1,3,2,0,0,0,1,315925,1,0,0,0,1,0,1,0,1,0,0,0,0,0,1,0,4,0,1,0,1,3,2,1,0,1,1,1,1,1,3
3453,l0,male,38,Budakeszi,asztalos ,172,4,0,3,1,1,2,1,2,2,7,4,0,0,0,0,0,0,0,1,0,0,1,1,1,5,1,0,1,2,1,1,0,2,0,1,1,2,0,0,1,0,0,0,1,0
3454,l1,male,62,Nagykanizsa,asztalos ,158,0,0,1,1,1,2,1,1,2,0,4,0,1,0,1,0,0,0,1,0,0,1,0,0,1,1,0,4,1,1,4,5362,2,1,1,3,2,0,1,0,2,1,0,0,3
3455,l1,male,32,Nagykanizsa,Lakatos ,169,0,0,4,0,1,1,1,2,1,2,1,0,0,293638,0,0,1,0,0,1,0,1,1,0,1,0,0,0,0,1,2,40,2,2,0,1,2,0,0,1,2,1,1,0,1
3456,l0,male,55,Nagykanizsa,asztalos ,155,0,0,3,1,1,1,1,9,2,10,1,0,0,0,1,0,0,0,1,1,1,1,1,0,0,1,0,0,0,0,1,50,1,1,1,1,2,0,0,0,1,0,1,0,0
3457,l1,female,51,Nagykanizsa,Szakorvos ,168,4,0,3,1,1,1,1,1,2,0,4,0,1,642835,1,0,1,1,1,1,0,1,0,0,1,1,0,1,2,3,3,585,2,1,1,3,0,1,1,2,2,1,0,0,3
3458,l0,male,53,Budakeszi,asztalos ,197,4,2,4,1,1,1,1,2,2,13,1,0,1,144873,1,0,0,0,0,0,0,1,1,1,1,1,0,4,0,0,0,0,2,1,1,1,1,1,1,2,2,1,1,0,1
3459,l0,female,42,Nagykanizsa,Lakatos ,158,4,0,3,1,1,1,1,1,2,3,1,0,1,260546,1,0,0,0,1,0,0,1,1,0,3,1,0,0,4,3,4,7014,2,0,1,1,0,1,1,0,2,1,1,0,1
3460,l1,male,35,Budakeszi,Lakatos ,162,1,0,1,0,1,2,1,1,2,0,0,0,0,0,0,0,0,0,1,0,0,1,1,1,4,1,0,4,0,0,0,128,1,1,1,3,1,0,1,1,0,0,1,0,0
3461,l0,male,63,Budakeszi,asztalos ,156,0,0,1,0,1,1,1,1,2,0,0,0,1,681808,1,1,1,0,1,1,0,1,1,1,1,2,0,1,0,0,1,662,2,1,1,1,0,1,0,2,2,0,0,0,4
3462,l0,female,45,Budakeszi,Lakatos ,183,4,0,1,1,1,1,0,1,3,0,0,0,0,65170,1,0,1,0,1,0,1,1,1,1,1,0,0,1,2,0,2,0,2,2,1,2,2,1,0,1,0,0,1,1,2
3463,l1,male,61,Nagykanizsa,Szakorvos ,174,0,0,3,1,1,1,1,1,0,7,4,0,1,798643,1,0,0,0,1,0,0,1,1,1,0,1,0,0,0,0,0,0,3,3,1,3,1,0,0,1,1,1,1,1,4
3464,l1,female,29,Nagykanizsa,asztalos ,169,0,2,3,1,1,1,1,1,2,9,4,0,0,287568,1,1,1,0,1,1,1,1,1,1,1,2,0,1,2,0,0,0,3,2,1,1,2,1,0,1,0,1,1,1,1
3465,l0,female,45,Budakeszi,Szakorvos ,185,4,0,2,1,1,1,1,1,2,9,1,0,0,90477,1,0,1,0,1,0,0,0,0,0,1,1,0,1,1,0,0,164,2,1,0,2,0,1,1,2,2,1,0,0,0
3466,l1,male,34,Nagykanizsa,Lakatos ,173,3,2,3,0,1,1,1,1,3,0,0,0,1,11113065,1,1,1,0,1,0,0,0,1,1,5,1,0,0,0,0,1,312,2,1,1,2,1,1,0,2,2,0,1,0,2
3467,l0,male,62,Budakeszi,asztalos ,163,4,0,3,1,1,2,1,1,3,2,0,0,0,0,1,0,0,0,1,1,0,0,1,1,1,2,0,4,4,1,0,117,2,1,1,1,2,1,1,2,0,0,1,0,0
3468,l0,male,54,Budakeszi,asztalos ,169,3,0,1,1,1,1,1,2,3,5,0,0,0,0,1,0,0,0,1,1,0,1,1,0,1,2,0,1,0,3,4,41579,2,1,1,1,2,0,0,1,0,0,0,0,1
3469,l0,male,58,Nagykanizsa,asztalos ,168,3,0,3,1,1,1,1,3,2,2,1,0,0,0,0,0,1,0,0,0,1,1,1,1,0,0,1,1,0,0,0,47,3,3,1,0,1,1,1,1,2,1,0,0,1
3470,l1,female,27,Nagykanizsa,Szakorvos ,175,0,0,4,0,1,2,1,1,3,1,4,0,0,34534,0,0,1,0,0,0,0,0,1,1,1,0,0,4,0,0,4,4791,1,0,1,1,2,0,0,2,0,1,0,0,1
3471,l1,female,65,Nagykanizsa,Szakorvos ,170,4,0,2,0,1,1,1,1,1,0,0,0,0,66400,1,0,0,0,1,0,1,1,0,0,1,0,0,0,0,0,3,123,2,1,1,1,1,1,0,1,2,0,1,1,1
3472,l1,female,47,Nagykanizsa,Szakorvos ,173,3,0,3,1,1,1,1,0,2,0,4,0,0,424808,0,0,0,0,0,0,0,1,0,0,1,1,0,1,2,0,0,189,3,1,1,0,1,0,0,1,2,1,1,0,4
3473,l1,male,60,Nagykanizsa,Szakorvos ,170,0,1,3,0,1,1,1,2,3,5,4,0,1,1898,0,0,0,0,1,0,1,0,1,0,1,0,0,0,2,0,3,182,3,1,1,1,2,0,0,0,2,1,1,0,3
3474,l1,female,40,Nagykanizsa,Lakatos ,160,0,0,4,1,1,1,1,2,2,1,4,0,0,0,1,0,1,0,1,0,0,0,1,1,1,1,0,0,2,3,3,5626,2,1,1,3,2,0,0,1,0,0,1,1,0
3475,l0,male,45,Nagykanizsa,Lakatos ,164,4,0,3,1,1,1,1,1,2,1,0,0,1,0,1,0,0,0,1,1,0,0,1,0,5,1,0,3,2,0,0,0,3,1,1,2,1,1,1,1,0,0,1,0,1
3476,l0,male,58,Nagykanizsa,asztalos ,163,0,2,1,1,1,2,1,1,2,2,1,0,1,242091,1,0,1,0,1,0,1,1,1,0,1,3,0,4,2,3,0,170,2,2,1,3,2,0,0,1,2,1,1,0,2
3477,l1,female,48,Budakeszi,Szakorvos ,171,4,0,3,1,1,1,1,1,3,0,0,0,0,86575,0,0,0,0,1,1,0,1,1,0,0,0,0,1,2,1,3,0,1,0,1,3,1,0,0,1,0,0,1,0,1
3478,l0,male,27,Nagybajcs,asztalos ,164,4,0,1,1,1,2,1,0,2,0,0,0,0,27777,1,0,0,0,1,0,0,0,0,0,1,2,0,1,0,0,0,0,3,3,1,1,2,1,0,1,0,0,1,1,1
3479,l0,male,45,Budakeszi,asztalos ,167,0,0,3,1,1,1,1,2,0,1,0,0,0,0,1,0,0,0,1,0,1,1,1,1,1,1,0,3,0,0,2,0,1,1,1,1,1,0,0,0,2,1,0,0,1
3480,l0,male,51,Budakeszi,asztalos ,165,3,0,1,0,1,1,1,1,2,2,1,0,0,0,1,0,0,0,1,1,1,0,1,1,3,2,1,0,2,1,3,2931,2,1,1,1,1,0,0,1,2,1,1,1,0
3481,l1,male,53,Budakeszi,Lakatos ,179,3,0,3,1,1,1,1,3,3,3,1,0,1,395871,1,0,0,0,1,1,1,0,1,0,5,2,0,1,0,4,4,442,1,1,1,1,1,1,0,1,2,1,0,0,1
3482,l0,male,46,Nagykanizsa,asztalos ,165,3,0,1,1,1,1,1,1,2,0,0,0,0,103293,1,0,0,0,1,0,0,0,1,0,5,1,0,3,2,0,0,131,2,0,1,1,2,1,0,1,2,2,1,1,0
3483,l0,male,61,Nagykanizsa,Szakorvos ,167,3,0,2,1,1,2,1,1,2,7,0,0,0,308554,1,0,1,0,0,0,0,0,1,1,0,1,0,4,2,2,3,150,1,0,0,1,1,1,0,1,1,0,0,0,1
3484,l1,female,29,Budakeszi,Szakorvos ,163,3,0,2,0,1,1,1,1,3,8,1,0,0,0,0,0,1,1,1,0,0,0,1,1,5,1,0,1,2,1,3,195,2,2,1,3,2,1,1,2,2,1,1,1,1
3485,l1,female,61,Nagybajcs,Szakorvos ,173,0,2,2,1,1,2,1,1,0,1,1,0,0,0,1,1,0,0,1,0,0,1,0,0,5,2,0,1,2,1,4,4073,1,1,1,3,2,0,0,1,2,0,0,0,1
3486,l1,male,46,Budakeszi,Lakatos ,167,4,0,4,1,1,3,1,2,2,1,1,0,0,0,1,0,0,1,1,0,0,1,1,1,2,1,0,0,0,0,0,0,2,3,1,3,0,0,0,2,2,1,1,1,1
3487,l0,female,37,Nagykanizsa,Szakorvos ,188,0,0,2,1,1,1,1,1,0,2,1,0,0,141401,1,1,0,0,1,0,1,1,1,1,4,1,0,1,2,0,0,0,3,1,1,2,0,1,0,2,2,1,1,1,1
3488,l0,male,32,Nagykanizsa,asztalos ,174,4,0,3,0,0,0,1,2,2,6,4,0,1,215181,1,0,0,0,1,0,0,1,0,0,1,2,0,4,0,1,1,440,3,1,1,3,1,1,1,0,0,0,1,1,0
3489,l0,female,26,Nagybajcs,Szakorvos ,179,0,0,3,0,1,2,1,2,2,5,4,0,0,0,0,0,0,1,1,1,0,0,1,1,5,1,0,1,2,0,0,420,2,2,1,2,1,1,1,1,0,1,1,1,3
3490,l0,female,61,Budakeszi,asztalos ,187,4,1,3,1,1,1,1,2,2,7,4,0,0,178154,1,0,0,1,1,0,1,1,1,0,3,1,0,1,2,0,1,171,2,3,1,1,2,0,0,1,2,0,0,0,1
3491,l1,female,34,Budakeszi,Szakorvos ,177,3,0,3,1,1,1,0,1,3,1,1,0,1,0,1,1,0,0,1,0,0,0,1,0,1,1,0,1,0,0,0,663,3,3,1,1,0,0,1,1,1,0,1,1,0
3492,l1,female,57,Budakeszi,Szakorvos ,155,1,0,1,0,1,1,0,2,2,1,3,0,1,165608,0,0,0,0,0,1,0,1,0,0,1,1,0,1,2,0,0,0,3,0,0,0,2,1,1,1,0,1,1,1,2
3493,l1,male,49,Budakeszi,Lakatos ,156,4,0,3,1,1,1,1,1,3,0,0,0,0,0,1,0,0,0,1,0,0,1,0,1,1,1,0,3,1,3,3,290,1,2,1,2,0,1,1,0,0,0,1,1,3
3494,l0,male,32,Nagybajcs,asztalos ,181,4,0,3,0,1,1,0,2,2,0,0,0,1,336848,0,0,1,0,1,1,1,1,1,1,3,2,1,3,0,0,0,512,3,3,1,1,1,0,0,1,0,0,0,0,3
3495,l1,female,62,Nagybajcs,Lakatos ,186,0,1,3,1,1,2,1,1,3,2,1,0,1,236197,0,0,0,0,1,0,0,1,1,1,0,0,0,1,0,0,3,760,1,1,0,3,0,0,0,1,2,0,0,0,1
3496,l1,male,57,Nagykanizsa,Lakatos ,172,3,1,4,1,1,1,1,1,2,0,0,0,0,0,0,0,0,0,1,0,1,1,1,0,3,1,1,1,3,1,3,918,2,2,1,3,1,0,0,2,0,1,1,1,4
3497,l0,male,25,Budakeszi,asztalos ,168,3,0,1,1,1,1,1,1,2,0,0,0,0,7214,0,0,1,0,1,1,1,1,1,0,5,2,0,1,2,0,3,754,3,1,1,2,1,1,1,1,2,1,1,1,3
3498,l1,female,53,Nagybajcs,Szakorvos ,188,0,0,2,1,1,2,1,0,3,5,0,0,0,18991,0,0,0,0,1,1,0,1,0,0,1,1,0,0,0,2,1,161,1,3,1,2,2,0,0,2,0,1,1,1,1
3499,l1,female,53,Nagykanizsa,Szakorvos ,178,2,0,2,0,1,1,1,2,2,2,1,0,0,0,0,0,0,0,0,0,1,1,1,1,0,1,1,0,2,0,0,0,3,3,1,1,1,0,0,1,0,0,0,0,1
3500,l1,male,59,Budakeszi,Szakorvos ,170,0,0,3,1,1,1,1,1,2,0,0,0,0,259782,1,0,0,1,1,0,1,1,1,1,1,1,0,3,0,0,3,5976,2,1,1,2,1,1,0,2,0,0,1,0,1
3501,l0,male,59,Budakeszi,Lakatos ,169,4,0,3,1,1,1,1,1,3,0,0,0,0,0,1,0,0,0,1,0,0,1,1,1,0,2,1,4,0,0,0,226,2,1,1,3,0,0,0,0,1,0,0,0,3
3502,l0,male,51,Nagykanizsa,Lakatos ,164,3,0,3,0,1,1,1,1,2,0,0,0,0,63655,1,1,1,0,1,1,1,1,1,0,1,1,1,1,0,1,0,93,3,3,1,1,1,0,0,1,1,1,0,1,1
3503,l0,male,32,Budakeszi,asztalos ,173,3,0,3,1,1,1,1,6,3,0,0,0,1,0,0,0,0,0,1,0,0,1,1,0,3,2,0,1,0,3,0,603,2,2,1,1,2,0,0,0,2,1,1,1,3
3504,l1,male,45,Nagykanizsa,Szakorvos ,174,0,0,3,0,1,1,1,0,2,4,4,0,0,0,1,0,0,0,1,1,0,1,1,0,1,1,0,4,2,0,4,257,3,1,1,1,2,1,1,2,2,0,0,0,1
3505,l1,female,52,Budakeszi,Szakorvos ,176,0,0,3,1,1,2,1,8,2,0,0,0,1,186092,1,1,0,1,1,1,0,1,0,0,1,1,0,1,0,1,4,7195,0,1,1,2,1,1,1,2,2,0,0,0,1
3506,l1,male,49,Nagykanizsa,Lakatos ,163,0,0,3,1,1,2,1,3,2,2,4,0,0,0,0,0,0,0,1,0,1,0,1,1,2,1,0,4,2,0,3,634,3,1,1,1,1,0,1,0,0,1,1,1,1
3507,l1,female,28,Nagykanizsa,Lakatos ,175,3,0,3,1,1,1,1,3,2,0,0,0,0,0,1,0,0,0,1,0,0,1,0,0,1,0,0,1,0,3,3,794,2,1,1,1,2,1,0,2,1,1,1,0,2
3508,l1,male,48,Budakeszi,asztalos ,182,2,0,0,0,1,1,1,2,3,3,1,0,1,0,1,0,0,1,1,1,0,1,0,0,2,0,0,1,2,0,3,151,3,1,1,3,1,1,0,1,2,0,0,0,1
3509,l1,female,61,Budakeszi,Szakorvos ,167,3,1,4,1,1,2,1,1,2,2,1,0,0,506896,1,0,0,1,1,0,0,1,0,0,4,1,0,1,2,2,1,118,2,1,1,3,2,1,1,1,0,0,0,0,1
3510,l1,male,47,Budakeszi,Lakatos ,171,1,1,3,0,1,1,1,2,3,0,0,0,0,0,1,1,0,1,1,1,0,1,1,0,1,1,1,0,0,0,4,793,3,1,1,1,1,1,1,2,2,1,0,0,3
3511,l1,male,45,Nagybajcs,Szakorvos ,169,0,2,4,1,1,2,0,1,2,2,1,0,0,366472,1,0,0,0,1,0,1,0,0,0,5,1,0,3,2,0,1,0,2,1,1,2,2,0,0,0,0,0,1,1,1
3512,l1,male,41,Nagykanizsa,Lakatos ,164,0,0,4,1,1,1,1,1,2,3,1,0,1,0,1,0,0,1,1,0,0,0,1,1,5,1,0,1,2,0,0,208,2,1,1,1,2,0,0,1,0,1,1,1,0
3513,l1,male,43,Nagykanizsa,Szakorvos ,165,4,0,3,0,1,1,1,2,2,0,0,0,0,92639,1,0,0,0,1,0,0,1,0,0,0,1,1,1,0,0,2,569,3,1,1,1,1,0,0,0,0,1,1,1,2
3514,l1,male,57,Nagykanizsa,asztalos ,172,3,0,3,1,1,1,1,1,3,5,4,0,1,229510,1,0,1,0,1,1,0,1,1,1,1,0,0,1,0,0,4,374,3,0,1,3,1,0,1,0,0,1,1,0,2
3515,l1,male,38,Nagykanizsa,Lakatos ,157,4,0,0,0,1,1,1,3,3,3,4,0,1,0,1,0,0,0,1,1,1,0,1,1,1,0,0,0,2,0,0,375,2,1,1,3,2,0,0,2,0,1,0,0,0
3516,l1,male,32,Nagykanizsa,Lakatos ,173,4,0,3,1,1,1,1,2,2,3,1,0,1,38423,1,0,0,0,1,0,1,1,0,0,5,1,1,1,2,3,4,9011,2,3,1,1,2,0,1,1,0,1,0,0,1
3517,l0,male,47,Budakeszi,asztalos ,171,3,0,3,1,1,1,1,1,2,0,0,0,0,43064,0,0,0,0,1,1,0,1,0,0,4,0,0,1,0,0,0,68,3,3,1,1,0,1,1,0,0,1,1,0,0
3518,l1,male,46,Budakeszi,Lakatos ,194,1,0,3,1,1,1,1,1,3,5,4,0,0,424854,1,0,1,0,0,0,0,1,1,1,3,2,0,0,2,3,1,400,1,0,1,0,2,1,1,1,2,1,1,1,3
3519,l0,male,38,Budakeszi,asztalos ,159,3,0,1,0,1,2,1,1,2,3,1,0,1,91553,0,0,1,0,1,0,1,1,1,0,1,1,0,1,0,0,0,0,2,1,1,1,2,1,0,2,0,1,0,1,1
3520,l0,female,48,Budakeszi,asztalos ,171,4,0,2,0,1,1,1,2,2,1,1,0,1,244127,1,1,0,0,1,1,1,1,1,0,1,0,0,1,0,0,4,59,3,2,1,0,1,0,0,0,0,1,1,1,0
3521,l1,female,29,Budakeszi,Lakatos ,174,1,0,4,0,1,1,1,1,1,5,1,0,1,141414,1,0,1,0,1,0,1,1,0,0,1,1,0,1,0,0,3,287,2,3,1,2,2,0,0,1,1,1,0,0,3
3522,l1,male,33,Nagykanizsa,Szakorvos ,163,3,0,3,1,1,1,1,2,3,2,1,0,0,346974,0,0,1,0,1,0,0,1,0,0,1,1,0,0,2,0,3,0,1,0,1,1,2,0,0,1,1,1,1,0,1
3523,l1,male,38,Nagykanizsa,asztalos ,164,3,0,3,1,1,1,1,2,0,5,0,0,1,291317,1,0,0,0,0,0,0,1,0,0,2,2,0,1,1,0,3,192,3,3,1,2,2,1,1,0,0,1,1,0,1
3524,l1,female,36,Nagykanizsa,asztalos ,164,0,0,3,1,1,1,1,2,2,0,4,0,1,169340,1,0,1,0,1,1,0,1,1,0,1,1,0,1,2,0,3,374,1,0,1,3,1,1,1,2,0,1,0,0,3
3525,l0,male,29,Nagykanizsa,Lakatos ,164,4,0,1,1,1,1,1,1,3,4,4,0,0,238231,1,0,0,0,1,0,1,1,0,0,5,0,0,1,2,1,3,0,1,0,1,3,2,0,0,1,0,1,1,1,2
3526,l1,male,59,Nagykanizsa,Lakatos ,175,4,2,3,1,1,1,1,2,2,1,1,0,1,548043,1,0,0,0,0,1,1,0,1,0,1,1,0,1,2,1,4,183,1,2,1,1,2,0,0,1,0,0,1,1,1
3527,l0,female,33,Nagybajcs,asztalos ,198,2,0,1,1,1,1,1,1,3,0,0,0,0,348742,1,0,0,0,0,1,0,0,1,0,0,2,0,1,2,0,4,423,3,1,1,1,2,0,1,1,2,0,1,1,3
3528,l0,male,51,Nagybajcs,asztalos ,169,4,2,3,1,1,1,0,4,2,0,4,0,0,0,1,1,0,0,1,0,0,1,1,0,1,0,0,1,0,1,2,274,2,0,1,3,1,1,0,2,2,1,1,1,0
3529,l0,male,30,Nagybajcs,asztalos ,163,3,2,3,1,1,1,1,1,2,3,4,0,1,13879081,1,1,0,0,1,1,0,0,1,1,1,1,0,0,0,0,4,459,2,1,1,1,2,1,1,1,0,2,1,1,2
3530,l1,male,53,Nagykanizsa,asztalos ,162,3,0,3,1,1,1,1,1,2,0,0,0,0,225931,1,1,0,0,1,1,0,1,1,0,1,1,0,4,0,4,1,1220,2,1,1,3,2,0,0,0,0,0,1,1,0
3531,l1,male,48,Nagykanizsa,asztalos ,160,1,0,3,1,1,1,1,2,3,5,1,0,1,324969,1,0,1,0,1,0,0,0,1,0,1,1,0,4,0,0,0,0,3,1,1,1,2,0,1,1,0,1,1,0,3
3532,l0,male,60,Budakeszi,Szakorvos ,155,1,0,1,1,1,1,1,1,2,3,1,0,0,155367,1,0,0,0,1,1,0,1,0,0,0,0,0,1,2,0,0,172,2,2,1,3,2,1,1,1,1,0,0,0,0
3533,l1,male,25,Nagybajcs,Szakorvos ,183,0,0,2,1,1,1,1,8,3,1,1,0,1,267623,1,0,0,0,1,1,0,1,1,0,5,1,0,1,0,0,0,78,1,1,1,3,1,0,0,1,2,0,1,0,1
3534,l0,female,49,Budakeszi,Szakorvos ,182,0,0,2,1,1,1,1,2,2,3,1,0,1,0,0,0,0,0,1,1,0,1,1,0,1,1,0,1,0,0,0,0,3,0,1,1,2,0,1,1,0,0,0,0,1
3535,l1,female,28,Budakeszi,Szakorvos ,185,0,2,3,1,1,1,1,2,2,7,4,1,0,347670,1,0,0,0,1,0,1,1,0,0,3,0,0,1,0,3,1,623,1,0,1,2,2,1,1,1,2,0,1,0,2
3536,l1,male,31,Budakeszi,Lakatos ,169,0,0,1,0,1,1,1,1,2,0,0,0,0,0,1,0,0,0,1,1,0,1,1,0,1,0,0,1,2,3,1,105,2,1,1,1,2,0,0,1,0,1,1,1,1
3537,l0,male,56,Budakeszi,asztalos ,170,4,0,3,0,0,0,1,2,2,11,4,0,1,41604,1,0,0,1,1,0,0,0,1,0,4,1,0,0,0,0,4,226,2,2,1,0,2,0,0,1,2,0,0,0,3
3538,l0,male,26,Budakeszi,asztalos ,175,4,0,1,1,1,1,1,1,2,7,4,0,0,158175,1,0,0,1,0,1,1,1,1,0,1,2,0,1,2,2,3,0,2,1,1,1,1,1,1,2,2,0,1,1,1
3539,l1,female,59,Nagykanizsa,Szakorvos ,175,1,0,3,1,1,1,1,1,3,1,0,0,0,134538,1,0,0,1,1,1,0,1,1,1,3,1,0,3,0,0,0,158,2,0,1,1,0,0,0,1,2,1,1,1,0
3540,l1,female,46,Budakeszi,Szakorvos ,153,0,0,3,0,1,1,0,1,3,0,0,0,0,293885,1,0,0,0,1,1,1,1,1,1,1,2,0,3,0,1,3,0,2,3,1,1,2,0,0,0,2,2,0,0,2
3541,l1,male,27,Nagykanizsa,Lakatos ,164,0,0,3,1,1,2,1,1,2,1,0,0,0,0,0,0,0,0,1,0,1,1,1,1,5,1,0,1,2,0,0,646,2,1,1,3,2,1,1,2,1,1,1,1,1
3542,l1,female,33,Budakeszi,Szakorvos ,173,4,0,3,1,1,1,1,2,2,5,4,0,1,126253,1,0,0,0,1,0,0,1,0,0,3,1,0,1,0,0,4,0,2,1,1,3,1,0,0,1,2,0,1,0,3
3543,l0,male,29,Nagykanizsa,Szakorvos ,175,0,0,1,0,1,1,1,2,3,2,1,0,1,0,1,0,0,0,1,0,0,1,0,0,5,0,0,4,0,0,4,0,2,3,1,3,2,1,1,0,1,0,0,0,1
3544,l1,male,44,Nagykanizsa,asztalos ,169,0,0,3,1,1,1,1,2,2,6,4,0,0,179635,1,0,0,1,1,0,1,1,1,1,0,3,0,0,2,1,0,569,3,3,1,3,2,1,1,1,1,0,1,1,1
3545,l1,female,52,Nagykanizsa,Szakorvos ,166,3,0,2,1,1,2,1,1,2,3,1,0,0,0,1,0,0,1,1,1,0,0,0,0,1,2,0,3,2,3,4,276,3,3,1,1,2,0,1,2,2,0,1,0,1
3546,l0,female,62,Nagybajcs,asztalos ,180,0,0,1,1,1,2,1,0,2,5,4,0,1,0,1,0,0,0,0,0,0,1,0,0,0,1,0,1,2,0,0,165,2,0,1,0,2,1,0,1,1,0,1,1,1
3547,l1,male,65,Nagybajcs,Szakorvos ,173,3,0,3,0,1,1,1,1,2,2,1,0,0,139342,0,0,0,0,1,0,0,0,1,1,1,1,0,1,2,0,3,0,3,3,1,3,2,0,0,1,2,1,1,1,1
3548,l1,female,32,Budakeszi,Szakorvos ,182,0,0,4,1,1,1,0,1,2,3,4,0,0,0,1,1,0,0,1,0,0,1,0,0,1,0,1,4,2,2,4,8206,2,3,1,1,2,0,0,1,0,1,0,1,1
3549,l1,female,27,Nagykanizsa,Szakorvos ,182,3,0,2,1,1,1,1,1,2,1,1,0,1,290166,1,1,0,1,1,0,0,1,1,0,5,2,0,1,2,2,4,2615,2,1,1,1,1,0,0,1,2,1,1,1,0
3550,l1,female,56,Budakeszi,Szakorvos ,185,4,0,2,1,1,1,1,1,0,1,0,0,0,133125,1,0,1,1,0,1,1,1,1,1,4,1,0,0,0,0,0,268,2,0,0,1,1,1,1,1,1,0,0,0,1
3551,l0,male,64,Nagybajcs,asztalos ,190,0,0,3,1,1,1,1,1,3,0,0,0,0,220435,0,0,0,1,1,1,1,1,1,0,1,2,1,4,2,0,0,171,3,3,1,1,2,1,1,2,2,1,1,0,2
3552,l0,male,47,Nagybajcs,asztalos ,172,3,0,0,1,1,2,1,1,3,4,4,0,0,0,1,0,0,0,1,0,0,0,1,0,3,0,0,1,4,1,4,75846,2,0,1,3,0,0,0,1,1,0,1,0,1
3553,l1,female,37,Budakeszi,Szakorvos ,167,0,0,3,0,0,2,1,1,0,6,1,0,1,0,0,0,0,0,1,0,0,1,1,1,2,1,0,3,2,2,4,136,3,2,1,1,2,0,0,1,0,0,1,1,4
3554,l0,male,54,Budakeszi,asztalos ,163,4,0,1,1,1,1,1,1,2,0,4,0,0,0,1,1,0,0,1,0,0,1,1,0,5,0,0,0,0,0,3,5043,3,1,1,1,2,1,0,2,2,1,0,0,2
3555,l1,male,44,Nagykanizsa,Szakorvos ,152,3,0,2,1,1,1,1,1,2,4,2,0,0,0,1,0,0,0,1,0,0,0,1,1,2,1,0,4,2,2,4,8058,2,3,1,3,2,1,1,1,0,1,0,0,1
3556,l0,male,61,Budakeszi,Lakatos ,168,4,0,4,0,1,1,1,1,0,5,1,1,1,0,1,0,0,0,1,1,0,1,1,1,2,2,0,4,0,0,4,35573,1,1,1,3,2,0,0,1,0,1,0,1,1
3557,l1,male,56,Nagykanizsa,asztalos ,171,2,0,2,1,1,1,1,2,2,1,0,0,1,44076,1,0,1,0,1,1,0,1,0,0,0,2,0,1,2,0,3,488,2,3,1,1,2,1,1,0,0,0,0,0,3
3558,l1,male,55,Nagykanizsa,Lakatos ,170,4,0,1,0,1,1,1,2,2,1,0,0,0,10398,1,0,0,0,1,1,0,1,0,1,1,1,0,1,0,0,1,3459,2,0,1,0,1,0,0,1,0,0,1,0,2
3559,l1,female,62,Nagybajcs,Szakorvos ,184,3,0,4,1,1,1,1,0,2,1,1,0,0,302323,1,0,0,0,1,1,0,1,1,0,5,1,0,0,0,0,4,253,2,1,0,0,1,1,0,0,0,0,0,0,3
3560,l0,male,46,Nagykanizsa,asztalos ,169,3,0,1,0,1,1,1,1,2,0,4,0,0,0,0,0,0,0,1,0,1,1,1,0,1,1,0,4,0,0,4,621,1,0,1,3,2,1,0,2,2,1,0,0,0
3561,l1,male,58,Nagykanizsa,Lakatos ,164,3,2,3,1,1,2,1,1,3,1,1,0,0,87077,1,0,1,0,0,1,1,1,1,0,1,1,0,1,0,4,3,721,3,2,1,1,1,0,0,0,0,1,1,1,1
3562,l0,male,61,Nagykanizsa,Szakorvos ,158,3,0,4,1,1,2,1,3,2,1,1,0,0,248890,0,0,1,0,1,0,1,1,1,1,2,2,0,0,2,0,0,0,2,1,1,1,2,1,0,1,1,1,1,1,1
3563,l1,male,56,Nagykanizsa,Lakatos ,159,3,0,3,1,1,1,1,2,2,1,0,0,0,66562,1,0,1,1,0,0,1,0,0,0,1,0,0,1,2,0,3,584,2,1,1,1,1,1,1,1,2,0,1,1,2
3564,l1,male,42,Nagykanizsa,Szakorvos ,172,1,0,2,1,1,1,1,0,2,3,4,0,1,0,1,0,0,0,1,1,0,1,1,1,2,1,0,1,2,0,3,631,2,1,1,1,2,1,1,0,0,0,0,0,3
3565,l0,male,27,Nagykanizsa,asztalos ,160,3,0,3,0,0,1,1,0,3,2,4,0,0,17207,0,0,0,0,1,0,0,0,1,1,3,1,0,1,2,2,3,465,2,1,1,1,1,1,0,1,1,0,0,0,0
3566,l1,male,63,Budakeszi,asztalos ,164,4,0,1,1,1,1,1,1,2,1,0,0,1,0,0,0,1,0,0,0,0,0,1,0,4,1,0,1,3,0,3,737,2,3,0,1,0,1,1,1,2,0,1,1,1
3567,l0,female,50,Budakeszi,Szakorvos ,174,0,0,2,1,1,1,1,1,2,4,1,0,1,127915,1,1,1,0,1,0,0,1,1,0,4,3,1,0,2,0,0,70,2,3,1,3,1,0,0,1,2,2,1,0,2
3568,l1,female,60,Nagykanizsa,Szakorvos ,187,4,0,3,1,1,1,1,1,2,0,0,0,0,0,1,0,1,0,1,1,1,1,1,0,5,0,0,1,0,0,0,514,2,1,1,1,2,0,1,0,0,1,1,1,0
3569,l1,male,27,Nagykanizsa,Szakorvos ,175,2,2,4,0,1,1,1,1,2,0,0,0,1,441771,0,0,0,1,0,0,0,1,1,0,1,1,0,1,2,0,0,0,2,1,1,0,2,1,1,2,2,0,1,1,1
3570,l0,male,25,Nagykanizsa,asztalos ,165,4,0,3,1,1,1,1,1,0,0,0,0,1,79831,0,0,0,0,1,0,1,0,1,1,0,1,0,1,2,1,3,8747,3,3,1,1,2,1,0,0,0,1,1,1,1
3571,l1,male,47,Budakeszi,Lakatos ,164,0,0,4,1,1,2,1,1,2,0,0,0,0,0,1,0,0,1,1,1,1,1,1,1,1,1,1,1,2,1,3,0,2,1,1,2,0,1,0,2,2,0,1,1,1
3572,l0,male,53,Nagykanizsa,asztalos ,176,3,1,3,0,1,1,1,2,2,2,1,0,1,228388,1,0,0,0,1,1,0,1,1,1,1,2,0,3,1,0,4,5591,3,0,1,1,2,1,0,0,0,1,1,0,1
3573,l0,male,37,Budakeszi,asztalos ,170,4,0,3,1,1,1,0,0,3,0,0,0,0,184171,1,0,0,0,1,1,1,1,1,1,0,2,0,0,2,3,0,465,2,2,1,1,2,0,1,1,0,1,0,0,1
3574,l0,male,29,Nagykanizsa,Lakatos ,189,4,0,1,1,1,1,1,2,0,0,0,0,1,139035,0,0,0,0,1,0,0,1,0,0,4,1,0,0,1,0,4,0,3,1,1,1,1,1,0,1,0,0,0,0,3
3575,l1,male,61,Budakeszi,asztalos ,159,4,0,1,1,1,1,1,4,2,8,3,0,1,0,1,0,0,1,1,1,1,0,0,0,1,2,0,3,2,0,3,0,2,3,1,1,2,1,1,2,0,0,0,1,1
3576,l0,male,27,Nagykanizsa,asztalos ,164,4,0,3,0,1,1,1,1,3,5,4,0,1,504432,1,0,0,0,1,0,1,1,0,0,0,1,0,0,0,4,4,538,3,1,1,3,2,1,1,1,0,0,0,1,1
3577,l0,male,65,Nagykanizsa,asztalos ,173,0,0,3,1,1,1,1,2,2,2,1,0,0,0,1,0,1,1,1,0,0,1,1,1,2,1,0,1,2,0,0,0,2,3,1,3,1,1,1,1,2,0,1,1,2
3578,l1,male,53,Nagybajcs,Lakatos ,177,1,1,4,1,1,0,1,2,3,4,4,0,1,278102,1,1,1,0,0,1,0,1,1,1,1,1,0,4,0,1,4,130,1,0,1,0,1,0,0,1,0,0,0,0,1
3579,l1,male,28,Nagykanizsa,Lakatos ,159,4,0,3,1,1,1,1,2,3,1,1,0,0,289046,1,0,0,1,1,0,0,1,1,1,5,1,0,1,2,0,3,275,3,1,1,3,2,1,1,1,2,0,1,0,3
3580,l1,female,48,Nagybajcs,Lakatos ,177,3,0,4,1,1,1,1,1,2,6,4,0,1,232907,0,0,1,0,0,0,0,1,1,1,0,2,1,1,0,0,3,396,3,2,1,1,2,0,0,1,2,0,1,0,3
3581,l0,male,28,Budakeszi,asztalos ,166,0,2,3,1,1,2,1,2,0,1,1,0,1,263508,1,1,0,0,1,1,0,1,1,0,5,1,0,1,2,0,3,116,3,3,1,3,2,0,0,1,2,1,0,0,1
3582,l0,female,57,Budakeszi,Lakatos ,176,4,0,4,0,1,1,1,2,2,0,4,0,1,0,0,0,0,0,0,1,1,0,1,0,0,1,0,1,2,0,1,202,2,1,0,0,1,0,0,1,0,1,0,0,2
3583,l1,male,33,Budakeszi,Lakatos ,173,3,2,3,1,1,2,1,1,3,0,0,0,1,105154,1,0,1,0,1,0,0,0,1,1,4,0,0,1,0,0,0,0,2,2,1,2,2,1,1,1,0,0,1,0,4
3584,l1,male,65,Nagykanizsa,Lakatos ,170,3,0,4,1,1,1,1,1,3,2,1,0,1,245152,1,0,0,0,1,0,1,1,0,0,5,1,0,1,2,0,0,73,3,3,1,1,1,1,0,1,2,0,1,0,1
3585,l0,male,34,Nagykanizsa,asztalos ,166,4,0,1,1,1,1,1,3,2,1,1,0,0,184732,1,0,1,0,1,0,1,1,0,0,1,1,0,3,0,0,2,870,2,0,1,1,0,1,1,0,0,1,1,1,1
3586,l1,female,46,Nagykanizsa,Szakorvos ,174,4,0,4,1,1,1,1,1,2,9,4,0,0,207845,1,0,0,0,1,0,0,1,1,0,3,0,0,3,2,2,0,0,1,0,1,1,2,1,0,1,0,1,0,0,1
3587,l0,male,45,Nagybajcs,asztalos ,164,4,0,3,1,1,3,1,1,2,0,0,0,0,540693,0,0,0,0,0,1,1,0,0,0,1,1,1,1,0,0,0,236,2,1,1,2,2,0,0,1,0,1,1,0,3
3588,l1,female,50,Nagykanizsa,Szakorvos ,165,4,2,3,1,1,1,1,4,3,14,1,0,1,0,1,1,0,0,1,0,0,0,0,0,4,1,0,0,2,0,0,440,3,1,0,2,1,1,1,0,1,1,0,0,2
3589,l1,male,44,Budakeszi,Lakatos ,170,1,1,3,0,1,1,1,1,2,2,0,0,0,166780,0,0,0,1,0,0,0,1,1,1,1,0,0,4,0,0,2,0,2,3,1,1,1,0,1,1,2,1,1,1,3
3590,l0,male,48,Nagykanizsa,Lakatos ,163,0,0,2,1,1,2,1,1,2,5,1,0,0,0,1,0,0,0,1,0,1,1,1,1,2,2,0,3,0,1,4,445,3,1,1,3,2,1,0,0,0,2,1,1,0
3591,l0,male,31,Nagybajcs,Lakatos ,171,4,0,1,1,1,1,1,1,3,6,4,0,1,10590520,1,0,0,0,1,0,0,1,1,1,1,0,0,4,2,3,4,185,1,1,1,2,1,1,1,0,2,0,1,1,2
3592,l1,female,30,Nagybajcs,Szakorvos ,188,0,0,4,1,1,1,1,1,2,3,1,0,1,432640,1,0,0,0,1,0,1,1,1,1,0,1,0,1,2,0,1,988,3,3,1,1,2,1,0,1,0,0,0,1,3
3593,l1,male,58,Budakeszi,Lakatos ,169,3,2,4,1,1,1,1,1,2,0,1,0,0,0,0,0,0,0,1,1,0,1,0,0,1,1,0,3,3,0,1,105,2,0,1,3,2,1,0,0,0,1,0,0,0
3594,l0,female,46,Nagykanizsa,asztalos ,183,4,0,1,1,1,1,1,1,3,0,0,0,0,167,0,0,0,0,1,1,0,1,1,1,5,1,0,0,2,0,3,166,3,1,1,2,0,0,1,2,1,1,1,1,2
3595,l1,male,45,Budakeszi,asztalos ,175,1,0,2,1,1,1,1,1,3,2,1,0,1,176589,1,0,0,0,0,0,0,0,0,0,1,1,0,0,2,0,3,0,2,1,1,1,1,0,0,1,2,1,1,0,0
3596,l0,male,43,Nagybajcs,asztalos ,180,3,0,3,1,1,1,1,1,2,2,1,0,0,0,1,0,0,0,1,1,1,1,1,0,1,0,0,4,2,0,2,0,3,2,1,0,1,1,0,1,0,0,1,1,1
3597,l1,female,48,Budakeszi,Lakatos ,169,4,0,1,1,1,1,1,3,2,5,1,0,0,0,1,0,1,0,1,1,1,1,1,1,3,3,0,4,1,0,4,26453,3,1,1,1,0,0,0,1,1,0,1,0,3
3598,l1,female,45,Nagykanizsa,Lakatos ,171,4,0,1,1,1,1,0,1,0,0,4,0,1,104054,0,0,1,0,1,0,1,1,1,1,1,2,0,3,0,0,3,509,2,3,1,3,1,0,0,1,2,0,1,1,4
3599,l1,female,42,Nagykanizsa,Szakorvos ,175,3,0,3,1,1,1,1,2,3,2,0,0,1,658213,1,0,1,0,1,1,1,1,1,0,1,0,0,1,0,0,0,0,2,2,1,1,1,0,0,1,1,1,1,0,4
3600,l1,male,38,Nagykanizsa,Lakatos ,167,3,2,4,1,1,1,1,1,3,2,1,0,1,9092789,1,0,0,1,0,0,0,1,1,1,1,0,0,0,1,0,4,44539,0,3,1,1,1,1,1,0,2,1,1,0,0
3601,l0,male,42,Nagybajcs,asztalos ,174,1,0,1,0,1,1,1,1,3,1,0,0,0,88671,1,0,0,0,1,1,0,0,0,0,3,1,0,1,0,0,3,207,3,0,1,2,1,1,1,2,2,1,0,1,1
3602,l1,male,56,Nagykanizsa,Lakatos ,152,3,0,4,1,1,1,1,1,0,5,4,0,0,272630,1,0,0,0,0,1,0,0,0,0,1,1,0,4,1,1,3,112,2,2,1,1,2,1,0,1,0,0,1,1,1
3603,l0,male,31,Nagykanizsa,asztalos ,162,3,0,3,1,1,1,1,3,2,2,4,0,0,140622,1,0,1,0,1,1,0,1,1,1,5,1,0,1,2,0,3,217,2,3,1,1,0,0,0,1,2,0,0,0,1
3604,l1,male,38,Nagykanizsa,Szakorvos ,166,4,0,2,1,1,2,1,1,2,4,4,0,0,368116,1,1,1,0,1,0,1,1,1,1,5,2,0,0,1,3,0,0,3,3,1,3,2,0,0,1,0,2,1,0,1
3605,l0,male,64,Budakeszi,asztalos ,180,3,0,3,1,1,1,1,3,0,3,1,0,0,0,0,0,1,0,1,1,1,1,1,1,2,1,0,1,0,0,3,203,2,3,1,1,0,1,0,1,2,0,1,1,0
3606,l0,male,36,Budakeszi,asztalos ,170,0,2,3,1,1,1,1,1,2,1,1,0,0,82084,0,0,1,0,1,1,1,1,1,1,1,1,0,1,0,1,4,623,1,0,1,0,1,0,0,1,2,0,1,1,0
3607,l0,female,34,Budakeszi,Lakatos ,194,3,0,2,1,1,1,1,2,2,1,0,0,0,351377,1,0,0,0,1,0,0,1,1,1,2,1,0,1,2,2,1,352,2,0,1,3,2,0,0,1,2,0,0,1,3
3608,l1,male,63,Nagykanizsa,Lakatos ,170,0,2,4,1,1,1,1,1,2,0,0,0,1,171886,1,0,1,1,1,0,0,1,1,0,1,0,0,1,0,1,3,336,1,1,1,2,1,1,1,1,2,1,1,1,2
3609,l0,male,34,Nagybajcs,asztalos ,165,4,0,1,0,1,1,1,1,2,1,0,0,0,111516,0,0,0,1,1,1,0,1,1,1,0,1,0,1,0,0,4,0,2,1,1,2,2,1,1,1,2,1,0,0,0
3610,l1,female,30,Nagykanizsa,asztalos ,196,4,0,3,1,1,1,1,3,2,6,4,0,1,0,1,0,0,0,0,0,1,1,0,0,1,0,0,1,2,0,1,410,2,0,1,1,2,1,0,1,0,0,1,0,1
3611,l1,male,45,Nagykanizsa,Lakatos ,171,4,0,4,1,1,2,1,1,3,4,0,0,0,363494,1,1,1,0,0,1,0,1,0,0,3,1,0,1,0,0,3,4852,2,1,1,2,1,1,0,1,0,1,1,1,1
3612,l0,male,34,Budakeszi,asztalos ,163,4,0,3,1,1,1,1,1,2,5,4,0,1,320917,1,0,1,0,1,0,0,1,0,0,2,1,1,1,2,0,0,0,3,3,1,1,1,1,1,2,2,1,1,1,1
3613,l1,female,62,Nagykanizsa,Szakorvos ,173,4,0,4,0,1,1,1,1,2,2,4,0,0,46716,1,0,0,0,0,0,1,1,1,1,1,1,0,1,0,0,3,0,2,1,1,1,2,0,1,1,2,0,0,0,4
3614,l1,male,58,Nagykanizsa,Lakatos ,190,0,0,4,1,1,1,1,1,3,3,1,0,1,239020,0,0,0,0,1,1,1,1,1,1,5,1,0,4,0,0,0,0,1,0,1,3,1,1,0,0,0,0,1,0,1
3615,l0,male,51,Nagykanizsa,asztalos ,177,3,0,3,1,1,1,0,1,2,1,1,0,1,473725,1,0,0,0,1,1,0,1,1,1,1,1,0,4,2,0,0,0,1,1,1,3,0,0,0,2,2,1,0,0,3
3616,l0,male,51,Budakeszi,asztalos ,161,3,0,1,1,1,1,1,2,3,3,1,0,0,0,0,0,0,0,0,1,0,1,1,0,4,1,0,1,2,0,4,88,1,0,1,3,1,1,0,1,2,1,1,1,1
3617,l0,male,52,Nagykanizsa,asztalos ,180,4,0,3,1,1,1,1,2,3,8,4,0,0,78550,1,0,0,0,1,1,1,0,0,0,1,1,1,1,0,0,1,0,3,3,1,2,2,1,0,1,2,0,1,1,1
3618,l0,male,29,Nagykanizsa,Lakatos ,179,4,0,3,1,1,1,1,3,2,2,4,0,1,67044,0,0,1,1,1,0,0,1,1,0,4,2,0,4,4,0,0,119,2,0,1,3,2,1,1,2,2,1,1,1,4
3619,l1,male,37,Nagykanizsa,Lakatos ,176,3,0,3,1,1,1,1,4,0,1,0,0,0,0,1,0,0,0,0,1,0,0,1,0,0,1,0,1,2,3,0,287,1,1,1,1,0,1,0,1,2,1,0,0,1
3620,l1,male,55,Nagykanizsa,Lakatos ,178,4,0,4,0,1,1,1,2,3,2,0,0,1,12742884,0,0,0,0,0,0,0,1,1,1,0,0,0,1,0,1,3,0,3,1,1,1,1,1,0,2,1,1,1,1,1
3621,l1,male,38,Nagykanizsa,Lakatos ,172,3,2,3,1,1,1,1,1,2,1,1,0,0,493371,1,0,1,0,1,1,0,0,1,0,5,2,0,0,3,0,3,320,2,0,1,2,1,1,0,2,0,1,0,0,2
3622,l0,female,32,Budakeszi,Lakatos ,179,1,0,1,1,1,1,1,1,2,4,4,0,0,121138,1,0,0,0,1,0,0,1,1,0,1,1,0,3,0,0,0,0,2,2,1,3,2,0,1,0,0,0,1,0,1
3623,l1,female,55,Nagykanizsa,Szakorvos ,170,0,2,4,1,1,1,1,2,3,2,0,0,0,0,1,0,0,0,1,0,0,1,1,0,2,1,1,0,0,1,0,94,3,3,1,2,2,1,1,1,0,0,0,0,1
3624,l1,male,51,Nagybajcs,Lakatos ,176,0,0,4,0,1,1,1,0,3,1,1,1,1,156228,1,0,0,1,1,1,1,1,1,1,4,2,0,1,0,0,3,60,2,1,1,3,1,1,0,2,2,1,1,1,2
3625,l0,male,30,Nagykanizsa,asztalos ,167,4,0,3,1,1,2,1,2,3,0,0,0,0,0,1,0,0,0,1,1,0,1,1,1,1,1,1,1,4,0,0,0,3,3,1,3,0,0,0,1,0,1,1,1,1
3626,l1,male,55,Nagykanizsa,Lakatos ,167,0,1,4,1,1,1,1,1,2,3,1,0,1,0,1,0,0,0,0,1,0,1,1,1,0,0,0,4,2,1,4,539,0,2,1,1,1,0,0,1,0,0,1,0,1
3627,l0,male,25,Nagykanizsa,Szakorvos ,179,3,0,2,1,1,1,1,1,2,2,1,0,1,663289,1,1,0,0,0,1,0,1,1,1,1,2,1,1,2,0,3,484,3,1,1,1,2,0,0,0,0,1,0,0,4
3628,l1,female,28,Nagykanizsa,Szakorvos ,165,0,0,2,1,1,3,1,2,3,7,4,0,0,407829,1,0,1,0,1,0,1,0,1,0,1,0,0,1,2,1,0,469,2,0,1,1,2,1,0,2,2,1,1,0,1
3629,l1,male,55,Budakeszi,Szakorvos ,167,4,0,3,1,1,1,1,14,2,2,0,0,1,239841,1,0,0,0,1,1,0,1,1,1,1,1,0,1,0,0,4,0,3,2,1,1,2,1,1,0,1,0,1,1,1
3630,l1,male,45,Budakeszi,Lakatos ,159,3,2,4,1,1,1,1,3,2,0,0,0,1,0,1,1,0,0,1,0,0,1,1,1,1,0,0,1,1,3,4,16,2,0,1,1,2,0,0,1,2,1,0,0,1
3631,l1,female,37,Nagykanizsa,Szakorvos ,177,4,0,3,0,1,1,1,1,2,1,0,0,0,0,1,0,0,0,1,1,1,0,1,1,3,0,0,1,2,0,4,0,2,0,1,2,2,1,0,2,2,1,1,0,1
3632,l0,male,25,Budakeszi,Lakatos ,168,1,0,3,1,1,1,1,1,2,1,0,0,1,230187,0,0,0,0,1,0,0,1,1,0,1,1,0,1,0,0,0,68,1,0,1,1,2,1,0,1,0,0,0,0,4
3633,l0,male,38,Budakeszi,asztalos ,161,4,0,3,0,1,0,1,1,2,3,1,0,1,0,0,0,0,0,1,1,0,0,1,1,3,1,0,1,0,0,3,677,3,3,1,1,2,0,0,1,0,1,0,0,0
3634,l1,female,43,Nagykanizsa,asztalos ,183,2,0,3,1,1,1,1,2,0,0,0,0,0,0,1,0,0,0,1,0,0,1,0,0,4,1,0,1,2,1,3,333,2,1,1,1,2,0,0,1,0,1,1,1,3
3635,l0,male,61,Budakeszi,asztalos ,174,4,0,3,1,1,2,1,1,2,0,0,0,1,111035,0,0,0,1,1,1,0,1,1,1,1,1,0,1,0,0,3,704,3,3,1,2,2,1,0,1,2,1,1,1,2
3636,l1,male,33,Budakeszi,Szakorvos ,171,4,0,3,0,1,1,1,1,3,0,0,0,1,152831,1,0,1,1,0,1,1,1,1,0,5,1,0,0,2,0,0,108,3,1,1,3,1,1,1,2,1,0,0,0,3
3637,l0,female,28,Budakeszi,asztalos ,180,0,0,3,0,1,1,1,1,0,3,1,0,0,105634,1,0,0,0,0,0,0,1,1,0,0,1,0,1,2,0,0,148,2,1,1,1,1,1,1,1,2,1,0,1,2
3638,l0,male,31,Nagykanizsa,asztalos ,162,4,0,3,1,1,1,1,1,2,0,0,0,0,66185,0,0,0,1,1,1,1,1,1,0,4,0,0,1,2,4,4,463,2,1,1,2,0,1,1,2,0,2,0,0,0
3639,l1,female,56,Budakeszi,Lakatos ,170,4,0,3,0,1,1,1,1,2,4,1,0,0,341942,1,0,0,0,1,0,1,0,1,0,2,1,0,1,0,0,1,5943,1,3,1,1,2,0,0,0,0,0,1,1,1
3640,l1,female,33,Nagybajcs,Szakorvos ,174,4,0,1,1,1,1,1,1,3,2,0,0,1,560976,1,0,0,0,1,0,1,1,0,0,5,1,0,4,4,0,0,141,2,3,1,2,2,0,0,1,0,1,1,1,1
3641,l0,male,28,Nagykanizsa,asztalos ,168,3,1,3,1,1,1,1,1,0,0,0,0,1,0,1,0,0,1,1,0,1,1,1,1,5,1,0,1,2,0,0,104,1,1,1,2,2,1,0,1,1,1,0,0,1
3642,l1,male,50,Budakeszi,Szakorvos ,165,4,0,4,1,1,1,1,3,2,7,0,0,0,0,1,0,0,0,1,0,1,1,1,1,1,1,0,4,0,0,1,468,3,3,1,2,2,1,1,1,0,1,0,0,3
3643,l0,male,38,Nagykanizsa,asztalos ,177,1,0,1,1,1,2,1,2,3,1,0,0,0,0,1,0,0,0,1,1,0,1,0,0,1,1,0,1,2,0,0,519,3,1,1,1,2,0,0,1,1,0,1,1,1
3644,l1,male,29,Budakeszi,Lakatos ,176,2,0,1,1,1,1,1,1,2,5,4,0,1,16159461,1,0,0,0,1,0,1,0,0,0,1,1,1,1,2,0,0,0,2,0,1,3,2,0,0,1,0,0,1,1,4
3645,l0,male,25,Budakeszi,asztalos ,162,4,2,3,1,1,1,1,1,2,2,1,0,1,354429,1,1,1,0,1,0,0,1,1,1,0,2,1,1,2,0,3,0,3,3,1,2,2,0,0,1,1,0,0,0,1
3646,l0,male,42,Budakeszi,asztalos ,160,1,0,2,0,1,1,1,1,0,2,1,0,1,69496,0,0,0,0,1,0,1,1,0,0,3,1,0,1,0,0,0,431,2,1,1,3,1,1,0,1,1,1,1,0,1
3647,l0,female,37,Budakeszi,asztalos ,165,1,0,3,1,1,1,1,4,3,0,0,0,0,186416,0,0,1,0,1,0,0,0,0,0,5,1,0,1,0,0,1,429,2,3,1,1,0,1,1,2,2,1,1,0,1
3648,l0,male,50,Budakeszi,asztalos ,177,4,0,2,1,1,2,1,2,2,2,4,0,0,18665,1,0,0,0,1,1,1,1,1,1,1,2,0,1,0,0,1,613,1,1,1,1,0,0,1,0,0,1,0,0,3
3649,l1,male,27,Nagykanizsa,Szakorvos ,178,1,0,3,1,1,1,1,2,2,0,0,0,1,0,0,0,1,0,1,0,0,1,1,0,1,1,0,1,2,1,4,770,2,3,1,3,2,1,1,1,0,1,1,1,3
3650,l1,male,37,Nagykanizsa,Szakorvos ,169,0,0,4,1,1,2,1,1,2,1,1,0,0,251780,0,0,0,0,1,1,0,1,0,0,1,1,0,0,0,0,1,8281,1,1,1,1,2,0,0,0,0,1,1,1,3
3651,l1,male,44,Budakeszi,Lakatos ,163,3,0,3,0,1,1,1,2,2,7,4,0,0,0,1,0,1,0,1,1,0,1,1,1,3,1,0,1,2,0,1,23,3,3,1,1,2,0,1,1,0,1,1,1,3
3652,l0,male,43,Budakeszi,asztalos ,167,1,0,3,1,1,1,1,2,0,2,1,0,1,471544,1,0,1,0,0,0,1,1,1,1,0,0,0,0,4,3,1,287,1,1,1,1,2,1,0,1,0,0,1,1,1
3653,l1,male,45,Nagykanizsa,Lakatos ,168,0,0,3,1,1,1,1,1,0,4,1,0,0,0,0,0,0,0,1,1,1,1,1,1,1,1,0,4,2,0,4,179,2,1,1,3,2,1,0,1,0,0,1,0,0
3654,l0,male,43,Nagybajcs,Lakatos ,164,1,2,3,1,1,1,1,2,2,3,1,1,0,0,0,0,1,0,0,0,1,0,0,0,5,2,0,1,0,4,2,816,0,1,1,1,2,0,0,0,2,0,1,0,2
3655,l1,female,34,Nagybajcs,Szakorvos ,161,3,0,3,0,0,0,1,0,0,5,4,0,1,0,0,0,0,0,1,0,0,1,1,1,3,1,0,1,2,0,4,323,2,1,1,2,1,0,1,0,0,0,0,0,4
3656,l0,female,25,Nagybajcs,asztalos ,187,0,0,4,1,1,1,1,1,3,2,0,0,1,293680,1,0,1,0,1,0,1,0,1,0,0,2,0,0,0,0,4,368,2,1,1,3,1,1,1,1,0,2,1,1,1
3657,l1,male,58,Nagykanizsa,Szakorvos ,169,4,0,4,1,1,1,1,1,0,3,1,0,0,559618,0,0,0,0,1,1,1,1,1,1,5,1,0,4,0,0,0,445,1,0,1,2,2,0,0,1,0,1,1,1,1
3658,l1,female,59,Nagykanizsa,Szakorvos ,166,4,0,2,1,1,1,1,1,2,7,1,0,1,497367,1,0,1,1,1,1,0,1,1,1,3,1,0,4,2,0,0,0,2,3,1,2,1,1,1,1,2,0,1,1,2
3659,l0,female,28,Nagykanizsa,Szakorvos ,166,4,0,2,0,0,1,1,1,2,4,3,0,1,0,1,1,0,0,1,0,0,1,0,1,1,2,0,0,0,1,2,5792,2,1,1,2,0,1,0,1,2,1,1,0,1
3660,l1,male,30,Nagybajcs,Szakorvos ,169,3,2,2,1,1,2,1,2,3,2,0,0,0,515873,0,0,0,1,1,1,1,0,0,0,1,1,0,1,2,0,3,494,2,1,1,1,2,1,0,1,2,0,0,0,3
3661,l0,male,29,Nagykanizsa,asztalos ,161,4,0,2,1,1,1,1,2,2,4,1,0,1,505581,0,0,1,0,0,0,1,1,1,0,1,1,0,1,0,0,3,0,1,1,1,2,2,0,0,1,1,0,0,0,1
3662,l1,male,34,Nagykanizsa,Lakatos ,169,2,0,4,0,1,1,1,1,3,2,1,0,0,7014,1,0,0,1,1,0,0,1,1,0,1,0,0,1,2,0,3,35,2,3,1,2,1,1,1,1,2,0,1,1,0
3663,l1,male,40,Nagykanizsa,Szakorvos ,154,0,2,4,1,1,2,1,1,3,0,0,0,0,0,1,0,1,0,1,1,0,1,1,1,0,0,0,1,0,0,4,4664,1,1,1,2,1,1,1,0,0,1,1,0,1
3664,l1,female,34,Budakeszi,Lakatos ,168,1,1,4,1,1,1,0,1,0,6,0,0,1,617317,1,1,1,0,1,1,0,1,1,0,5,1,0,1,0,0,1,0,3,3,1,3,2,1,1,0,2,0,1,0,3
3665,l1,male,27,Nagykanizsa,Lakatos ,169,4,2,3,0,1,1,1,1,2,0,0,0,0,137054,1,0,1,0,1,0,0,1,1,1,5,1,0,1,0,1,1,16281,2,3,1,3,1,1,1,1,0,0,0,1,3
3666,l1,male,49,Budakeszi,Lakatos ,171,4,0,4,0,1,1,1,3,2,4,4,0,0,250259,1,0,0,0,1,0,0,1,0,0,2,1,0,1,0,0,1,443,2,3,1,2,1,1,1,2,2,0,1,1,1
3667,l0,male,60,Nagykanizsa,Lakatos ,160,0,0,1,1,1,1,1,1,2,8,0,0,1,0,1,0,0,0,1,0,1,1,1,0,1,2,0,1,2,0,0,392,3,3,0,1,3,1,0,2,0,0,1,0,2
3668,l0,male,40,Nagybajcs,asztalos ,169,0,0,3,1,1,2,1,3,3,0,1,0,0,2786,1,0,0,0,0,0,0,1,1,1,3,0,0,4,2,2,3,81,2,3,1,0,2,0,0,1,2,1,0,1,2
3669,l1,male,57,Budakeszi,asztalos ,157,4,1,4,1,1,1,1,3,0,5,0,0,0,0,1,0,0,0,0,1,1,0,0,0,3,1,0,4,2,0,3,140,1,0,1,3,0,1,1,1,0,0,1,1,1
3670,l1,male,53,Nagykanizsa,asztalos ,167,4,0,3,1,1,1,1,2,2,1,0,0,0,379812,1,0,0,1,0,1,0,1,0,0,0,2,0,0,2,0,0,376,2,1,0,1,0,0,0,1,0,0,1,1,1
3671,l1,female,29,Nagykanizsa,Lakatos ,163,0,0,4,1,1,1,1,1,2,4,1,0,0,238746,1,0,0,0,1,0,1,1,1,0,1,3,0,1,0,0,1,249,2,3,1,3,0,1,1,2,1,1,1,0,2
3672,l1,male,47,Nagykanizsa,Lakatos ,167,3,0,1,1,1,1,1,1,3,2,1,0,0,459041,1,1,1,0,1,0,0,0,1,0,2,2,0,1,0,0,3,333,3,1,1,3,2,1,0,1,1,0,1,1,1
3673,l0,male,27,Nagykanizsa,asztalos ,176,0,0,3,1,1,1,1,1,3,2,4,0,0,96606,1,0,1,0,1,1,0,1,1,0,3,1,0,1,0,1,0,743,2,0,1,3,2,1,1,1,0,0,0,0,2
3674,l0,male,45,Nagykanizsa,Lakatos ,157,3,0,1,1,1,1,1,2,2,2,1,0,1,267868,1,0,1,0,1,0,1,1,1,1,5,1,0,1,2,0,4,0,3,3,1,3,2,1,0,1,0,1,0,0,1
3675,l1,male,62,Nagykanizsa,asztalos ,170,1,0,0,0,1,1,1,1,2,1,1,0,0,402172,1,0,0,0,1,0,0,1,1,0,1,2,0,0,0,0,0,0,2,1,1,1,0,0,0,1,2,0,1,1,1
3676,l0,female,28,Budakeszi,Szakorvos ,172,1,0,2,0,1,2,1,1,2,0,0,1,1,0,1,0,0,0,0,1,0,1,0,1,5,1,0,4,1,0,0,279,2,3,0,1,1,0,0,1,0,1,0,1,2
3677,l0,male,31,Budakeszi,asztalos ,162,0,0,3,1,1,1,1,1,2,5,4,0,0,0,0,0,0,0,1,0,1,0,0,0,1,2,0,1,0,0,0,654,2,1,1,1,1,0,1,2,2,0,1,1,3
3678,l1,male,47,Nagykanizsa,Szakorvos ,177,0,0,3,0,1,1,1,2,2,3,1,0,1,124816,1,0,0,1,1,0,0,1,1,0,1,1,0,3,2,0,0,86,2,0,1,2,2,0,0,2,2,1,1,0,4
3679,l1,male,47,Budakeszi,Szakorvos ,189,4,0,2,0,1,1,1,3,3,1,0,0,1,790238,0,0,1,0,1,0,1,1,1,1,1,1,0,1,0,0,4,37,2,0,1,3,2,0,0,1,0,1,1,0,4
3680,l0,female,53,Budakeszi,Lakatos ,180,0,1,3,0,1,1,1,5,2,1,0,0,1,0,1,0,0,0,1,0,0,1,0,0,1,1,0,3,0,0,3,2799,3,3,1,3,2,0,0,0,0,0,0,0,1
3681,l0,male,48,Nagykanizsa,Lakatos ,166,3,2,4,0,1,1,1,1,3,1,1,0,0,0,1,0,1,0,1,0,1,1,0,0,1,2,0,0,0,3,4,2915,2,3,1,1,0,0,0,1,2,1,1,0,0
3682,l1,male,40,Nagykanizsa,Szakorvos ,167,3,0,3,0,1,1,1,1,3,0,0,0,0,227095,1,0,1,0,1,0,0,1,1,1,5,2,0,1,2,4,0,64,2,3,1,2,1,1,0,2,1,1,1,0,1
3683,l1,male,50,Budakeszi,asztalos ,163,4,0,3,1,1,2,1,1,2,0,0,0,0,0,1,0,0,1,1,1,0,1,1,1,1,1,0,4,0,0,3,0,2,1,1,3,2,0,1,2,2,1,0,0,3
3684,l1,male,34,Nagykanizsa,asztalos ,168,4,2,3,1,1,2,1,1,2,2,4,0,0,0,1,0,0,0,1,1,1,0,0,0,5,0,0,1,0,0,0,554,2,3,0,0,1,1,1,1,1,0,1,0,0
3685,l1,male,55,Nagykanizsa,Lakatos ,157,3,0,1,1,1,1,1,1,3,3,0,0,1,352340,1,0,0,0,1,1,1,1,1,1,1,1,0,1,2,0,4,0,1,1,1,3,0,1,1,1,0,1,0,1,3
3686,l0,male,36,Nagykanizsa,asztalos ,169,4,1,3,1,1,1,1,1,3,5,1,0,1,133891,1,1,1,0,1,0,0,1,0,0,1,0,0,1,1,0,0,7002,1,1,1,1,0,1,1,2,2,1,0,0,2
3687,l1,female,62,Budakeszi,Szakorvos ,188,3,1,4,0,1,1,1,1,2,3,1,0,1,0,0,0,0,0,1,0,0,1,1,0,5,2,0,4,1,0,4,240,1,0,1,1,2,0,0,0,1,0,1,0,3
3688,l1,male,41,Nagybajcs,asztalos ,160,3,0,3,0,1,1,1,1,0,2,4,0,1,0,1,0,0,1,0,0,0,1,1,0,1,0,0,1,0,0,0,278,2,3,1,1,1,1,1,2,1,1,1,1,1
3689,l0,male,44,Budakeszi,asztalos ,166,0,0,3,1,1,1,1,1,2,2,1,0,0,181798,0,0,0,0,1,1,1,1,1,1,1,1,0,1,1,0,1,0,2,1,1,2,2,0,0,1,1,1,1,0,3
3690,l0,male,25,Budakeszi,asztalos ,172,0,0,1,0,1,1,1,1,0,1,0,0,1,122292,1,0,1,0,1,1,0,1,1,1,5,1,0,1,2,3,2,281,2,1,1,2,1,0,0,1,0,0,1,0,1
3691,l1,male,34,Nagykanizsa,Lakatos ,186,4,0,4,1,1,1,1,1,2,0,0,0,1,288908,0,0,0,1,1,1,0,1,0,0,1,1,0,1,2,0,0,0,2,1,1,1,2,1,0,2,2,0,1,0,0
3692,l1,female,26,Nagykanizsa,asztalos ,175,4,0,2,0,1,1,1,1,0,1,0,0,1,228741,1,1,0,0,0,1,1,1,1,0,5,2,0,1,4,0,2,458,1,1,0,1,1,0,0,1,2,0,0,0,1
3693,l0,female,62,Budakeszi,Szakorvos ,171,0,0,2,0,1,1,1,2,3,1,4,0,1,0,1,0,0,0,1,0,0,1,1,0,2,0,0,1,2,0,0,0,2,0,1,3,1,0,1,2,2,1,0,0,2
3694,l1,male,51,Budakeszi,Lakatos ,180,3,2,4,1,1,2,0,0,3,1,0,0,1,550291,1,0,1,1,0,0,0,1,1,0,1,2,0,1,2,0,0,24,2,2,1,1,2,1,1,2,2,0,1,1,2
3695,l0,male,61,Nagykanizsa,Szakorvos ,171,4,0,3,1,1,1,1,2,2,1,1,0,1,261721,0,0,1,0,0,0,0,1,1,0,1,1,0,1,2,0,0,0,2,2,1,2,2,1,1,1,0,0,0,0,3
3696,l1,male,65,Budakeszi,Lakatos ,165,3,0,3,1,1,1,1,1,2,1,0,0,0,0,1,0,0,0,1,0,1,1,1,1,3,1,1,0,0,0,0,0,2,1,1,1,0,0,0,1,0,1,1,1,1
3697,l0,male,50,Budakeszi,asztalos ,180,3,0,2,1,1,1,0,1,2,0,0,0,0,217606,0,0,0,0,1,0,0,1,1,0,0,2,0,0,0,0,0,764,1,1,1,0,2,0,0,1,0,1,1,1,1
3698,l0,male,47,Nagykanizsa,Szakorvos ,179,4,0,3,0,1,2,1,1,0,2,0,0,1,182078,1,0,0,0,1,0,1,1,1,1,2,1,0,4,2,0,3,307,2,0,1,2,2,1,0,1,1,1,1,1,1
3699,l0,female,26,Nagybajcs,Lakatos ,166,0,0,1,1,1,1,1,3,2,1,0,0,1,0,0,0,0,1,0,1,0,0,1,0,1,1,0,1,0,1,1,613,2,2,1,1,2,1,1,2,2,1,0,1,1
3700,l1,female,41,Nagykanizsa,Szakorvos ,154,4,0,3,1,1,2,1,1,3,5,4,0,1,517416,1,0,0,0,1,0,0,1,1,1,0,0,0,2,2,1,3,0,2,0,1,0,1,1,0,2,1,0,1,0,4
3701,l0,male,29,Budakeszi,asztalos ,182,0,2,3,1,1,2,1,1,2,2,1,0,0,334730,1,0,0,0,1,0,1,1,1,0,1,1,1,1,2,0,4,27483,3,3,1,1,2,0,0,1,0,1,0,0,1
3702,l1,male,36,Nagykanizsa,Szakorvos ,158,4,1,4,0,1,3,1,14,2,3,0,0,1,116783,1,0,0,1,1,0,0,0,1,0,1,0,0,4,0,1,3,302,0,0,1,1,1,1,0,1,2,0,1,0,4
3703,l0,female,28,Nagybajcs,Lakatos ,194,0,0,3,1,1,1,1,2,3,3,1,0,0,0,1,0,0,0,1,0,0,1,1,0,5,1,1,0,2,0,0,203,3,3,1,2,0,1,0,1,0,1,0,0,1
3704,l0,male,46,Budakeszi,asztalos ,163,3,0,3,1,1,2,1,2,2,3,1,0,0,145991,1,0,0,0,0,1,0,1,1,1,5,1,0,0,2,0,1,326,2,0,1,1,2,1,0,1,0,1,0,0,1
3705,l0,male,53,Budakeszi,asztalos ,170,4,0,1,1,1,2,1,1,1,1,1,0,1,0,1,0,0,1,0,0,0,0,1,1,1,2,1,3,0,0,3,0,3,3,1,1,2,1,1,1,0,1,1,0,3
3706,l0,male,47,Nagykanizsa,Lakatos ,181,3,2,4,1,1,2,1,3,2,3,1,0,0,98476,0,0,0,0,0,0,0,1,1,1,0,0,0,1,0,3,4,32534,2,1,1,1,1,0,0,0,0,0,0,0,3
3707,l0,male,61,Nagykanizsa,asztalos ,168,4,2,3,1,1,1,1,1,2,3,1,0,0,193402,0,0,0,0,1,1,0,1,1,1,1,1,0,1,0,0,0,188,2,1,1,1,2,0,0,2,0,1,1,1,1
3708,l0,male,54,Nagykanizsa,asztalos ,176,3,2,3,1,1,2,1,2,2,0,0,0,0,69096,1,1,0,0,1,0,0,1,0,0,1,1,0,1,2,0,4,872,3,1,1,3,1,1,1,2,2,1,1,1,1
3709,l0,male,38,Budakeszi,asztalos ,169,4,0,1,0,1,1,1,1,3,1,1,0,1,7709,1,0,0,0,1,0,0,1,1,1,5,0,1,1,0,0,0,486,3,3,1,3,0,0,0,1,0,1,1,1,1
3710,l1,male,51,Nagykanizsa,Lakatos ,153,3,0,4,1,1,2,1,0,3,2,4,0,1,236285,1,0,1,0,1,1,1,1,1,0,4,1,0,4,2,3,1,288,2,3,1,1,0,1,1,1,2,1,1,1,3
3711,l1,male,58,Nagykanizsa,Lakatos ,164,0,0,3,1,1,1,1,0,0,5,4,0,0,0,1,0,0,0,1,0,1,1,0,0,5,0,0,3,2,2,4,850,2,3,1,2,2,1,0,1,0,1,0,1,1
3712,l0,female,30,Budakeszi,Lakatos ,169,0,1,4,1,1,1,1,2,2,5,4,0,1,87754,1,0,0,0,1,0,0,1,1,1,3,1,0,3,0,0,0,874,2,1,0,3,2,0,0,2,2,2,0,0,3
3713,l1,male,46,Nagykanizsa,Lakatos ,165,4,0,4,1,1,1,1,1,3,0,0,0,0,159562,0,0,0,0,1,1,1,1,1,1,3,2,0,4,2,0,0,277,2,1,1,2,2,0,1,0,0,1,1,0,1
3714,l1,male,52,Nagykanizsa,asztalos ,176,3,1,3,1,1,1,1,2,2,3,1,0,1,483988,1,1,0,0,1,0,1,1,1,1,1,0,0,1,0,0,4,18,3,3,1,1,2,1,0,2,2,0,1,1,1
3715,l1,male,65,Budakeszi,asztalos ,166,1,0,3,1,1,1,1,0,2,3,1,0,0,143047,0,0,0,1,0,1,0,0,1,0,0,0,0,1,1,1,1,0,2,3,0,1,2,1,1,0,0,0,1,0,1
3716,l0,female,62,Budakeszi,Lakatos ,156,4,0,2,1,1,1,1,1,2,0,0,0,0,87163,0,0,0,0,0,0,0,0,1,1,1,0,0,4,3,3,3,250,3,3,1,0,0,0,0,1,1,1,1,1,3
3717,l0,male,49,Budakeszi,asztalos ,173,2,0,3,1,1,1,1,2,1,0,0,0,1,199060,1,0,1,0,1,1,0,0,1,1,1,0,0,0,2,3,4,7191,2,3,1,3,1,0,0,1,2,1,0,0,0
3718,l1,female,47,Nagykanizsa,Szakorvos ,169,4,0,2,1,1,1,1,1,2,7,1,0,1,0,0,0,0,1,1,1,0,1,0,0,1,1,0,3,2,1,0,0,2,2,1,2,2,1,0,1,2,1,1,1,2
3719,l1,female,34,Nagybajcs,Lakatos ,175,4,0,1,1,1,2,1,1,2,12,1,0,1,565873,0,0,1,0,1,1,0,1,1,1,5,1,1,1,2,0,3,39,2,1,1,3,1,0,0,1,0,1,1,1,3
3720,l0,male,55,Budakeszi,asztalos ,160,4,0,3,1,1,1,1,3,2,4,4,0,0,219078,1,1,0,1,1,1,0,1,1,1,5,1,1,1,2,0,2,321,3,3,1,2,0,1,1,2,1,1,0,0,0
3721,l0,male,44,Budakeszi,Lakatos ,168,0,0,3,1,1,1,1,2,0,4,1,0,1,0,1,0,1,0,1,0,1,1,1,0,1,1,0,1,2,0,3,574,2,0,1,3,2,0,0,1,1,0,1,0,1
3722,l1,male,40,Nagybajcs,Lakatos ,165,3,0,3,1,1,1,1,2,2,0,0,1,1,194968,0,0,0,0,1,1,1,1,1,0,5,0,0,0,2,4,1,7244,2,1,1,2,2,0,0,0,0,1,0,0,0
3723,l1,male,33,Nagykanizsa,Szakorvos ,181,3,0,4,1,1,1,1,8,2,1,1,0,1,174466,1,0,1,1,1,0,0,1,1,1,1,2,1,1,2,1,4,5133,3,2,1,1,1,1,1,2,2,0,0,1,1
3724,l0,male,26,Budakeszi,asztalos ,180,3,0,3,1,1,2,1,2,2,8,4,0,0,418796,1,1,0,0,0,0,0,0,1,0,5,1,0,0,0,0,0,0,3,0,0,1,0,1,0,2,0,1,1,0,2
3725,l0,male,60,Nagybajcs,asztalos ,170,2,0,3,1,1,1,1,2,3,0,0,0,0,135568,1,0,0,1,1,0,0,1,1,0,1,2,0,4,1,0,0,353,3,1,1,2,2,0,0,1,0,0,0,0,1
3726,l1,male,47,Budakeszi,Lakatos ,168,4,0,3,1,1,1,1,1,0,0,0,0,0,169746,1,0,1,0,1,1,0,0,1,1,5,2,0,1,2,0,0,377,3,1,1,1,0,0,0,1,0,1,1,0,2
3727,l0,male,49,Budakeszi,Lakatos ,167,3,0,1,1,1,1,1,1,2,5,4,0,0,0,1,0,0,0,1,1,0,1,1,0,1,0,0,1,2,2,3,0,2,0,1,1,0,0,0,2,2,1,0,0,1
3728,l0,male,51,Budakeszi,Lakatos ,164,4,0,1,1,1,1,1,2,2,1,1,0,1,22814,1,0,0,0,0,1,0,0,1,1,0,0,1,1,2,0,4,415,2,3,1,3,0,1,0,1,2,0,1,1,1
3729,l1,male,27,Budakeszi,asztalos ,167,3,0,3,1,1,2,1,1,2,2,0,0,0,0,0,0,0,1,1,0,1,1,0,0,5,1,0,1,2,0,1,230,3,1,1,3,1,1,1,2,1,1,0,1,1
3730,l0,male,41,Nagykanizsa,Lakatos ,172,0,1,3,1,1,1,1,3,3,2,0,0,1,379842,0,0,1,0,1,0,1,1,1,0,5,2,0,1,0,0,0,30,2,1,1,1,1,0,0,1,2,1,1,0,1
3731,l1,male,31,Budakeszi,Lakatos ,181,4,0,3,1,1,1,1,14,2,3,1,0,1,0,1,0,0,1,0,0,0,1,1,0,0,1,1,0,2,0,0,410,3,3,0,1,1,1,1,2,2,0,1,1,2
3732,l1,male,28,Nagykanizsa,Lakatos ,170,3,0,2,1,1,1,1,1,0,0,0,0,0,108876,1,0,0,1,1,0,1,1,1,0,1,1,0,1,2,0,3,757,1,3,1,2,1,1,0,1,0,0,1,1,4
3733,l1,female,53,Budakeszi,Szakorvos ,189,3,0,3,1,1,1,1,2,2,1,0,0,0,0,0,0,0,0,1,0,0,0,0,0,1,0,0,3,0,2,1,442,2,1,1,3,1,1,1,1,0,0,1,0,2
3734,l1,male,60,Budakeszi,asztalos ,178,4,0,3,1,1,1,1,1,2,3,1,0,1,512878,1,0,0,0,0,0,0,1,0,0,0,1,0,4,2,0,4,187,2,1,1,3,1,0,0,2,2,1,1,1,0
3735,l0,male,46,Nagykanizsa,Lakatos ,176,4,0,3,1,1,1,1,1,2,0,0,0,0,212536,0,0,0,0,1,1,1,1,0,0,5,0,0,4,2,0,4,0,2,1,1,3,2,0,0,1,0,0,0,0,0
3736,l1,male,64,Nagykanizsa,asztalos ,175,4,0,1,0,1,1,1,2,2,0,0,0,1,422654,1,1,0,1,1,0,0,1,1,0,1,0,0,1,2,0,0,136,2,1,1,1,1,1,1,2,2,1,1,0,1
3737,l0,male,46,Nagykanizsa,Lakatos ,168,1,0,4,1,1,1,1,2,2,1,0,0,0,271917,1,0,0,0,1,1,0,0,1,0,5,0,0,1,2,1,4,9367,2,0,1,1,0,0,0,1,2,1,0,0,1
3738,l1,male,39,Nagykanizsa,Szakorvos ,195,4,0,4,1,1,1,1,2,0,1,0,0,1,319614,1,0,1,1,1,0,0,1,1,0,3,1,0,1,2,0,4,70468,2,1,1,1,3,1,1,1,0,0,1,0,0
3739,l0,male,25,Nagybajcs,Lakatos ,158,3,0,3,1,1,1,0,2,0,3,1,0,0,153084,1,1,1,0,1,0,0,0,1,0,5,0,0,1,1,2,3,691,2,1,1,1,2,0,0,1,0,1,0,0,2
3740,l0,male,47,Budakeszi,asztalos ,178,1,2,3,1,1,1,1,3,2,0,0,0,0,122021,1,0,0,0,1,0,0,1,1,0,5,1,0,0,0,1,4,356,2,0,1,3,1,0,0,1,1,1,0,1,0
3741,l1,female,26,Budakeszi,asztalos ,182,4,0,3,1,1,1,1,1,2,1,1,0,1,15954581,1,0,1,0,1,0,1,1,1,1,5,2,0,1,0,0,2,0,2,1,1,3,2,0,0,1,0,1,1,1,3
3742,l1,male,50,Budakeszi,Szakorvos ,162,3,0,4,0,1,1,1,1,2,0,0,0,0,331388,1,0,0,0,1,1,0,1,0,0,1,1,0,4,4,0,0,393,2,0,1,2,2,0,0,2,0,1,1,1,1
3743,l0,male,46,Nagykanizsa,asztalos ,172,0,0,3,0,1,1,1,1,2,1,1,0,1,243451,1,1,1,0,1,1,0,1,1,1,0,1,0,1,0,0,3,194,1,1,1,3,2,0,0,1,0,0,1,1,1
3744,l1,male,31,Budakeszi,Lakatos ,178,3,2,3,1,1,2,1,1,3,2,1,0,0,0,1,0,1,0,0,1,1,1,1,0,0,2,0,1,0,0,0,288,2,3,1,1,1,1,1,0,0,1,0,0,1
3745,l1,male,28,Nagykanizsa,Lakatos ,159,3,2,4,1,1,1,1,1,3,1,0,0,1,0,1,0,0,0,1,1,0,0,1,0,5,2,0,4,0,0,3,0,1,0,1,1,1,0,0,1,2,1,0,0,2
3746,l1,male,59,Nagykanizsa,Lakatos ,169,1,0,3,0,1,1,1,2,2,1,0,0,1,144554,0,0,0,0,1,0,1,1,1,0,1,1,0,1,0,0,0,160,2,0,1,3,2,1,0,0,0,0,1,0,1
3747,l1,female,64,Nagykanizsa,Szakorvos ,177,1,2,3,1,1,1,0,1,0,2,1,0,0,241745,0,0,0,0,0,0,0,1,0,0,1,1,0,1,0,0,0,80,2,1,1,3,2,0,0,1,1,0,1,1,1
3748,l1,male,31,Budakeszi,Lakatos ,159,0,0,1,1,1,1,1,1,0,2,1,0,1,607905,0,0,0,0,1,1,1,1,0,0,1,1,0,1,2,1,4,6159,2,1,1,3,2,1,1,1,2,1,1,1,1
3749,l1,male,31,Nagykanizsa,asztalos ,174,4,2,2,0,1,1,1,2,3,1,0,0,1,154571,0,0,0,0,1,0,0,0,0,0,1,1,0,1,1,0,4,1061,2,2,1,1,1,1,0,1,0,0,1,0,1
3750,l0,male,36,Budakeszi,asztalos ,167,3,0,3,1,1,1,1,6,2,1,1,1,0,68127,1,1,0,0,1,1,1,1,0,0,5,2,0,1,0,0,3,19622,1,0,0,1,1,0,0,1,1,0,0,0,1
3751,l1,male,45,Nagykanizsa,asztalos ,172,3,0,3,1,1,1,1,3,2,2,1,0,0,551707,1,0,0,0,1,1,0,0,1,1,0,1,0,1,1,2,4,0,3,3,1,3,2,0,0,1,0,1,1,1,2
3752,l1,female,46,Budakeszi,Szakorvos ,187,0,0,3,0,1,1,1,1,2,2,1,0,0,0,0,0,0,1,1,0,0,1,1,0,1,3,0,1,2,0,3,487,2,0,1,3,2,1,1,2,2,0,1,1,0
3753,l1,male,58,Budakeszi,asztalos ,168,4,0,1,1,1,1,1,1,2,2,1,0,1,0,0,0,0,0,0,1,0,1,1,1,5,1,0,1,0,1,3,436,3,0,0,1,0,1,0,1,0,1,1,0,4
3754,l1,male,61,Nagykanizsa,asztalos ,172,4,2,3,1,1,2,1,1,3,1,1,0,0,203556,1,1,0,0,1,1,1,0,0,0,1,3,0,1,2,2,4,27,2,2,1,2,2,1,0,2,0,1,1,0,3
3755,l1,female,51,Nagykanizsa,Szakorvos ,154,0,0,4,1,1,1,1,1,2,0,0,0,0,0,1,0,0,1,1,0,1,0,1,1,0,1,0,3,0,1,4,640,3,1,1,2,0,0,0,1,2,1,0,0,1
3756,l1,female,54,Nagykanizsa,Lakatos ,186,0,0,2,1,1,1,1,1,3,1,0,0,0,0,0,0,0,0,0,1,1,1,1,1,0,2,0,4,2,0,4,722,3,0,1,3,2,0,0,1,0,0,0,0,1
3757,l1,female,64,Nagykanizsa,Szakorvos ,163,1,2,3,1,1,1,1,2,2,1,0,0,1,130153,1,1,0,1,0,0,0,1,1,0,0,1,0,0,0,1,4,7036,3,1,0,1,2,1,0,1,2,0,0,0,1
3758,l1,male,42,Budakeszi,asztalos ,168,0,0,3,1,1,1,1,1,3,2,1,1,1,17267,0,0,0,0,1,1,0,0,1,0,5,1,0,1,2,1,1,755,1,1,1,3,2,0,1,2,2,0,1,1,1
3759,l0,male,56,Nagybajcs,Lakatos ,173,0,2,2,1,1,2,1,1,3,4,4,0,1,0,1,1,0,0,1,0,0,1,1,1,2,2,0,1,2,0,3,0,2,1,1,1,0,1,1,2,2,0,0,0,0
3760,l1,female,39,Budakeszi,Szakorvos ,187,2,0,2,1,1,1,1,1,2,0,0,0,0,119971,1,0,0,0,1,0,0,1,1,1,3,1,0,4,0,0,4,66,1,0,1,3,2,1,1,1,2,0,1,0,2
3761,l1,female,42,Nagykanizsa,Lakatos ,177,3,0,3,1,1,1,1,1,2,8,4,0,1,0,1,0,0,0,1,1,1,1,0,0,5,2,0,1,2,0,1,9,2,1,1,2,2,0,0,1,0,0,0,1,2
3762,l1,male,50,Nagybajcs,Lakatos ,164,4,0,4,1,1,2,1,4,2,1,0,0,1,461727,1,0,0,1,0,1,0,0,1,1,0,1,0,1,0,4,0,470,2,0,0,1,2,0,0,1,2,1,1,0,1
3763,l0,male,31,Budakeszi,asztalos ,170,3,0,3,1,1,1,0,4,2,0,0,0,0,312677,0,0,0,0,1,1,0,1,1,1,1,1,1,4,0,0,3,208,2,3,1,1,1,0,0,2,0,1,1,1,0
3764,l0,male,49,Budakeszi,asztalos ,169,4,0,3,0,1,1,1,1,0,5,4,0,1,479284,1,0,0,0,1,1,1,0,1,1,1,0,0,1,0,0,0,0,2,3,1,1,1,0,0,2,0,1,0,0,4
3765,l0,male,29,Nagybajcs,Szakorvos ,149,1,0,4,1,1,1,0,2,2,2,0,0,1,332641,1,0,1,0,0,1,0,1,1,1,1,1,0,1,2,0,0,302,2,1,0,2,0,0,0,2,0,0,1,0,1
3766,l0,male,52,Budakeszi,Lakatos ,181,0,0,3,0,1,1,1,2,2,1,1,0,1,0,1,0,0,0,1,1,0,1,1,0,1,1,0,4,0,0,1,35,2,1,1,1,1,0,0,0,0,0,0,0,1
3767,l1,male,57,Nagykanizsa,asztalos ,172,4,0,0,1,1,1,1,1,2,0,0,0,1,31680,0,0,0,0,1,1,0,1,0,0,4,1,1,1,0,0,0,0,3,3,1,2,0,0,0,1,0,1,1,0,1
3768,l1,female,50,Nagykanizsa,Szakorvos ,171,4,1,4,1,1,1,1,2,2,0,0,0,1,393830,1,0,1,1,1,0,0,1,1,1,5,1,0,4,0,0,0,464,1,0,1,3,1,0,1,1,2,0,1,0,3
3769,l1,female,56,Budakeszi,Szakorvos ,160,0,0,2,1,1,1,1,1,3,2,1,0,0,0,1,1,0,1,1,1,0,1,0,0,5,1,0,1,2,0,0,838,2,1,1,3,2,1,1,2,2,1,0,0,1
3770,l1,male,38,Budakeszi,Szakorvos ,174,3,0,4,1,1,1,1,3,1,2,1,0,1,143683,1,0,1,1,1,0,0,0,1,0,1,1,0,1,1,2,4,5872,1,0,1,1,2,0,0,1,1,1,0,0,1
3771,l1,male,63,Nagykanizsa,Lakatos ,176,0,0,3,0,1,1,1,2,3,0,0,0,1,500170,0,0,0,0,0,0,0,1,0,0,1,1,0,1,2,0,0,0,2,1,1,1,2,0,0,2,2,1,1,0,1
3772,l1,male,64,Nagykanizsa,Lakatos ,163,1,0,3,1,1,2,1,4,2,2,1,0,0,113159,1,0,0,0,1,0,1,1,1,0,0,1,0,1,0,0,3,732,3,3,1,3,2,1,0,2,1,0,0,0,3
3773,l1,male,45,Nagybajcs,Szakorvos ,160,4,0,3,0,1,1,1,1,2,0,0,0,1,675833,0,0,1,0,1,0,0,1,1,0,1,0,0,1,2,1,1,384,1,1,0,3,0,1,0,2,1,0,0,0,1
3774,l1,male,58,Nagykanizsa,Szakorvos ,172,0,0,3,0,1,1,1,2,0,0,1,0,1,361377,1,0,1,0,1,1,0,1,1,1,5,1,1,4,0,0,0,251,2,3,1,1,2,1,1,1,0,1,0,0,3
3775,l0,male,27,Nagykanizsa,asztalos ,159,1,0,3,0,1,1,1,1,3,0,0,0,0,0,1,0,0,0,1,0,1,1,1,0,1,1,0,4,1,0,0,96,2,3,1,3,0,0,0,0,0,1,1,1,1
3776,l1,male,51,Budakeszi,Szakorvos ,165,4,0,4,0,1,1,1,1,0,2,0,0,1,0,1,1,0,0,1,0,0,1,1,0,5,1,1,1,2,1,3,378,2,1,1,2,1,0,1,1,0,1,1,1,1
3777,l1,female,42,Budakeszi,Szakorvos ,191,0,2,4,1,1,2,1,1,3,0,0,0,0,0,1,0,1,0,1,0,1,1,1,1,0,1,0,1,2,1,3,253,3,1,1,1,1,0,0,1,2,1,1,1,0
3778,l1,female,25,Budakeszi,Szakorvos ,182,0,0,4,1,1,1,0,1,0,0,0,0,0,0,1,0,1,0,0,0,1,1,1,1,4,1,0,1,0,0,0,346,2,0,1,2,2,0,0,2,1,1,1,0,1
3779,l0,male,26,Nagykanizsa,asztalos ,152,0,0,3,1,1,1,1,1,3,5,4,0,1,227945,1,0,0,0,1,1,0,1,1,0,5,1,0,1,0,0,4,555,2,1,1,3,2,1,0,1,0,1,0,0,3
3780,l1,male,46,Nagybajcs,asztalos ,159,1,0,3,0,1,1,1,1,2,0,0,0,0,118808,0,1,0,1,0,1,1,1,0,0,1,2,0,1,0,0,0,34,2,3,1,2,1,1,1,2,0,1,1,0,1
3781,l1,female,31,Nagykanizsa,Szakorvos ,184,4,0,4,1,1,2,1,1,2,2,4,0,0,22582,0,0,0,1,1,0,0,1,1,0,5,2,0,4,2,3,1,357,2,0,1,1,2,1,0,1,0,1,0,0,3
3782,l1,male,32,Budakeszi,Lakatos ,169,3,0,2,1,1,1,1,2,2,0,0,0,0,314122,1,1,1,0,1,0,0,1,1,0,5,1,0,1,0,0,3,257,3,3,1,1,2,1,1,1,0,0,1,0,1
3783,l1,male,26,Budakeszi,asztalos ,176,3,0,3,1,1,1,1,2,2,2,1,0,1,208837,1,0,0,1,1,0,0,1,1,0,0,1,0,1,2,0,3,0,2,1,1,1,1,1,1,2,1,1,1,0,1
3784,l1,female,58,Nagykanizsa,Lakatos ,177,0,0,2,1,1,2,1,0,2,5,4,0,0,18646,1,0,0,0,1,1,0,0,0,0,5,1,0,1,1,0,0,0,2,1,1,2,1,0,0,0,0,0,1,0,1
3785,l1,male,57,Budakeszi,asztalos ,172,0,0,3,0,1,1,1,3,2,7,4,0,0,244653,1,0,0,0,0,1,0,1,1,1,5,1,0,1,1,0,1,8,2,2,1,1,1,1,1,0,0,2,1,1,3
3786,l0,male,28,Budakeszi,Lakatos ,173,4,0,3,0,0,0,1,1,3,4,0,0,1,398783,1,1,0,0,1,1,1,1,1,0,5,1,0,1,1,0,4,6086,2,1,1,1,1,0,0,1,0,1,1,1,3
3787,l1,female,40,Nagykanizsa,Lakatos ,174,4,1,4,0,1,1,1,1,0,0,4,0,0,78511,1,1,0,0,1,0,0,1,1,1,5,0,0,0,2,3,4,298,2,1,1,1,2,1,0,0,0,1,1,0,1
3788,l0,male,51,Budakeszi,asztalos ,178,3,0,3,1,1,1,1,2,0,0,0,0,0,0,1,1,1,0,1,1,0,1,1,1,4,0,0,1,0,0,3,109,3,2,1,1,1,0,1,1,0,1,0,1,3
3789,l1,male,61,Nagykanizsa,Szakorvos ,168,0,0,3,0,1,1,1,1,2,0,0,0,1,389767,1,0,0,0,0,0,0,1,1,0,0,1,0,3,0,0,0,354,2,0,1,1,2,0,0,2,2,0,1,0,1
3790,l0,female,36,Budakeszi,Lakatos ,168,0,0,3,1,1,1,1,8,0,8,4,0,1,0,0,0,0,0,1,0,0,1,1,1,5,1,0,1,2,0,1,0,2,0,1,1,2,1,0,1,1,2,1,1,3
3791,l1,male,31,Nagykanizsa,Szakorvos ,170,3,0,1,1,1,1,1,1,2,1,1,0,0,34902,1,0,1,0,1,0,0,1,1,0,5,1,0,1,2,1,3,219,1,0,1,3,1,0,0,0,0,2,1,0,3
3792,l1,female,50,Nagykanizsa,Szakorvos ,170,3,0,3,0,1,1,1,2,2,2,1,0,1,267791,0,0,1,0,1,1,0,1,0,0,4,1,0,4,0,0,0,0,2,1,1,2,2,1,0,1,2,0,1,1,4
3793,l1,male,35,Nagykanizsa,Szakorvos ,168,0,2,4,1,1,1,1,1,2,0,0,0,1,0,1,1,0,0,1,1,0,1,1,1,5,0,0,1,2,1,0,1050,0,0,1,1,2,0,0,2,2,1,1,1,1
3794,l0,female,50,Budakeszi,Szakorvos ,171,0,0,3,1,1,1,1,1,2,3,1,0,0,121524,1,0,0,0,1,0,1,1,0,1,5,1,0,0,2,0,1,92,2,1,1,3,0,1,1,2,2,0,0,0,2
3795,l1,male,58,Budakeszi,Lakatos ,176,0,0,3,0,1,1,1,2,3,0,0,0,0,486485,1,0,0,0,1,1,1,0,0,0,2,0,0,3,4,0,2,226,2,0,1,2,2,0,0,1,1,0,1,0,1
3796,l1,female,65,Budakeszi,Szakorvos ,172,4,2,3,1,1,1,1,1,2,2,0,0,1,206449,1,0,1,0,1,0,1,1,1,0,4,1,0,3,0,0,4,435,0,1,0,1,2,1,1,1,2,1,1,0,2
3797,l1,male,39,Budakeszi,asztalos ,162,0,0,3,0,1,1,1,3,2,16,4,0,0,678034,1,0,1,0,1,1,1,1,1,0,1,1,0,1,0,1,0,365,1,1,0,1,2,0,0,1,0,0,1,0,1
3798,l1,male,47,Budakeszi,Lakatos ,169,4,0,4,1,1,1,1,1,3,3,4,0,0,0,0,0,0,0,1,1,1,1,0,0,2,1,0,1,3,0,0,0,2,1,1,1,1,0,0,1,0,1,1,0,0
3799,l1,male,49,Budakeszi,Szakorvos ,173,1,0,2,1,1,1,1,1,1,3,4,0,0,160004,1,0,0,0,0,0,0,1,1,0,3,1,1,4,1,0,3,189,2,3,1,0,1,0,0,0,0,1,0,0,1
3800,l0,male,39,Nagybajcs,Lakatos ,169,4,0,1,1,1,1,0,1,3,2,1,0,1,9716,1,0,0,0,0,1,0,0,1,1,0,1,1,1,0,0,2,6,3,3,1,1,2,1,1,1,0,1,0,1,3
3801,l0,female,37,Nagybajcs,Lakatos ,161,1,0,1,0,1,0,1,2,2,7,4,0,1,41398,1,0,1,1,0,1,0,1,0,0,0,1,0,0,2,3,4,0,1,3,1,1,0,1,0,1,2,0,1,1,1
3802,l0,male,30,Nagykanizsa,asztalos ,173,3,1,3,0,1,1,1,2,3,0,0,0,0,184355,1,0,0,0,1,0,0,1,0,0,5,1,1,0,0,0,0,0,3,3,0,2,1,1,1,0,0,1,0,0,1
3803,l0,male,51,Nagykanizsa,Lakatos ,161,3,0,1,1,1,1,1,1,2,1,1,0,1,185083,0,0,1,0,1,1,1,0,1,0,5,2,0,1,2,0,4,0,2,0,1,1,1,1,0,2,2,1,0,0,1
3804,l1,male,28,Nagykanizsa,Lakatos ,175,4,0,3,1,1,1,1,2,3,0,0,0,0,0,0,0,1,0,0,0,0,1,1,1,3,1,0,1,2,0,1,595,2,0,1,0,0,1,0,1,1,1,0,1,2
3805,l0,male,44,Nagybajcs,Lakatos ,169,4,0,4,1,1,1,1,1,3,4,4,0,1,478178,1,0,0,0,1,0,0,1,0,0,5,0,0,1,0,1,0,390,2,0,1,1,2,1,0,1,2,1,0,0,1
3806,l0,male,49,Budakeszi,Lakatos ,173,3,0,3,1,1,2,1,1,3,1,1,0,0,75923,0,0,0,0,1,1,0,1,0,0,2,1,0,1,0,3,4,5186,3,3,1,1,2,1,0,1,0,1,1,1,1
3807,l1,female,32,Nagybajcs,Szakorvos ,192,4,2,4,0,1,1,1,1,2,0,0,0,1,254316,1,1,0,0,1,1,0,0,1,0,5,1,0,1,2,0,1,90,3,1,1,3,2,0,0,1,2,0,1,1,1
3808,l0,male,39,Nagykanizsa,asztalos ,168,0,0,1,1,1,1,1,2,0,0,4,0,0,0,1,0,0,0,0,0,0,1,1,0,3,0,0,1,0,4,0,0,1,2,1,3,2,0,0,2,2,1,0,0,1
3809,l0,male,33,Nagykanizsa,Lakatos ,172,0,0,1,1,1,1,1,3,2,2,1,0,0,4095,1,0,0,0,1,1,1,1,1,0,1,2,0,1,0,3,1,527,3,3,1,3,2,0,0,0,0,0,0,0,2
3810,l1,male,38,Budakeszi,Lakatos ,161,0,2,4,0,1,1,1,2,2,2,1,0,1,494143,0,0,0,0,1,1,1,1,1,0,1,0,0,1,0,0,0,284,1,1,1,3,3,1,0,1,2,1,1,0,1
3811,l1,male,61,Nagybajcs,Szakorvos ,170,0,0,4,1,1,2,1,4,3,2,1,0,1,166127,1,0,1,0,1,0,0,1,1,0,0,0,0,4,2,0,4,56,2,0,1,1,2,0,0,1,0,1,1,1,4
3812,l0,female,57,Nagykanizsa,Szakorvos ,168,0,0,2,1,1,2,1,2,3,2,1,0,1,0,0,0,0,0,1,0,1,1,1,0,1,0,0,3,0,0,0,232,3,0,1,1,2,1,1,2,2,0,0,0,1
3813,l1,male,51,Budakeszi,asztalos ,169,3,0,3,1,1,1,1,1,2,0,0,0,0,0,0,0,0,1,0,0,0,1,0,0,0,0,0,0,0,0,0,380,2,0,1,1,0,1,1,2,2,2,1,0,0
3814,l1,male,31,Nagykanizsa,Szakorvos ,159,0,0,3,1,1,1,1,1,3,6,0,0,1,120905,1,0,1,0,1,0,0,0,0,0,5,1,0,3,2,0,3,0,2,0,1,3,2,0,0,0,0,1,1,0,4
3815,l1,male,43,Budakeszi,asztalos ,161,4,0,3,1,1,1,1,1,2,2,1,0,1,92383,0,0,0,0,0,0,0,0,1,0,0,2,0,4,0,0,1,0,2,1,1,2,2,0,0,1,2,0,1,1,3
3816,l0,female,39,Nagybajcs,Lakatos ,180,4,0,2,1,1,1,1,3,0,0,0,0,1,0,1,0,1,0,0,1,0,1,1,0,0,3,0,3,2,0,1,592,0,2,0,0,0,1,0,1,1,0,1,1,3
3817,l0,male,51,Budakeszi,Szakorvos ,172,4,1,3,1,1,2,1,2,1,10,0,0,0,62409,0,0,0,0,0,0,0,1,0,0,1,1,0,1,0,0,0,0,1,1,1,1,2,0,0,1,0,0,1,1,3
3818,l1,male,30,Budakeszi,Lakatos ,169,0,0,4,1,1,1,0,4,2,2,1,0,0,171255,1,0,0,1,1,0,1,1,0,0,4,1,0,1,0,0,3,0,2,1,1,3,2,0,0,1,0,1,1,1,4
3819,l0,male,62,Nagykanizsa,Lakatos ,166,0,0,3,1,1,1,1,1,2,5,4,0,1,337896,0,0,0,0,1,0,0,1,1,1,1,1,0,1,0,0,4,2847,1,3,1,1,1,0,0,1,0,1,0,0,1
3820,l0,male,46,Nagybajcs,asztalos ,174,3,0,1,1,1,1,1,1,2,3,4,0,0,0,1,0,0,1,1,0,1,1,1,1,1,0,0,1,0,0,1,131,2,1,0,1,1,1,0,2,2,0,1,1,1
3821,l0,male,41,Nagykanizsa,asztalos ,174,0,2,3,0,1,1,1,1,2,2,0,0,1,231260,1,1,1,0,1,1,1,0,1,0,5,1,1,3,0,0,0,0,2,1,1,1,1,1,1,1,0,0,0,0,1
3822,l0,female,28,Nagybajcs,Lakatos ,176,4,2,3,1,1,1,1,1,2,0,4,0,1,32591,1,0,1,0,1,0,0,0,1,1,3,2,0,1,0,0,0,174,3,0,1,1,1,1,1,2,2,1,0,0,2
3823,l1,female,51,Budakeszi,Szakorvos ,177,0,0,1,1,1,1,1,1,2,5,0,0,0,315905,1,0,0,0,1,0,0,1,0,0,5,1,0,0,0,0,3,127,3,3,1,2,2,0,0,0,2,0,1,0,1
3824,l1,male,41,Nagykanizsa,Szakorvos ,171,0,1,2,1,1,1,1,1,2,3,1,0,0,93166,1,1,0,0,0,0,0,1,1,1,1,3,0,1,1,0,0,182,2,2,1,1,1,1,0,0,0,2,0,0,2
3825,l1,male,39,Budakeszi,Szakorvos ,170,3,0,1,1,0,1,0,0,3,2,1,0,1,283299,1,0,1,0,0,0,0,1,1,1,0,2,0,1,0,2,3,526,2,0,1,2,0,0,0,1,0,1,0,0,3
3826,l1,male,59,Nagykanizsa,asztalos ,176,1,0,3,0,1,1,1,3,0,3,1,0,0,0,1,0,0,0,1,0,0,1,1,0,5,1,0,3,1,0,4,3,2,1,1,3,2,0,0,1,0,1,1,1,2
3827,l1,female,30,Nagykanizsa,Szakorvos ,181,4,1,2,1,1,1,1,2,2,0,0,0,0,238702,1,1,1,0,1,0,1,0,1,1,5,0,1,1,2,0,3,401,3,3,1,2,2,0,0,1,0,1,1,1,2
3828,l0,male,27,Nagykanizsa,asztalos ,168,0,0,0,1,1,1,1,1,1,2,0,0,0,0,0,0,0,0,1,0,0,0,1,0,0,2,0,0,1,0,0,661,2,1,1,1,2,1,1,1,2,2,0,0,2
3829,l0,male,47,Nagykanizsa,asztalos ,167,0,0,3,1,1,1,1,2,3,1,0,0,0,208902,1,0,0,0,1,1,1,1,1,1,0,0,0,1,4,0,0,0,3,1,0,1,1,1,1,2,2,0,1,0,1
3830,l1,female,33,Nagykanizsa,Lakatos ,167,3,2,3,0,1,1,1,1,3,0,0,0,1,80225,1,0,0,0,1,1,0,1,0,0,5,1,0,4,1,0,0,0,3,3,1,1,2,0,0,1,1,0,1,0,1
3831,l0,female,25,Nagykanizsa,asztalos ,186,0,1,3,1,1,1,1,1,0,3,1,0,0,24992,1,0,1,0,1,0,1,1,1,1,2,2,0,4,0,0,3,82,2,3,1,1,1,0,1,1,1,0,1,1,3
3832,l1,male,32,Budakeszi,Lakatos ,170,4,1,4,0,1,1,1,1,2,1,1,0,0,0,1,1,1,0,1,1,0,1,1,1,5,1,0,0,2,0,3,191,2,1,1,1,2,0,1,1,1,1,0,0,3
3833,l1,male,41,Nagykanizsa,asztalos ,165,1,0,1,1,1,2,0,2,0,2,0,0,1,227893,1,0,0,0,1,1,0,1,1,1,0,1,0,1,0,0,0,0,0,0,1,0,2,0,0,2,2,1,1,1,1
3834,l1,male,26,Budakeszi,Szakorvos ,185,1,0,2,1,1,1,1,1,2,0,0,0,0,193716,1,0,1,0,1,1,1,1,1,1,1,1,0,0,0,0,0,255,1,0,1,2,2,0,0,1,0,1,1,1,4
3835,l1,male,39,Budakeszi,Lakatos ,167,3,2,3,1,1,1,1,1,3,2,1,0,0,246360,1,0,1,0,1,0,1,1,1,0,3,1,0,4,0,1,4,260,1,1,1,2,2,0,0,1,1,1,1,0,4
3836,l0,male,56,Nagybajcs,Lakatos ,169,0,0,3,0,0,0,1,2,3,8,4,1,0,317897,1,0,1,0,1,1,0,1,1,1,1,0,0,0,2,0,3,205,1,1,0,1,1,1,0,0,0,1,1,1,1
3837,l1,female,64,Budakeszi,Szakorvos ,177,0,2,4,1,1,2,1,1,2,3,1,0,0,0,1,0,0,1,1,0,0,1,1,1,3,0,0,4,0,3,4,235,2,2,1,3,2,1,1,2,2,0,0,1,1
3838,l0,male,36,Nagybajcs,asztalos ,177,1,0,1,1,1,1,0,1,2,3,1,0,1,134285,0,0,1,0,1,0,1,1,1,0,5,2,0,1,0,1,3,103,2,1,1,2,1,0,0,1,0,0,1,1,2
3839,l1,female,29,Budakeszi,Lakatos ,172,4,2,4,1,1,1,1,1,3,0,0,0,0,93642,1,0,0,0,1,0,0,0,1,0,5,1,0,1,0,0,0,0,2,1,1,3,2,1,0,1,0,0,0,0,0
3840,l1,male,60,Budakeszi,asztalos ,183,0,0,3,0,1,1,1,1,2,1,0,0,0,35984,0,0,0,0,1,1,1,0,1,0,1,0,0,4,4,0,0,239,1,1,1,1,1,0,1,0,2,1,1,0,1
3841,l1,female,44,Nagykanizsa,asztalos ,162,3,0,3,1,1,1,1,1,3,0,4,0,1,95380,1,1,0,0,1,0,0,1,1,1,5,1,1,1,0,2,4,14,3,2,1,3,2,0,0,1,2,1,1,1,1
3842,l0,male,62,Budakeszi,asztalos ,177,4,0,1,0,1,1,0,0,0,2,0,0,0,92251,0,0,1,0,1,1,0,0,1,0,4,1,0,0,2,0,0,0,3,0,1,3,2,1,1,1,0,0,1,1,3
3843,l0,female,65,Budakeszi,asztalos ,186,4,0,4,1,1,1,1,0,0,3,1,0,0,137202,1,0,0,0,1,1,0,1,1,0,5,2,1,1,1,0,0,0,3,3,1,3,0,1,1,1,1,0,0,0,0
3844,l0,male,26,Nagykanizsa,asztalos ,170,4,0,3,1,1,1,1,1,3,3,1,0,1,162976,1,0,0,0,1,1,0,0,1,1,3,0,0,1,2,0,1,140,3,1,1,1,1,0,0,1,0,1,1,1,1
3845,l0,male,46,Budakeszi,asztalos ,162,0,0,2,1,1,1,1,1,2,1,1,0,0,79198,1,0,0,0,1,0,0,1,1,0,2,1,0,0,1,0,4,0,2,1,1,2,1,0,0,0,0,1,0,0,0
3846,l1,female,30,Nagykanizsa,Szakorvos ,177,1,0,3,1,1,1,1,0,2,0,0,0,0,143586,1,0,0,0,0,1,0,1,1,1,1,1,0,0,1,0,0,0,3,1,1,0,1,1,0,0,0,2,1,0,0
3847,l1,female,46,Nagybajcs,Lakatos ,196,4,2,4,1,1,1,1,1,3,5,4,0,1,24753,1,0,1,1,1,0,0,0,1,0,2,1,0,4,0,0,3,393,2,1,1,3,1,1,1,2,2,1,1,0,3
3848,l0,male,48,Nagykanizsa,Lakatos ,161,0,0,1,1,1,2,1,0,3,2,1,0,0,148364,1,0,0,0,1,0,0,0,1,0,0,2,0,1,0,0,0,815,2,2,1,1,1,0,0,1,0,0,0,0,0
3849,l1,female,36,Budakeszi,Szakorvos ,177,0,0,2,1,1,1,1,2,2,2,1,0,1,0,1,0,0,1,1,0,1,1,1,0,3,0,0,1,1,2,3,157,3,3,1,1,0,1,1,1,1,1,0,0,0
3850,l1,female,44,Nagykanizsa,Szakorvos ,180,4,0,4,1,1,1,1,2,0,1,0,0,0,0,0,0,0,1,0,1,0,1,1,0,0,1,1,0,2,1,3,0,3,3,0,1,1,1,1,1,2,1,1,1,4
3851,l1,female,54,Budakeszi,Szakorvos ,183,0,1,4,1,1,2,1,0,1,7,4,0,0,303981,0,1,0,0,0,1,0,1,1,1,1,1,0,1,0,0,4,452,2,1,1,3,2,0,0,1,2,1,1,1,3
3852,l1,male,38,Nagykanizsa,Lakatos ,155,0,0,2,1,1,2,1,1,2,0,0,0,0,314332,1,0,0,0,0,0,0,1,0,0,5,1,1,4,3,0,0,198,3,3,1,3,2,1,0,2,2,1,0,0,1
3853,l1,male,25,Nagykanizsa,Szakorvos ,171,3,0,4,0,1,2,0,0,2,0,0,0,0,145672,1,0,1,0,0,0,0,1,0,1,1,2,1,1,0,1,1,749,2,1,1,1,1,0,0,1,2,0,0,1,3
3854,l0,male,62,Nagybajcs,asztalos ,176,0,0,2,1,1,1,1,1,2,4,1,0,1,67950,1,0,0,0,1,1,1,1,1,1,1,1,0,1,2,1,2,511,2,1,1,3,0,1,0,1,0,0,0,0,0
3855,l1,male,48,Nagykanizsa,Lakatos ,173,0,1,4,1,1,3,1,3,2,5,1,0,1,470004,0,1,0,1,1,1,1,0,0,0,5,0,0,1,0,0,1,430,3,3,1,3,2,0,0,1,2,0,1,0,1
3856,l1,male,29,Nagykanizsa,Szakorvos ,180,0,0,3,0,1,1,1,1,0,2,0,0,1,276653,0,0,0,1,1,0,0,1,0,0,1,1,0,1,2,0,3,3527,2,0,1,2,2,1,1,2,2,2,0,0,1
3857,l1,male,58,Budakeszi,Lakatos ,175,3,1,4,1,1,1,1,2,2,0,0,0,0,391396,1,0,1,1,1,0,1,1,1,1,1,3,0,1,2,3,4,897,3,1,1,1,0,1,1,1,2,0,1,1,3
3858,l0,female,28,Budakeszi,Lakatos ,166,4,0,3,0,1,1,1,1,2,2,0,0,1,257142,0,0,0,1,1,1,0,0,1,1,0,1,0,4,0,0,0,153,2,1,1,3,2,1,0,2,2,0,0,1,3
3859,l1,female,41,Budakeszi,Szakorvos ,185,0,0,4,1,1,1,1,1,2,2,1,0,0,0,1,1,0,0,1,0,0,1,1,0,5,2,0,1,1,1,1,656,2,1,1,3,2,0,0,1,0,1,1,0,1
3860,l0,female,36,Budakeszi,Lakatos ,169,3,0,3,1,1,1,1,2,3,5,1,0,1,0,1,0,0,0,1,1,1,1,1,1,5,1,0,0,0,0,0,307,2,0,1,1,1,0,0,2,0,0,0,0,1
3861,l1,male,58,Nagykanizsa,Lakatos ,170,3,0,4,0,1,1,1,1,3,2,0,0,0,325961,0,0,1,0,1,1,0,0,1,1,1,2,0,4,2,0,4,294,2,3,1,1,2,0,0,1,0,2,0,0,4
3862,l1,male,59,Budakeszi,Lakatos ,166,3,0,1,0,1,1,1,1,2,2,1,0,1,188966,0,0,0,0,0,0,0,1,1,1,0,1,1,3,2,0,0,66,1,3,0,0,1,0,0,2,1,1,1,0,3
3863,l0,male,46,Budakeszi,asztalos ,175,0,0,2,1,1,1,1,1,2,2,1,0,1,67793,1,0,0,1,1,0,0,1,1,1,1,1,0,1,0,0,1,439,1,0,1,3,0,1,1,2,2,1,0,0,1
3864,l0,male,58,Nagykanizsa,asztalos ,177,3,0,3,1,1,1,1,3,3,1,1,0,0,99385,1,1,1,0,1,0,0,1,1,0,1,0,0,0,0,2,2,77,2,1,1,1,1,0,0,1,0,1,1,0,1
3865,l0,male,51,Budakeszi,asztalos ,158,4,0,1,1,1,1,1,1,2,1,0,0,0,0,0,0,0,0,0,0,1,1,1,0,0,1,1,1,0,0,1,0,2,0,1,0,0,0,0,2,0,1,0,0,1
3866,l1,female,43,Budakeszi,Szakorvos ,199,1,0,4,1,1,1,1,0,2,2,1,0,0,0,1,0,1,0,0,1,1,0,1,1,5,2,1,0,2,0,3,546,2,1,1,1,1,0,0,1,2,1,1,1,0
3867,l1,male,53,Nagykanizsa,Lakatos ,162,3,0,4,1,1,1,1,2,2,0,0,0,1,181720,1,0,1,0,1,1,0,1,1,0,1,2,0,1,0,0,3,0,1,0,1,2,0,0,0,1,2,1,0,0,3
3868,l0,male,60,Nagykanizsa,asztalos ,171,0,0,3,0,1,1,1,1,2,2,4,0,0,259060,1,0,1,0,1,0,1,1,1,0,4,0,0,4,0,1,3,136,1,1,1,3,2,1,1,0,2,0,0,0,1
3869,l1,male,42,Nagykanizsa,Szakorvos ,173,4,2,4,1,1,1,1,3,2,0,0,0,1,0,1,0,0,0,1,1,0,1,1,0,5,1,0,1,0,0,3,765,2,0,1,2,1,1,0,1,0,1,0,0,1
3870,l1,male,43,Nagykanizsa,Lakatos ,164,4,0,4,1,1,1,1,1,2,5,0,0,0,247824,0,0,1,0,0,1,0,1,1,1,1,2,0,1,2,0,0,100,1,1,1,1,2,0,0,1,0,0,0,0,2
3871,l1,male,62,Budakeszi,asztalos ,172,4,0,3,0,1,1,1,1,2,0,0,0,1,0,1,0,0,1,1,0,0,1,1,0,5,1,0,1,0,0,0,223,3,3,1,3,1,1,1,2,2,0,0,0,4
3872,l0,female,57,Nagybajcs,Szakorvos ,195,3,0,3,1,1,2,1,3,3,0,0,0,1,28861,1,0,0,0,1,0,0,1,1,1,3,1,0,1,2,0,0,0,1,3,1,1,1,0,0,1,0,1,1,0,1
3873,l1,male,39,Nagykanizsa,Szakorvos ,169,1,2,3,1,1,2,1,1,2,2,0,0,1,151479,0,0,1,0,1,1,0,0,1,0,0,1,0,1,3,0,3,557,3,1,0,2,0,0,1,1,1,0,1,0,4
3874,l0,male,36,Budakeszi,asztalos ,163,4,0,1,1,1,1,1,3,3,0,0,0,0,0,0,0,0,0,1,1,0,1,1,1,4,1,0,4,2,0,3,352,1,0,1,3,1,0,0,0,1,1,1,1,0
3875,l1,female,33,Nagykanizsa,Szakorvos ,170,0,0,4,1,1,1,1,1,0,2,1,0,1,11916951,1,0,0,0,1,1,1,1,1,0,1,1,0,4,0,0,1,0,2,3,1,3,2,1,0,1,1,1,1,1,1
3876,l0,male,56,Nagykanizsa,Szakorvos ,175,0,0,3,1,1,1,1,3,3,1,0,0,0,0,1,0,0,0,1,0,1,0,1,1,0,2,0,1,0,3,3,67494,3,1,1,1,0,1,0,2,0,1,1,0,1
3877,l0,male,56,Nagykanizsa,asztalos ,165,0,0,1,0,1,2,1,4,2,2,4,0,0,112971,1,0,0,0,0,0,0,1,1,0,0,1,0,0,2,0,0,0,2,0,0,1,0,0,0,1,0,1,1,1,1
3878,l0,female,25,Nagykanizsa,Lakatos ,176,0,2,3,0,1,1,1,1,1,0,0,0,0,0,1,0,0,0,1,1,0,1,0,0,0,1,0,4,2,1,4,798,2,3,1,1,1,1,0,1,0,0,0,0,1
3879,l1,male,56,Budakeszi,Lakatos ,157,3,0,0,1,1,1,1,1,2,1,1,0,1,47787,1,1,0,1,1,0,1,1,1,1,5,0,0,1,2,0,2,383,3,1,1,3,1,1,1,2,2,1,0,0,2
3880,l1,male,32,Budakeszi,Szakorvos ,176,3,0,2,0,1,1,1,1,2,11,0,0,0,0,1,0,0,0,1,0,1,1,1,1,1,3,0,1,0,0,0,403,1,0,1,3,2,0,0,2,0,0,1,0,3
3881,l1,male,46,Nagybajcs,Szakorvos ,177,1,2,4,1,1,1,1,3,2,5,4,0,0,552227,1,0,1,1,0,0,1,1,1,1,3,1,0,4,2,3,4,731,2,0,1,2,0,1,1,2,2,0,1,1,3
3882,l1,male,56,Budakeszi,Szakorvos ,173,4,2,4,0,1,1,1,1,0,0,4,0,0,0,1,0,0,0,1,1,1,1,1,0,1,1,1,0,2,0,1,263,3,3,1,1,2,1,0,1,0,1,1,1,0
3883,l1,male,38,Budakeszi,asztalos ,179,0,1,2,0,1,1,1,0,3,5,4,0,1,437622,1,1,1,0,0,1,0,0,1,1,0,1,0,1,2,0,1,161,2,0,1,2,1,1,1,1,0,0,0,0,3
3884,l0,male,52,Nagybajcs,asztalos ,169,3,0,3,0,1,1,1,1,3,0,0,0,0,12961,1,0,0,0,1,0,0,0,1,1,1,0,0,4,2,0,4,0,2,3,1,1,0,0,1,0,0,1,0,0,1
3885,l0,female,25,Budakeszi,Szakorvos ,166,1,0,3,0,1,1,1,1,0,1,1,1,0,0,1,0,0,0,1,0,1,1,1,1,3,0,0,1,0,0,1,191,3,0,1,1,2,1,0,1,0,1,0,0,1
3886,l1,male,50,Nagybajcs,Lakatos ,172,1,0,4,1,1,1,1,1,2,14,4,0,1,103882,0,0,0,0,1,0,0,0,1,1,3,2,0,1,0,0,0,441,1,1,1,3,2,1,1,1,0,0,1,1,1
3887,l1,male,40,Nagykanizsa,Lakatos ,162,4,2,4,1,1,1,1,1,2,1,0,0,0,121014,1,0,0,0,0,0,1,1,1,1,2,1,1,4,2,0,1,898,2,1,1,0,0,1,0,1,0,0,1,0,1
3888,l1,female,39,Nagybajcs,Szakorvos ,176,0,0,2,1,1,1,1,2,1,2,0,0,1,224331,1,0,0,0,1,0,0,1,0,0,5,2,1,1,0,0,0,0,2,1,1,1,1,0,0,1,2,1,0,0,2
3889,l0,male,61,Nagykanizsa,asztalos ,176,4,0,1,1,1,1,1,2,3,1,0,0,0,12940,1,0,0,0,1,0,0,0,1,0,4,2,0,4,0,0,0,490,2,3,1,2,2,1,1,1,2,1,0,0,1
3890,l0,male,56,Budakeszi,asztalos ,158,4,0,3,1,1,2,1,2,2,0,0,0,0,149105,1,0,0,1,1,0,0,1,1,1,5,1,0,1,0,0,3,522,1,1,1,3,1,1,0,2,2,1,1,0,1
3891,l1,male,30,Nagykanizsa,Szakorvos ,163,3,0,2,1,1,1,1,0,2,7,0,0,1,0,1,0,1,0,1,1,0,0,0,0,5,1,0,1,2,4,0,20598,2,0,1,3,2,1,0,1,0,1,1,0,3
3892,l1,male,60,Nagybajcs,Szakorvos ,181,3,0,4,1,1,1,1,1,3,3,1,0,0,0,1,0,0,0,1,1,0,1,1,0,1,1,0,0,0,1,4,3940,3,0,1,1,1,0,0,0,0,1,0,0,2
3893,l1,male,47,Nagykanizsa,Lakatos ,157,4,1,4,1,1,2,1,2,2,0,0,0,0,0,1,0,0,0,0,1,0,1,0,0,1,1,0,1,0,0,3,694,1,0,1,1,1,0,0,1,0,0,1,1,0
3894,l1,female,61,Nagykanizsa,Szakorvos ,175,0,0,2,0,1,1,0,1,0,1,0,0,1,0,1,0,0,0,1,1,0,0,1,0,1,2,0,1,0,3,4,9347,3,3,1,1,2,1,0,1,0,1,0,0,1
3895,l0,male,55,Nagybajcs,Lakatos ,160,1,0,3,0,1,1,1,2,0,0,0,0,1,585234,1,1,1,0,1,1,0,0,1,1,1,0,0,0,0,0,0,123,1,0,1,3,0,0,0,1,1,1,1,1,4
3896,l1,male,28,Nagykanizsa,Lakatos ,168,1,0,3,1,1,2,1,2,3,1,0,0,0,0,1,0,0,0,0,1,0,1,1,1,0,0,0,4,0,1,4,595,3,1,1,1,2,0,0,1,0,0,1,0,2
3897,l1,female,43,Nagykanizsa,Lakatos ,171,4,0,3,1,1,1,1,5,2,10,4,0,1,235642,1,0,1,0,1,0,0,1,0,0,1,1,1,1,0,0,1,248,2,1,1,1,2,0,0,0,0,0,1,1,1
3898,l0,male,57,Budakeszi,asztalos ,188,3,0,3,1,1,1,1,2,1,1,0,0,1,16327262,1,1,1,0,1,0,1,1,1,1,1,0,1,1,0,4,0,334,2,0,1,3,2,0,0,1,2,0,1,0,2
3899,l1,female,43,Nagykanizsa,Szakorvos ,173,4,2,2,0,1,1,1,1,2,0,0,0,0,0,1,0,0,0,1,1,0,1,1,1,2,1,0,4,2,0,3,33183,1,0,1,1,2,1,1,0,0,0,1,1,1
3900,l1,male,65,Nagykanizsa,asztalos ,167,2,0,3,1,1,2,1,2,2,4,1,0,1,369352,1,0,0,0,1,1,0,1,1,0,2,1,0,1,0,3,4,816,3,0,1,3,1,0,1,0,1,1,1,1,1
3901,l1,male,34,Nagykanizsa,asztalos ,171,3,0,2,1,1,3,0,1,3,1,0,0,0,0,1,1,0,0,1,0,1,0,1,1,0,1,0,1,2,0,4,355,2,1,1,2,0,1,0,1,1,1,0,1,1
3902,l1,female,40,Nagykanizsa,Szakorvos ,185,0,0,4,1,1,1,1,3,1,3,0,0,1,656,1,0,0,0,0,1,0,1,0,0,5,1,1,1,0,0,2,193,3,3,1,2,2,1,1,2,1,0,0,0,2
3903,l1,male,62,Budakeszi,Szakorvos ,176,0,1,3,1,1,1,1,2,2,2,1,0,1,66279,0,0,1,0,0,0,1,1,1,1,1,0,0,1,0,0,0,0,1,2,1,1,1,0,0,1,0,0,0,0,1
3904,l1,female,36,Budakeszi,Lakatos ,175,0,0,3,1,1,1,0,1,0,2,1,0,1,17538,0,0,1,0,1,1,0,1,0,0,5,1,0,1,2,0,0,311,3,3,1,3,2,0,0,1,0,1,1,0,1
3905,l0,male,52,Nagykanizsa,asztalos ,169,0,0,3,0,1,1,1,4,2,0,0,0,1,161016,1,0,1,0,1,0,0,1,1,1,1,3,0,0,0,0,1,189,2,2,1,1,1,1,0,2,2,1,1,1,2
3906,l0,male,50,Nagykanizsa,Lakatos ,161,3,0,4,1,1,2,1,0,3,2,4,0,1,467849,0,0,0,0,1,1,1,0,1,1,1,1,0,4,2,0,0,282,2,1,1,1,2,1,1,0,0,1,1,0,1
3907,l0,male,47,Nagybajcs,asztalos ,178,0,0,3,1,1,1,1,2,3,2,4,0,0,164347,1,0,0,0,1,1,0,1,1,1,1,1,1,4,0,0,4,308,3,1,1,3,0,1,0,1,1,0,1,0,1
3908,l1,male,35,Nagykanizsa,Lakatos ,169,1,1,4,1,1,1,1,3,3,3,4,0,0,0,1,0,0,0,1,0,0,1,1,1,4,1,0,1,0,0,0,0,1,0,1,3,1,0,0,1,0,1,1,0,1
3909,l1,female,60,Nagykanizsa,Szakorvos ,183,0,0,4,1,1,1,1,1,0,0,0,0,1,346382,0,1,1,0,1,0,0,1,1,0,1,0,0,1,2,0,3,500,3,3,1,1,0,1,1,1,1,1,1,0,1
3910,l0,male,60,Budakeszi,Szakorvos ,162,1,0,2,0,1,1,1,1,2,0,0,0,1,52312,1,0,1,0,1,0,0,0,1,0,2,1,0,1,1,0,0,106,1,1,1,1,1,1,1,1,2,0,1,1,1
3911,l0,female,50,Nagybajcs,asztalos ,170,0,0,1,1,1,2,1,1,2,0,4,0,1,440880,0,0,1,0,0,0,0,1,1,0,1,0,0,3,2,0,1,223,2,1,1,2,2,0,0,0,0,0,1,1,1
3912,l0,male,37,Budakeszi,asztalos ,173,3,2,4,0,1,1,1,2,2,1,4,0,0,0,1,0,0,0,0,0,1,1,1,1,1,3,0,1,0,0,0,320,1,0,0,0,1,0,0,1,0,0,1,1,1
3913,l0,male,27,Budakeszi,Szakorvos ,166,0,0,3,0,1,3,1,1,2,3,4,1,0,0,1,0,0,0,1,0,1,1,1,1,1,1,0,1,0,0,4,239,3,0,1,1,1,0,0,1,0,0,1,1,3
3914,l1,male,29,Nagykanizsa,Lakatos ,178,3,0,4,1,1,1,1,1,2,1,0,0,0,0,1,0,1,1,1,0,1,1,1,0,0,1,1,1,2,4,4,890,3,3,1,1,2,1,1,2,2,0,0,0,1
3915,l1,female,54,Budakeszi,Szakorvos ,171,1,0,3,1,1,1,1,2,2,4,4,0,1,0,0,0,0,0,1,0,1,1,0,0,5,1,0,0,0,0,3,291,2,0,1,3,2,1,1,1,2,1,0,0,1
3916,l1,male,58,Nagykanizsa,asztalos ,166,4,2,3,0,1,1,1,1,0,0,0,0,0,0,1,0,0,0,1,0,0,0,1,0,1,0,0,4,2,1,3,219,2,0,1,3,1,0,1,1,1,0,1,1,2
3917,l1,male,27,Budakeszi,Szakorvos ,163,1,0,3,1,1,1,1,2,2,1,0,0,1,288821,0,0,1,0,1,1,0,1,1,0,0,3,0,1,2,0,1,6,2,3,1,3,1,1,0,1,2,0,1,1,1
3918,l0,male,47,Nagykanizsa,Lakatos ,169,3,1,3,1,1,1,1,2,2,1,0,0,0,114501,0,0,0,0,1,0,1,0,0,0,5,1,0,0,0,0,0,400,1,1,1,2,2,0,0,2,0,0,0,0,4
3919,l0,male,35,Nagykanizsa,asztalos ,171,3,0,1,1,1,2,1,3,2,1,0,0,0,283521,1,0,0,0,1,1,1,0,0,0,5,0,0,1,1,0,0,132,2,0,1,1,0,1,1,2,0,1,1,1,0
3920,l0,male,32,Nagybajcs,asztalos ,169,0,0,3,0,0,1,1,1,2,8,4,0,1,112196,0,0,0,0,0,0,0,1,1,0,2,1,0,1,0,1,3,182,2,1,1,2,1,0,0,0,0,0,1,1,1
3921,l0,male,32,Budakeszi,Lakatos ,153,1,0,1,1,1,2,1,1,2,1,0,0,0,0,1,0,0,0,1,1,0,1,1,1,5,3,0,4,0,0,1,225,2,1,1,2,2,0,0,2,1,0,0,0,3
3922,l1,male,40,Nagykanizsa,Szakorvos ,189,4,0,3,0,1,1,1,1,3,0,0,0,0,0,1,0,0,0,1,0,1,1,0,0,1,1,0,4,2,1,0,413,2,0,1,3,1,1,0,2,2,0,0,0,0
3923,l0,male,37,Budakeszi,asztalos ,168,3,0,3,1,1,1,0,2,3,1,0,0,1,284780,1,0,0,0,1,1,0,1,1,1,5,1,0,4,2,0,0,173,1,1,1,3,1,0,0,0,0,0,1,0,3
3924,l0,male,61,Nagykanizsa,Lakatos ,164,4,0,3,1,1,1,1,2,2,0,0,0,0,0,0,0,1,0,1,1,0,1,1,1,1,1,0,4,1,0,3,481,2,3,1,1,2,1,0,2,1,1,1,1,3
3925,l1,male,51,Nagykanizsa,Lakatos ,154,4,0,3,1,1,1,1,1,0,7,4,0,0,344584,1,0,0,0,1,1,0,1,0,0,1,1,0,1,0,0,0,314,2,0,1,1,2,1,0,1,2,1,1,1,3
3926,l0,male,27,Budakeszi,asztalos ,158,0,0,3,1,1,2,1,1,3,0,0,0,0,0,1,0,0,0,1,0,0,1,1,0,0,1,0,0,2,1,0,320,2,1,1,3,2,1,0,1,2,0,0,0,1
3927,l1,male,50,Nagybajcs,Lakatos ,158,4,2,4,1,1,1,1,1,0,0,0,0,1,118162,1,1,1,1,1,1,0,1,1,0,2,1,0,3,2,0,0,241,2,0,1,1,0,1,1,1,2,1,1,0,3
3928,l0,male,30,Budakeszi,Szakorvos ,188,1,0,3,1,1,1,1,1,3,3,4,0,0,0,1,0,0,0,1,0,0,0,1,1,1,1,0,1,0,2,1,191,2,1,0,1,0,1,0,0,0,0,0,0,0
3929,l1,male,42,Nagykanizsa,Szakorvos ,169,1,0,2,1,1,2,1,1,2,1,1,0,0,175386,0,0,0,1,0,0,0,1,1,1,3,1,0,0,2,0,3,0,1,1,1,1,1,1,0,1,0,1,1,0,1
3930,l1,male,37,Nagykanizsa,Szakorvos ,157,3,0,4,1,1,2,1,1,2,1,1,0,0,249980,1,0,0,1,1,1,1,0,0,0,1,2,0,0,0,0,4,4412,2,1,1,1,2,1,1,1,2,1,1,0,4
3931,l1,male,62,Nagykanizsa,Szakorvos ,164,1,0,3,1,1,1,1,1,3,3,1,0,1,103947,1,0,0,0,1,0,0,0,1,0,0,0,0,1,1,0,0,108,0,2,1,3,2,0,0,1,2,1,1,0,1
3932,l1,female,60,Nagykanizsa,Szakorvos ,178,4,0,3,1,1,1,1,1,2,4,1,0,1,425818,1,0,1,0,0,1,0,1,0,0,1,1,0,1,0,0,3,0,3,2,1,1,1,0,0,1,2,1,1,1,1
3933,l1,male,49,Nagykanizsa,asztalos ,171,0,0,3,1,1,2,1,1,2,10,1,0,0,325321,1,1,0,0,1,1,0,0,0,0,5,2,0,1,0,2,3,209,2,1,1,1,2,1,0,0,0,1,1,0,3
3934,l1,female,30,Nagykanizsa,Szakorvos ,174,3,0,4,1,1,2,1,1,3,2,0,0,0,0,1,0,0,0,1,0,0,0,0,0,2,2,1,2,0,1,4,7027,2,3,1,1,1,1,1,1,2,0,1,1,2
3935,l1,male,50,Nagykanizsa,Lakatos ,163,4,2,3,1,1,1,1,1,3,0,0,0,1,356053,0,0,0,0,1,0,1,0,0,0,3,1,0,1,2,4,4,379,2,1,1,2,2,1,0,1,2,0,1,1,1
3936,l0,male,59,Nagykanizsa,asztalos ,165,4,0,1,1,1,1,1,1,0,2,1,0,0,295689,0,0,0,1,1,0,0,1,1,0,1,2,0,4,1,2,3,55,2,1,1,3,1,1,1,2,2,0,0,0,1
3937,l1,female,50,Nagykanizsa,Szakorvos ,173,0,0,3,1,1,2,1,1,2,1,2,0,0,502474,0,0,0,1,1,1,0,0,0,0,1,3,0,1,0,0,1,192,2,0,1,3,2,0,0,1,2,1,0,0,3
3938,l0,male,51,Nagybajcs,asztalos ,176,4,0,1,1,1,1,1,3,0,0,0,0,0,195682,1,0,1,0,1,1,0,1,1,0,3,0,0,3,2,0,4,294,3,2,1,3,1,0,1,1,2,1,1,1,2
3939,l1,female,51,Nagykanizsa,Szakorvos ,166,0,0,4,1,1,1,1,1,0,1,0,0,1,307410,0,0,0,0,1,1,0,1,0,0,1,1,0,1,0,0,3,173,2,1,1,1,2,0,0,1,0,1,1,0,3
3940,l1,male,46,Nagykanizsa,Lakatos ,165,0,0,4,0,1,1,1,1,3,5,4,0,1,385088,1,0,0,0,1,1,0,1,0,0,3,1,0,3,0,0,0,0,1,0,1,1,2,0,0,2,2,1,1,0,2
3941,l1,female,40,Nagykanizsa,asztalos ,174,3,0,4,1,1,1,1,1,0,0,0,0,0,30822,1,1,0,0,1,0,1,1,1,1,3,2,0,1,2,0,3,0,1,1,1,3,2,1,1,1,1,0,1,1,1
3942,l1,female,63,Budakeszi,Szakorvos ,169,4,0,4,1,1,1,1,11,2,6,1,0,0,0,1,0,0,0,0,0,0,1,1,0,4,1,0,1,0,3,3,6231,2,3,1,1,1,0,0,1,0,1,0,0,1
3943,l0,male,61,Nagykanizsa,asztalos ,156,4,1,2,0,1,1,1,2,3,1,0,0,0,20347,1,1,1,1,1,0,1,1,1,1,2,1,1,1,2,1,3,0,2,0,1,3,1,1,0,2,2,0,0,0,1
3944,l1,male,35,Nagykanizsa,Szakorvos ,171,4,0,4,0,0,0,1,1,2,4,2,0,0,187520,1,0,1,1,1,0,0,1,1,0,5,1,0,0,0,0,4,66601,2,1,1,2,0,1,1,2,2,1,0,0,4
3945,l1,male,57,Nagykanizsa,asztalos ,172,4,0,4,0,1,1,1,2,2,5,0,0,0,55616,1,1,0,0,0,1,1,1,0,0,1,1,0,1,2,2,4,4982,3,0,1,3,2,0,0,1,2,0,1,0,1
3946,l0,female,42,Nagykanizsa,Lakatos ,175,4,0,3,0,1,1,1,1,2,3,4,0,0,123306,1,0,0,0,0,0,0,1,1,0,5,1,0,1,0,0,0,0,2,0,1,3,2,0,0,1,2,1,0,0,1
3947,l1,male,35,Budakeszi,Lakatos ,165,4,0,3,0,1,1,1,2,3,3,1,0,0,303482,1,1,0,0,1,1,0,0,1,1,2,1,0,1,0,1,3,5175,3,3,1,2,2,0,0,2,0,0,1,1,1
3948,l0,male,61,Nagykanizsa,asztalos ,176,0,0,1,1,1,1,1,1,3,4,4,0,1,423980,0,0,1,1,1,0,0,1,1,0,3,0,1,0,0,0,0,0,3,3,1,1,2,1,0,2,2,1,1,1,2
3949,l0,female,36,Budakeszi,Lakatos ,174,4,0,2,1,1,1,1,3,0,7,1,0,0,0,0,0,0,1,0,1,0,1,0,0,2,1,0,1,2,0,4,272,2,1,1,3,2,1,1,2,2,0,1,0,3
3950,l0,male,48,Budakeszi,asztalos ,166,2,1,3,1,1,2,1,0,3,2,1,0,0,265555,1,0,0,0,1,0,0,1,1,0,2,1,0,1,1,1,3,28421,3,1,1,2,1,1,0,1,2,1,0,0,1
3951,l0,male,57,Nagykanizsa,asztalos ,177,0,0,3,1,1,1,1,1,0,4,1,0,1,368651,0,0,1,0,0,0,0,1,1,1,1,1,0,1,0,0,4,0,2,3,1,2,2,0,0,1,2,1,0,0,4
3952,l1,male,35,Nagykanizsa,Lakatos ,161,0,2,4,1,1,1,1,1,2,2,1,0,0,198763,1,0,0,0,0,1,0,0,1,0,0,1,0,1,0,0,3,604,2,2,1,1,2,1,1,1,2,0,1,0,1
3953,l0,female,48,Nagykanizsa,Lakatos ,174,4,2,3,1,1,1,1,1,1,5,4,0,0,0,1,0,0,0,1,0,0,1,1,0,5,0,0,1,0,0,4,5020,3,1,1,1,0,0,0,0,0,0,0,0,1
3954,l1,male,52,Budakeszi,Szakorvos ,178,3,0,3,1,1,2,1,1,2,0,0,0,0,165942,0,0,1,1,1,1,1,1,1,0,1,1,0,1,0,0,1,195,2,3,1,3,1,1,1,2,2,0,1,1,0
3955,l1,male,26,Nagykanizsa,asztalos ,167,4,2,4,1,1,1,1,3,1,7,0,0,1,340897,1,0,0,0,1,0,0,1,0,0,1,1,0,1,0,0,1,0,2,1,1,1,1,0,0,1,0,1,1,0,3
3956,l0,male,25,Nagybajcs,Lakatos ,179,3,0,4,1,1,1,1,2,3,4,1,0,0,126818,0,0,1,0,1,0,1,0,1,0,1,1,0,4,1,0,3,0,2,3,1,1,2,0,0,2,2,1,0,0,1
3957,l1,female,46,Nagykanizsa,Szakorvos ,169,4,0,2,1,1,1,1,1,2,5,1,0,0,0,1,0,1,1,1,0,0,1,1,1,5,1,1,4,0,2,3,1014,2,0,1,1,2,1,1,2,0,0,1,0,0
3958,l1,male,53,Budakeszi,Lakatos ,180,4,0,3,1,1,1,1,1,2,0,0,0,0,313859,1,0,1,0,1,0,0,1,1,1,4,0,0,1,0,2,4,145,2,2,1,2,2,1,0,0,0,0,1,0,1
3959,l1,male,51,Nagykanizsa,asztalos ,164,3,0,3,1,1,1,1,1,2,3,1,0,1,75627,0,0,0,0,1,1,1,0,0,0,5,1,0,1,0,0,1,232,2,1,1,2,2,1,1,2,2,0,1,1,1
3960,l1,male,47,Nagykanizsa,asztalos ,170,4,0,3,1,1,1,1,1,0,1,0,0,1,0,1,0,1,1,1,0,1,0,0,0,3,1,0,1,0,0,3,234,3,1,0,2,1,1,1,1,2,0,0,0,2
3961,l0,male,32,Budakeszi,Szakorvos ,155,1,0,1,1,1,2,1,3,2,3,1,0,0,13160,0,0,1,0,1,0,0,1,1,1,3,1,0,4,0,0,0,84,2,1,1,1,2,1,0,1,0,0,0,0,3
3962,l0,female,54,Budakeszi,Szakorvos ,166,1,0,2,1,1,1,0,2,3,0,0,0,0,347273,0,0,0,0,1,1,1,1,0,0,5,1,0,0,0,0,3,387,1,1,1,1,2,0,1,1,1,1,0,0,4
3963,l1,male,64,Budakeszi,Szakorvos ,185,3,1,3,1,1,1,0,1,2,1,0,0,0,61043,1,0,0,1,1,1,0,0,1,0,2,1,0,4,0,0,3,0,1,3,1,1,0,1,1,2,2,0,1,1,1
3964,l0,male,49,Budakeszi,Lakatos ,183,4,0,1,0,1,1,1,0,2,3,4,0,1,0,0,0,0,0,1,1,1,1,1,0,5,1,0,1,2,1,0,5451,3,0,1,2,2,0,0,1,2,1,1,1,1
3965,l1,male,26,Budakeszi,asztalos ,162,4,2,3,0,1,1,1,1,3,2,4,0,1,75309,1,0,0,1,1,0,0,1,1,0,4,1,0,1,0,0,4,673,2,1,1,3,1,1,1,2,2,1,1,1,2
3966,l0,male,51,Nagybajcs,Lakatos ,171,3,2,3,1,1,1,1,1,2,0,0,0,1,309452,0,0,0,0,1,1,1,1,1,1,5,0,0,0,2,3,0,132,2,2,1,1,2,1,0,1,0,0,0,0,3
3967,l1,female,62,Budakeszi,Szakorvos ,170,0,1,2,0,1,1,1,6,2,4,1,0,0,0,0,0,0,0,1,1,1,1,1,0,1,2,0,1,0,0,4,0,2,1,1,2,1,1,0,1,0,1,0,0,4
3968,l1,female,29,Budakeszi,Szakorvos ,182,4,0,4,1,1,1,0,1,2,7,0,0,1,416593,1,0,1,1,1,0,0,1,0,1,2,1,0,1,2,0,4,84,1,0,1,3,2,1,1,1,2,1,1,0,1
3969,l0,male,31,Budakeszi,asztalos ,170,2,0,3,1,1,1,1,1,2,1,0,0,1,445934,1,0,0,0,1,0,1,1,1,1,5,1,0,1,1,0,3,0,2,0,1,0,2,1,0,1,0,1,0,0,0
3970,l1,male,51,Budakeszi,Lakatos ,178,2,0,4,0,1,1,0,1,1,6,3,0,0,20658,1,0,1,1,1,1,1,1,1,1,5,1,0,1,0,0,0,0,3,2,1,3,2,1,1,0,1,0,1,0,1
3971,l0,male,31,Nagykanizsa,asztalos ,162,0,0,3,1,1,1,1,1,3,0,0,0,1,250679,0,0,0,0,1,0,0,0,1,0,1,1,0,1,2,0,0,19366,2,2,1,1,2,0,0,1,0,1,1,1,4
3972,l0,male,44,Nagykanizsa,asztalos ,166,4,2,3,1,1,1,1,3,3,5,4,0,0,0,1,1,0,0,1,0,0,1,1,1,5,1,0,0,0,0,0,36,2,0,1,1,0,1,1,1,0,0,1,1,0
3973,l0,female,38,Budakeszi,Lakatos ,171,2,0,4,1,1,1,1,1,2,0,0,0,0,221823,1,0,0,0,1,0,1,1,1,0,5,1,0,4,0,0,1,519,2,3,1,2,0,1,0,1,1,0,1,0,1
3974,l1,female,53,Nagykanizsa,asztalos ,170,4,0,3,1,1,2,0,2,3,1,1,0,0,0,1,0,0,0,1,0,0,0,1,0,5,0,0,1,0,1,3,402,2,1,1,3,1,1,1,2,2,0,0,0,0
3975,l0,female,49,Nagybajcs,asztalos ,176,0,0,3,1,1,1,1,1,3,5,4,0,0,194082,1,0,0,0,1,0,0,1,1,1,0,0,0,0,2,0,0,44,3,0,1,0,1,0,0,0,0,0,0,0,1
3976,l1,male,31,Budakeszi,asztalos ,181,1,0,3,0,1,2,1,0,0,2,3,1,0,239930,0,0,0,0,1,1,1,1,1,0,2,2,0,1,0,0,4,6175,1,0,1,1,0,0,1,1,2,0,1,1,0
3977,l1,male,64,Budakeszi,Lakatos ,164,0,0,4,1,1,2,1,0,2,2,4,0,0,141201,1,0,0,0,1,0,0,1,1,0,0,1,0,4,0,0,4,87,1,0,1,1,2,1,0,0,0,0,1,1,3
3978,l1,female,31,Budakeszi,Szakorvos ,177,4,0,3,1,1,1,1,2,3,0,0,0,1,271239,1,0,1,0,1,1,1,1,0,0,1,0,0,4,0,2,4,6139,2,1,1,1,2,1,0,2,0,1,1,1,1
3979,l0,female,36,Nagykanizsa,asztalos ,164,4,0,1,1,1,1,1,1,2,0,0,0,1,263917,1,0,1,0,1,0,0,1,1,1,5,2,0,1,0,0,1,408,2,1,1,1,2,0,1,0,2,0,1,0,2
3980,l0,male,60,Nagykanizsa,Lakatos ,172,3,0,2,1,1,1,1,1,2,2,0,0,0,0,1,0,1,0,0,0,1,1,1,0,0,1,0,1,2,0,4,126,2,1,1,1,1,0,0,1,1,1,0,0,1
3981,l1,female,61,Nagykanizsa,Lakatos ,163,3,2,3,0,1,1,1,1,2,7,4,0,0,46820,0,0,0,1,1,1,0,0,1,1,0,1,0,0,2,0,0,0,2,1,1,3,0,1,1,1,2,1,0,0,3
3982,l1,female,30,Budakeszi,Szakorvos ,166,4,0,4,1,1,1,0,1,3,0,0,0,0,0,0,0,0,0,0,0,1,1,0,0,0,1,0,1,2,0,3,270,1,3,1,3,2,0,1,2,2,0,0,0,2
3983,l1,male,33,Budakeszi,Szakorvos ,186,4,1,4,1,1,1,1,1,3,1,1,0,0,197333,0,0,0,0,1,0,1,1,0,0,3,1,0,3,0,0,0,5422,2,3,1,1,0,0,0,1,1,1,1,1,3
3984,l1,male,61,Budakeszi,Szakorvos ,168,0,2,4,1,1,1,1,2,2,2,1,0,0,374392,0,0,0,1,1,0,1,1,0,0,5,1,0,4,2,0,0,515,2,3,1,3,1,1,1,2,2,0,0,0,1
3985,l1,male,61,Budakeszi,asztalos ,167,3,0,3,0,1,1,1,0,0,1,1,0,1,449047,0,0,1,0,1,1,1,1,1,1,4,1,0,1,0,0,3,10,2,3,1,1,2,1,0,1,2,0,1,0,0
3986,l1,female,38,Budakeszi,Szakorvos ,160,0,2,3,1,1,2,1,1,2,2,1,0,0,0,1,0,0,0,0,1,1,1,1,0,1,2,0,4,0,0,0,159,1,1,1,2,1,1,1,1,1,0,1,0,1
3987,l1,female,63,Nagykanizsa,Szakorvos ,177,0,0,2,0,1,1,1,1,0,4,4,0,0,97913,1,0,1,0,0,0,1,1,1,1,1,2,0,1,2,0,3,53,2,1,1,3,1,1,0,1,0,2,0,1,2
3988,l1,male,30,Nagykanizsa,Lakatos ,173,4,0,3,1,1,2,0,2,3,7,0,0,0,210880,1,0,0,0,1,0,0,1,0,0,3,3,0,1,0,3,3,284,3,1,1,1,2,0,1,1,1,0,0,0,0
3989,l1,male,49,Budakeszi,Lakatos ,178,4,0,3,1,1,1,1,2,2,0,0,0,0,0,0,0,0,0,1,0,1,0,1,0,1,3,0,1,0,0,3,38,2,1,1,3,1,1,0,0,0,0,0,0,3
3990,l1,female,40,Budakeszi,Szakorvos ,182,3,0,3,1,1,1,1,2,2,7,4,0,1,282247,1,0,0,0,1,0,1,1,1,0,3,1,0,1,0,0,4,202,3,1,1,1,2,0,0,2,2,1,1,0,3
3991,l1,female,27,Budakeszi,Szakorvos ,171,3,0,2,0,1,1,0,3,0,2,1,0,0,102852,1,0,0,0,1,0,1,0,1,1,5,2,0,1,2,0,1,5005,2,1,1,1,2,1,0,1,0,0,1,0,4
3992,l0,male,51,Budakeszi,asztalos ,162,4,0,1,1,1,1,1,1,2,2,1,0,0,130591,1,0,0,0,1,1,0,0,1,1,3,1,0,1,0,0,0,454,2,3,1,1,2,1,1,2,2,0,1,1,1
3993,l0,male,34,Nagykanizsa,Lakatos ,174,0,0,1,1,1,1,1,1,0,2,1,0,1,300704,1,0,1,0,1,1,0,1,1,1,1,1,0,1,2,0,0,0,2,3,1,1,1,0,0,1,0,0,1,0,1
3994,l1,female,64,Budakeszi,Lakatos ,174,4,2,4,1,1,1,1,3,2,0,0,0,0,95119,0,0,0,0,1,1,0,0,1,1,1,1,0,0,2,0,3,0,2,0,1,0,2,0,0,0,0,1,0,0,1
3995,l1,male,46,Nagykanizsa,Lakatos ,169,4,0,1,1,1,2,1,1,2,5,1,0,1,46768,1,0,1,1,1,0,0,1,0,0,1,1,0,1,0,0,0,485,2,0,1,3,0,1,1,0,2,1,1,0,3
3996,l1,male,56,Nagykanizsa,Lakatos ,171,0,0,3,1,1,2,0,2,2,0,0,0,0,0,1,0,1,0,0,0,0,1,1,1,0,0,0,4,1,3,4,92440,2,0,1,2,0,1,1,1,0,1,1,0,2
3997,l0,male,59,Nagybajcs,asztalos ,179,0,0,3,0,1,1,0,4,2,2,4,0,1,0,1,0,1,0,0,0,1,1,1,0,1,1,1,0,0,0,0,0,1,1,1,3,2,1,0,1,0,0,0,0,1
3998,l1,male,34,Nagykanizsa,Szakorvos ,164,3,0,3,0,1,1,1,7,2,0,0,0,0,45711,1,0,0,0,1,0,1,1,1,0,0,0,0,1,0,2,4,353,1,1,1,1,0,0,0,0,1,0,0,0,0
3999,l1,female,54,Nagykanizsa,Szakorvos ,162,0,0,3,1,1,2,1,2,2,1,1,0,0,10945124,0,0,0,0,1,0,1,1,1,1,0,2,0,1,0,0,2,0,2,3,1,3,0,1,1,0,1,0,1,1,1
4000,l0,male,33,Budakeszi,asztalos ,161,4,0,1,1,1,2,1,1,2,2,4,0,0,0,1,1,0,1,1,0,0,1,1,0,5,1,0,1,2,0,1,487,2,1,1,3,2,0,0,2,1,1,1,1,1
4001,l0,male,42,Budakeszi,Lakatos ,166,1,0,2,1,1,1,1,3,2,2,1,0,0,0,0,0,1,0,1,0,1,1,1,1,5,1,0,1,2,0,1,412,2,3,1,1,1,1,0,2,1,1,0,0,1
4002,l1,male,57,Nagykanizsa,Szakorvos ,179,4,0,2,1,1,1,1,2,2,5,1,0,0,351275,1,1,1,0,1,0,0,1,0,0,3,1,0,1,0,0,3,541,3,2,1,1,1,1,1,1,2,0,1,0,1
4003,l1,female,51,Nagybajcs,Szakorvos ,174,0,0,3,1,1,1,1,1,2,0,0,0,0,28969,1,0,0,0,1,0,0,1,1,1,5,1,0,4,1,1,4,51057,2,1,1,1,2,1,0,1,1,1,1,0,4
4004,l1,male,43,Budakeszi,Szakorvos ,188,4,0,2,1,1,1,1,1,2,1,0,0,0,98065,0,0,0,0,1,0,0,0,1,0,3,2,0,1,2,3,3,6566,2,1,1,2,2,0,1,0,2,0,1,0,1
4005,l1,male,28,Nagykanizsa,Lakatos ,170,4,0,3,1,1,1,1,2,3,2,1,0,1,147180,0,0,1,0,1,0,0,1,1,0,1,1,0,4,0,0,0,504,2,0,1,2,2,1,0,1,0,1,1,0,3
4006,l1,male,58,Nagykanizsa,Szakorvos ,176,4,0,4,0,1,1,1,9,2,5,1,0,0,0,1,1,0,0,0,0,0,1,1,0,1,1,0,1,0,0,0,605,1,3,1,0,0,1,1,2,0,1,1,1,1
4007,l1,female,51,Nagykanizsa,asztalos ,173,0,2,3,1,1,1,1,1,2,5,4,0,0,188690,0,0,0,0,1,0,0,0,1,1,0,1,0,1,2,0,0,114,1,3,1,2,2,0,0,0,0,1,0,0,1
4008,l0,male,51,Budakeszi,asztalos ,186,3,0,3,0,1,1,1,1,3,0,1,0,0,271667,1,0,1,0,1,1,0,1,0,0,5,0,1,1,1,0,3,2668,3,3,1,3,2,1,1,1,2,1,1,1,3
4009,l1,male,36,Nagykanizsa,asztalos ,175,1,1,2,1,1,2,1,1,2,2,1,0,0,352533,1,0,0,0,1,1,1,1,0,0,3,1,0,4,4,0,0,26163,2,0,1,2,2,0,1,0,0,0,1,0,2
4010,l1,female,51,Nagykanizsa,Szakorvos ,176,0,2,2,0,1,1,1,2,3,3,4,0,1,265760,1,0,1,0,1,0,0,1,1,1,5,1,0,1,0,0,4,4563,1,0,1,3,1,1,1,1,2,1,0,0,2
4011,l0,male,31,Nagykanizsa,asztalos ,165,0,2,1,0,1,1,1,1,2,2,4,0,0,10235958,0,0,1,0,1,0,0,1,1,0,0,0,0,0,0,0,3,0,1,1,1,1,2,1,1,2,2,0,0,0,1
4012,l0,female,41,Nagykanizsa,asztalos ,175,4,0,0,1,1,1,1,0,2,2,0,0,1,293640,0,0,1,0,1,0,1,0,1,1,1,2,1,1,0,0,3,356,2,3,1,2,1,0,0,0,0,0,0,0,4
4013,l1,male,34,Nagykanizsa,asztalos ,164,0,0,1,1,1,1,1,1,2,2,1,0,1,160554,0,0,0,1,0,1,0,1,1,1,0,1,1,1,0,0,4,2760,2,1,1,1,2,1,1,2,0,1,0,0,1
4014,l0,male,32,Nagykanizsa,asztalos ,168,2,2,3,1,1,2,1,1,3,0,0,0,1,32195,1,0,0,0,1,0,1,0,1,1,5,0,0,1,0,0,0,296,1,1,1,3,2,1,0,1,2,0,1,1,1
4015,l0,male,57,Nagykanizsa,asztalos ,180,0,0,3,1,1,1,1,2,3,1,2,0,1,176752,1,0,1,0,1,1,0,0,0,1,0,2,0,3,2,0,0,149,1,1,0,1,1,1,1,1,2,1,1,1,3
4016,l1,male,58,Nagykanizsa,Lakatos ,160,4,0,2,0,1,1,1,1,0,7,4,0,0,0,1,0,1,0,1,1,0,1,1,1,5,0,1,1,2,2,0,306,2,3,1,1,1,0,0,1,1,1,1,1,2
4017,l1,male,55,Nagybajcs,asztalos ,172,4,0,2,1,1,1,1,1,2,0,0,0,1,161573,1,0,0,0,0,1,1,1,1,0,0,0,0,1,1,0,0,0,2,0,1,3,0,0,0,0,0,0,0,1,0
4018,l0,female,25,Nagykanizsa,Szakorvos ,174,0,2,0,1,1,1,0,2,2,5,4,0,1,70960,1,0,1,0,0,0,0,1,1,1,0,2,0,0,2,1,2,369,0,1,0,0,1,0,0,1,0,0,0,0,1
4019,l1,male,29,Budakeszi,Lakatos ,151,3,2,3,0,1,1,1,1,2,8,4,0,1,129072,1,1,0,0,1,0,1,0,1,0,1,1,0,0,0,1,3,6419,2,3,1,3,2,1,0,1,1,1,1,1,2
4020,l0,female,46,Budakeszi,asztalos ,177,4,0,3,0,1,1,1,1,2,3,1,0,1,113859,1,0,0,0,0,1,0,1,1,1,0,2,0,1,2,0,3,0,2,1,1,1,2,1,0,2,0,1,1,1,1
4021,l0,male,40,Nagykanizsa,asztalos ,177,1,0,1,1,1,1,1,1,3,2,1,0,0,97888,1,1,0,0,1,0,0,1,0,0,1,0,0,0,0,0,0,558,2,1,1,0,1,1,1,1,1,1,0,0,3
4022,l0,male,53,Budakeszi,Lakatos ,172,0,0,3,1,1,1,1,2,2,12,1,0,0,0,1,1,1,0,0,0,0,1,0,0,3,1,0,1,0,0,0,332,2,0,0,1,0,0,0,1,1,0,0,0,1
4023,l1,male,50,Nagykanizsa,Szakorvos ,169,0,0,3,1,1,2,1,2,2,6,4,0,1,287623,1,0,0,0,1,0,0,1,1,1,1,0,0,4,0,3,4,247,2,1,1,2,2,0,1,1,2,0,0,0,1
4024,l1,female,25,Nagykanizsa,Szakorvos ,182,3,0,2,0,1,1,1,3,2,1,4,0,0,0,1,0,0,0,1,0,0,0,1,0,0,0,0,0,0,4,3,312,2,1,1,3,2,1,0,1,0,1,0,0,1
4025,l1,male,29,Nagykanizsa,Lakatos ,166,0,0,4,1,1,1,1,2,3,0,0,0,0,0,1,0,1,0,1,1,0,1,0,0,3,2,0,4,2,0,0,395,2,1,1,1,0,1,0,0,2,0,0,0,3
4026,l0,male,53,Nagybajcs,asztalos ,173,4,0,3,1,1,1,1,3,1,2,4,0,0,0,0,0,0,0,0,1,0,1,0,0,5,1,0,1,0,0,0,405,1,0,1,3,1,1,0,1,1,0,0,0,1
4027,l1,male,40,Budakeszi,Lakatos ,175,4,0,4,1,1,2,1,1,2,3,1,0,0,192552,1,1,0,0,1,0,1,1,1,1,1,1,0,1,1,0,3,535,1,0,1,1,1,1,0,0,0,0,1,0,1
4028,l0,male,56,Budakeszi,Szakorvos ,166,0,2,3,0,1,1,1,3,3,1,1,0,0,189628,1,0,0,0,1,0,0,0,0,0,0,3,0,4,2,0,1,0,2,1,0,2,2,0,0,2,0,1,0,0,2
4029,l1,male,43,Nagykanizsa,Lakatos ,165,0,1,1,0,1,1,1,2,2,1,1,0,0,0,1,1,0,1,0,1,1,1,1,1,1,1,0,0,2,1,4,438,2,0,0,1,2,1,1,2,2,1,1,1,1
4030,l1,male,53,Nagykanizsa,Lakatos ,165,4,0,3,1,1,1,1,2,2,2,1,0,0,0,1,0,1,1,0,0,0,1,0,0,0,2,0,1,0,0,3,0,2,3,1,1,1,1,1,2,2,1,1,1,2
4031,l1,female,58,Budakeszi,Szakorvos ,178,0,1,4,1,1,1,1,1,3,2,4,0,1,159123,1,0,0,1,0,1,0,1,1,1,0,1,0,0,2,0,1,0,1,0,0,1,2,1,1,1,2,0,0,1,1
4032,l1,male,29,Nagykanizsa,Lakatos ,160,4,0,3,0,1,1,1,2,2,2,0,0,1,64356,0,0,0,0,1,1,0,1,1,0,0,2,0,1,1,0,0,0,2,3,1,3,0,0,0,2,2,1,1,1,2
4033,l0,female,53,Nagybajcs,Lakatos ,178,3,0,2,0,1,1,1,1,3,8,4,0,1,13752616,0,1,0,0,1,1,1,0,1,0,1,0,0,1,2,0,0,365,2,1,1,1,2,0,0,0,0,0,0,0,1
4034,l1,female,25,Nagybajcs,Lakatos ,171,3,1,4,1,1,1,1,1,2,0,0,0,1,95439,0,0,1,0,1,0,0,1,0,0,0,1,0,1,2,0,3,598,2,1,1,1,2,0,0,2,2,1,1,0,1
4035,l0,male,46,Nagykanizsa,asztalos ,172,4,2,3,1,1,1,1,1,2,0,0,0,0,97591,1,0,0,0,1,0,0,1,1,1,1,3,0,1,2,0,0,0,1,0,1,0,1,1,1,1,0,0,1,1,2
4036,l0,male,39,Budakeszi,Lakatos ,167,3,0,3,0,1,1,1,4,2,2,4,0,1,0,1,0,0,0,1,1,1,1,1,0,5,1,0,1,0,0,1,2,3,1,1,1,2,1,0,1,2,0,1,1,2
4037,l0,female,31,Nagykanizsa,Szakorvos ,179,4,0,2,1,1,1,1,2,2,7,4,0,1,288573,1,0,0,0,1,0,1,1,1,1,5,1,0,3,0,0,0,262,3,3,1,3,2,0,0,1,0,0,1,1,1
4038,l0,male,63,Nagykanizsa,asztalos ,163,4,0,3,1,1,1,1,1,2,0,0,0,0,0,1,0,0,0,1,0,0,1,1,1,5,0,0,1,0,1,3,721,1,1,1,1,2,0,0,1,0,0,1,0,3
4039,l1,male,40,Budakeszi,Lakatos ,162,3,1,3,1,1,1,0,1,2,1,1,0,0,227515,1,1,1,0,1,1,0,1,1,0,5,1,0,1,2,0,3,134,1,3,1,2,2,0,1,1,0,0,0,0,1
4040,l0,male,55,Nagybajcs,Lakatos ,162,0,1,3,1,1,1,1,1,3,2,0,0,0,304186,1,0,0,1,1,1,0,1,1,1,5,1,0,1,0,0,3,0,1,2,0,1,2,1,1,1,2,0,0,0,1
4041,l1,female,58,Budakeszi,Szakorvos ,166,4,0,4,1,1,1,1,1,2,0,0,0,0,0,1,0,0,0,1,1,1,1,1,0,3,1,1,1,0,0,0,74,3,1,1,3,2,0,0,1,0,1,1,1,3
4042,l1,male,65,Budakeszi,asztalos ,170,4,2,3,0,0,0,1,4,2,5,4,0,1,589110,1,0,1,0,1,1,1,1,0,0,5,1,0,3,0,0,4,227,1,1,1,3,2,1,0,1,2,0,1,1,4
4043,l1,male,26,Nagybajcs,Szakorvos ,168,0,0,4,1,1,1,1,1,2,0,1,0,0,0,1,0,0,0,1,0,0,0,0,0,5,0,0,4,0,3,1,523,2,0,1,3,2,0,0,0,0,1,0,0,1
4044,l1,male,25,Nagykanizsa,asztalos ,176,0,0,3,1,1,1,1,2,3,1,1,0,0,0,1,0,0,0,1,0,1,1,1,1,5,0,0,1,0,1,4,4208,2,1,1,3,3,1,0,1,2,0,0,0,1
4045,l0,male,31,Nagykanizsa,Lakatos ,172,0,1,3,1,1,1,1,1,3,18,4,0,0,198650,1,0,1,0,1,0,0,1,1,0,5,0,1,1,0,0,3,20539,2,3,1,1,2,0,0,1,0,1,0,0,3
4046,l1,male,61,Nagykanizsa,Szakorvos ,162,3,2,3,0,1,1,1,1,2,1,0,0,0,0,1,0,0,0,1,0,0,1,1,0,3,1,0,4,0,0,0,573,1,0,1,3,2,1,1,2,0,1,1,0,1
4047,l0,male,36,Nagykanizsa,Lakatos ,176,0,1,4,1,1,1,1,1,3,1,0,0,0,228844,0,0,1,0,1,0,1,0,1,1,0,0,0,1,1,0,0,859,2,2,1,3,2,1,0,1,2,1,1,1,1
4048,l1,male,27,Nagybajcs,Szakorvos ,168,1,0,2,0,1,1,1,2,3,4,4,1,1,17792,1,1,0,0,1,1,1,1,1,1,5,0,1,1,0,4,4,538,3,3,1,3,0,0,0,1,0,0,1,1,2
4049,l0,male,42,Budakeszi,Szakorvos ,185,4,1,3,1,1,1,1,1,1,3,1,0,1,135373,1,0,0,0,1,1,0,1,1,1,1,1,0,0,2,0,4,185,2,1,1,3,1,1,0,0,0,1,1,1,1
4050,l0,male,58,Budakeszi,asztalos ,172,0,0,3,1,1,1,1,2,0,11,0,0,0,0,1,0,0,0,1,0,1,1,1,1,5,1,0,4,1,1,4,777,2,0,1,1,0,0,0,1,0,0,1,1,1
4051,l0,male,59,Nagykanizsa,asztalos ,165,4,0,3,0,1,1,1,1,3,0,0,0,1,743287,1,0,0,0,1,1,0,1,1,0,1,2,0,4,2,0,4,0,3,1,1,3,2,0,0,1,1,0,1,1,1
4052,l1,male,28,Budakeszi,Szakorvos ,180,4,2,4,1,1,1,1,2,3,0,0,0,0,0,1,0,1,0,1,0,1,1,1,1,2,1,0,1,1,3,4,3950,2,1,1,3,2,1,0,1,2,0,0,0,2
4053,l1,male,59,Budakeszi,asztalos ,166,0,1,3,1,1,1,1,2,2,3,1,0,0,275086,0,1,0,0,0,0,0,1,1,0,2,1,1,0,1,0,0,191,3,3,1,3,2,0,0,1,2,1,0,0,3
4054,l1,male,48,Nagykanizsa,Lakatos ,172,1,0,3,1,1,1,1,1,2,2,1,0,0,0,1,0,0,0,1,1,0,1,1,0,2,1,1,1,1,0,4,0,2,3,1,3,0,0,0,1,0,1,1,0,2
4055,l0,male,63,Nagykanizsa,asztalos ,159,4,0,3,1,1,2,1,1,2,2,0,0,1,278820,1,0,1,0,1,1,0,1,0,0,1,3,0,0,0,0,0,349,2,3,1,2,2,0,0,1,0,1,0,0,1
4056,l0,male,33,Nagybajcs,asztalos ,154,3,2,3,1,1,1,1,2,0,4,1,0,1,351855,1,0,1,0,1,0,0,0,1,1,1,0,1,1,0,0,0,31590,3,1,1,3,2,1,0,1,0,1,1,1,1
4057,l1,male,25,Nagykanizsa,asztalos ,168,1,2,3,0,0,1,1,2,3,5,0,0,1,363547,1,1,0,0,1,0,1,1,1,1,5,0,0,4,0,0,3,183,2,1,1,1,2,0,0,1,0,0,1,1,1
4058,l1,female,44,Nagykanizsa,Szakorvos ,182,4,2,4,1,1,2,1,1,2,1,1,0,1,136824,0,0,0,0,0,1,0,1,1,1,5,2,0,1,0,3,4,400,1,1,1,1,1,0,0,1,2,1,1,0,0
4059,l0,male,63,Nagybajcs,Szakorvos ,152,1,0,3,0,1,1,1,2,2,1,0,0,0,126846,0,0,0,0,1,0,0,1,1,0,5,1,1,4,2,0,4,660,2,3,1,3,2,0,0,1,1,2,1,1,0
4060,l1,male,50,Budakeszi,Szakorvos ,184,4,2,4,0,1,1,1,1,2,0,0,0,1,0,1,0,0,0,1,0,1,1,1,1,2,1,0,0,0,0,0,0,3,3,1,3,2,1,1,2,2,0,0,1,0
4061,l0,male,63,Nagykanizsa,asztalos ,167,0,2,3,0,1,1,1,1,3,0,0,0,0,0,1,0,1,0,1,1,0,1,1,0,2,1,0,4,0,4,4,5347,2,0,1,3,1,0,0,1,0,0,1,0,1
4062,l1,male,32,Nagybajcs,Szakorvos ,175,4,0,3,1,1,1,1,1,2,2,4,0,1,866318,0,0,0,0,1,1,0,1,1,0,0,2,0,1,0,0,0,5920,2,0,1,3,2,0,0,1,0,1,1,1,3
4063,l1,female,37,Nagybajcs,Szakorvos ,171,3,0,3,0,0,1,1,1,3,2,1,0,0,0,1,0,0,0,1,1,1,0,1,1,5,1,0,1,2,0,3,370,1,0,1,2,1,0,0,0,0,1,0,0,1
4064,l1,male,54,Budakeszi,Szakorvos ,175,4,0,4,1,1,3,1,1,0,5,4,1,0,162619,1,0,0,0,1,0,0,0,1,0,4,0,0,0,2,0,4,881,3,1,1,1,2,0,1,1,0,0,0,1,3
4065,l1,female,39,Nagykanizsa,Szakorvos ,174,2,0,2,1,1,1,1,2,2,1,1,0,0,226966,1,0,0,0,1,0,1,1,0,1,5,0,0,0,0,0,0,0,3,1,1,3,2,1,1,2,0,0,0,0,2
4066,l1,male,62,Budakeszi,asztalos ,172,3,0,3,1,1,1,1,2,1,2,4,0,0,553237,1,0,1,0,1,0,0,1,1,1,1,2,1,1,0,0,1,0,3,2,1,1,2,1,1,2,0,1,1,0,4
4067,l1,female,46,Budakeszi,Szakorvos ,183,3,0,3,1,1,1,1,2,0,6,4,0,1,669514,0,0,0,0,1,1,1,1,0,0,1,1,0,1,0,2,0,233,1,0,1,3,1,0,1,2,2,1,1,0,1
4068,l0,male,58,Nagykanizsa,Lakatos ,165,3,0,3,1,1,1,1,1,2,3,4,0,0,0,0,0,0,0,0,1,0,1,1,1,0,1,0,1,2,0,0,296,1,0,1,2,1,1,0,1,1,1,0,0,0
4069,l0,male,36,Nagykanizsa,Lakatos ,167,1,0,3,1,1,2,1,2,2,2,1,0,1,0,1,0,1,0,1,0,0,1,1,0,3,0,0,1,0,0,4,71259,2,1,1,1,0,1,1,1,0,1,0,0,3
4070,l0,female,49,Budakeszi,asztalos ,179,4,0,3,1,1,1,1,6,3,0,0,0,1,313933,0,0,0,0,0,0,0,1,0,0,1,1,0,3,0,0,3,0,2,1,1,1,1,1,0,1,0,0,0,0,4
4071,l0,female,57,Nagybajcs,Lakatos ,176,4,2,1,1,1,1,1,1,2,3,1,0,0,0,1,0,0,0,1,0,0,1,1,0,1,1,0,1,0,0,0,162,2,1,1,1,1,0,1,1,0,1,0,0,1
4072,l0,male,25,Budakeszi,Lakatos ,170,4,0,3,1,1,1,1,1,1,0,0,0,0,295114,0,0,0,0,1,1,1,1,0,0,1,3,1,1,2,0,0,382,2,3,1,3,0,1,1,1,1,1,1,0,0
4073,l0,male,38,Nagykanizsa,asztalos ,147,0,0,3,1,1,1,1,1,2,0,0,0,1,467609,1,0,0,0,1,1,0,1,1,1,3,2,1,1,0,0,0,272,2,3,1,1,1,1,0,1,2,1,1,1,2
4074,l1,female,29,Nagykanizsa,Szakorvos ,171,1,0,3,1,1,1,1,1,2,3,4,0,0,289891,1,0,0,0,1,0,1,1,1,1,5,1,0,3,1,0,3,193,3,1,1,3,1,0,0,1,2,0,0,0,1
4075,l0,male,49,Nagykanizsa,asztalos ,176,3,0,3,0,1,1,1,1,2,0,0,0,0,541792,0,0,1,0,0,1,0,0,1,1,0,2,0,1,0,0,0,434,2,1,1,1,2,0,0,0,2,1,1,1,3
4076,l0,male,51,Budakeszi,Lakatos ,155,3,0,4,0,1,1,1,2,2,0,0,0,1,0,1,0,0,0,1,1,1,1,0,0,5,1,0,1,2,0,0,0,1,2,1,1,2,1,1,2,2,0,0,0,0
4077,l1,male,32,Nagybajcs,Szakorvos ,165,0,0,3,0,0,1,1,2,1,2,1,1,0,0,1,0,0,1,1,1,0,1,1,0,2,1,1,0,2,0,0,665,3,0,0,3,0,1,0,2,2,0,1,1,1
4078,l0,male,25,Nagykanizsa,asztalos ,166,4,0,1,1,1,2,1,3,2,4,4,0,0,101373,1,1,0,0,1,1,1,1,1,0,3,0,0,1,2,1,3,142,2,1,1,2,1,1,0,0,0,0,1,0,1
4079,l1,male,36,Nagykanizsa,Lakatos ,180,0,0,3,0,0,0,1,1,3,0,4,0,0,45787,0,0,0,0,1,0,0,1,1,1,5,1,0,1,0,0,0,360,1,1,1,0,1,1,1,1,0,0,1,1,3
4080,l0,male,63,Nagybajcs,asztalos ,159,4,0,3,0,1,3,1,2,2,0,0,0,0,378575,0,0,1,1,1,0,1,1,1,1,2,2,0,4,1,0,3,200,2,3,1,2,2,1,0,2,2,1,1,0,1
4081,l0,male,50,Budakeszi,Lakatos ,167,3,0,4,1,1,1,1,1,2,1,1,0,0,237085,1,0,0,0,1,1,0,1,1,0,1,1,0,1,0,0,0,0,2,3,1,3,1,0,0,0,0,0,0,0,3
4082,l0,female,32,Nagykanizsa,Szakorvos ,177,3,1,2,0,1,1,1,1,2,4,0,0,0,263259,1,0,0,0,1,0,0,0,0,0,1,1,1,1,2,1,1,414,2,1,1,2,2,0,0,0,2,1,1,0,1
4083,l0,female,35,Nagykanizsa,asztalos ,182,4,0,3,1,1,2,1,1,2,0,0,0,1,213976,0,0,1,0,1,0,0,1,1,1,3,1,0,4,4,2,4,3030,2,1,1,2,2,0,0,1,2,1,1,1,2
4084,l1,male,28,Nagykanizsa,Lakatos ,155,2,0,1,1,1,1,1,1,2,2,4,0,0,458202,0,0,0,0,1,1,1,1,0,0,5,2,1,1,0,2,0,140,3,3,1,2,2,1,0,1,0,0,1,1,1
4085,l1,female,42,Budakeszi,asztalos ,177,4,0,3,1,1,2,1,2,2,8,4,0,1,0,0,0,1,1,1,1,0,1,0,0,1,1,0,1,0,0,0,835,1,0,1,3,2,1,1,1,2,0,0,0,1
4086,l1,female,43,Budakeszi,Lakatos ,180,3,0,2,1,1,1,1,2,2,2,0,0,0,171761,0,0,0,0,1,1,0,1,1,0,0,1,0,0,2,0,4,363,3,2,1,2,2,1,1,1,0,1,0,0,3
4087,l1,male,37,Nagykanizsa,Lakatos ,170,1,0,1,1,1,1,1,1,3,3,1,0,1,161639,1,1,1,0,1,1,1,0,0,0,1,1,0,1,2,0,0,117,0,0,1,3,1,0,0,1,0,1,1,1,1
4088,l1,male,60,Budakeszi,Lakatos ,159,3,0,4,0,0,0,1,0,0,5,4,0,0,558451,1,0,1,0,1,0,1,1,1,1,2,1,0,0,0,1,1,457,2,1,1,1,1,1,1,1,0,0,1,0,2
4089,l1,female,64,Nagykanizsa,Lakatos ,163,4,1,4,1,1,1,0,1,3,0,0,0,0,372096,1,0,1,0,0,0,0,0,1,0,3,1,0,4,4,2,4,639,2,3,1,3,0,0,0,1,2,0,1,1,4
4090,l0,male,47,Nagybajcs,Lakatos ,174,4,0,3,0,1,1,1,3,3,2,0,0,0,0,1,0,0,0,0,0,1,0,0,0,0,2,0,1,0,0,0,15,1,1,1,0,0,0,1,2,2,1,0,0,2
4091,l0,female,52,Budakeszi,Lakatos ,171,1,1,3,1,1,1,0,1,3,0,0,0,1,0,1,0,0,1,1,1,0,0,1,1,4,1,0,1,0,0,1,977,1,0,1,3,1,1,1,2,2,1,0,0,1
4092,l0,male,34,Budakeszi,Szakorvos ,159,3,0,3,1,1,1,1,1,2,2,1,0,1,564308,1,0,0,0,0,1,0,1,1,1,1,1,0,3,0,0,3,219,3,1,0,1,2,1,0,2,2,0,0,0,4
4093,l0,male,60,Nagykanizsa,asztalos ,159,4,0,4,0,1,1,1,2,3,4,1,0,0,471394,0,0,1,0,1,1,0,0,0,0,0,2,1,4,2,1,0,468,3,3,1,2,2,0,0,1,0,1,1,1,1
4094,l1,male,61,Nagykanizsa,asztalos ,164,4,0,2,1,1,1,1,4,2,2,1,0,0,85353,1,1,0,0,1,1,1,1,1,1,2,1,0,1,0,1,3,179,2,0,1,3,2,0,0,2,2,0,1,1,3
4095,l0,female,56,Budakeszi,asztalos ,176,3,0,1,1,1,1,1,1,3,1,1,0,1,875041,1,0,1,1,1,0,0,0,0,0,0,1,0,0,2,0,3,0,2,3,1,1,1,1,0,2,2,1,1,1,1
4096,l1,male,25,Nagykanizsa,Szakorvos ,184,0,0,3,0,1,1,1,1,3,4,4,0,1,503813,0,0,0,0,0,1,1,1,1,1,2,1,0,1,0,0,0,0,2,1,1,1,2,0,1,1,2,0,1,1,1
4097,l1,male,37,Budakeszi,Szakorvos ,165,2,2,4,0,1,1,0,2,0,2,1,0,1,200737,0,0,0,0,1,0,0,0,1,1,5,0,0,1,2,1,1,5852,2,3,1,3,2,0,0,2,0,0,1,1,1
4098,l1,male,29,Nagykanizsa,Lakatos ,157,0,0,4,1,1,1,1,2,0,2,0,0,0,257602,1,0,0,1,0,1,0,1,1,1,0,1,0,3,3,3,4,308,2,1,1,1,2,1,0,1,2,0,1,1,3
4099,l0,male,45,Nagybajcs,Lakatos ,171,0,0,3,1,1,1,1,3,3,0,0,0,0,0,1,0,0,0,1,0,0,1,1,1,0,0,0,4,0,0,3,416,1,1,1,0,1,1,0,1,2,0,0,0,2
4100,l0,male,44,Budakeszi,Lakatos ,176,4,2,3,1,1,2,0,1,3,0,0,0,0,81381,0,0,0,0,1,0,1,1,1,1,5,1,0,0,0,0,4,3936,3,2,1,2,2,1,0,1,2,1,0,1,3
4101,l1,female,56,Nagykanizsa,Szakorvos ,179,1,0,4,1,1,2,1,3,2,0,0,0,1,260417,1,0,0,1,1,0,0,1,1,0,1,1,0,0,0,0,3,144,2,1,1,1,2,1,0,1,0,0,1,1,4
4102,l1,male,63,Budakeszi,Lakatos ,171,4,0,4,0,1,1,1,8,2,4,1,0,0,276724,1,0,1,0,1,1,1,0,0,0,1,0,1,1,0,3,4,243,3,3,1,2,2,1,0,0,2,0,1,1,1
4103,l0,female,35,Budakeszi,Lakatos ,176,4,0,3,0,1,1,1,2,2,1,1,0,1,112034,1,0,0,0,1,0,0,1,0,0,1,2,0,4,4,0,4,148,3,0,1,3,2,1,0,0,0,1,0,1,0
4104,l0,male,39,Nagykanizsa,Lakatos ,160,4,0,3,1,1,2,1,1,2,0,0,0,0,14726289,1,0,1,1,0,0,0,1,1,1,1,1,0,3,2,0,0,0,2,1,1,0,2,0,0,2,2,0,1,1,2
4105,l0,male,58,Nagykanizsa,Szakorvos ,176,1,0,1,1,1,1,1,2,2,4,1,0,1,0,1,0,1,0,1,0,1,1,1,0,3,1,0,1,2,0,1,388,2,1,1,1,2,0,0,0,0,1,0,0,1
4106,l1,male,50,Budakeszi,Lakatos ,170,3,2,3,1,1,1,1,2,1,0,0,0,1,0,1,0,0,0,1,0,0,1,1,1,3,1,0,4,1,1,4,456,3,0,1,3,2,0,0,1,0,0,0,0,1
4107,l0,male,61,Budakeszi,asztalos ,173,3,0,3,1,1,1,1,4,2,2,1,0,0,285898,0,0,0,0,0,0,0,0,0,0,1,1,0,1,2,0,0,0,2,1,1,0,1,0,0,1,0,0,1,0,3
4108,l0,male,36,Nagykanizsa,asztalos ,164,4,0,3,1,1,1,1,1,3,1,4,0,0,260578,0,0,1,0,1,0,1,1,1,1,5,1,0,4,2,0,0,279,2,1,1,1,0,0,0,0,0,1,1,0,2
4109,l1,male,49,Nagykanizsa,asztalos ,179,3,0,3,1,1,1,1,2,2,2,1,0,0,98464,0,0,1,0,0,1,0,0,1,0,4,2,0,0,1,0,1,328,2,2,1,3,1,1,1,1,0,1,1,0,1
4110,l1,male,39,Budakeszi,Szakorvos ,157,1,0,3,1,1,1,1,3,2,3,4,0,0,46287,1,0,0,0,1,1,1,1,1,0,1,1,0,1,2,0,0,0,2,1,1,3,2,1,1,1,0,1,1,1,3
4111,l1,male,60,Nagykanizsa,asztalos ,167,0,0,3,1,1,1,1,2,2,1,0,0,0,0,1,0,0,0,1,1,0,1,1,1,5,1,0,4,2,3,1,483,2,1,1,1,0,0,0,0,2,0,1,1,4
4112,l0,male,56,Nagykanizsa,asztalos ,176,4,0,3,0,1,2,1,1,0,0,0,0,0,160540,1,0,0,0,1,1,0,0,1,1,0,2,0,1,2,0,0,4935,3,2,1,1,2,1,1,1,2,0,1,0,0
4113,l0,male,25,Nagykanizsa,Szakorvos ,168,1,0,4,0,1,1,1,1,0,5,1,0,0,328002,0,1,0,1,0,0,0,1,0,0,1,1,0,1,0,0,0,466,2,1,1,1,1,0,0,2,2,0,0,0,0
4114,l0,female,27,Nagybajcs,asztalos ,174,4,0,3,0,1,1,1,1,3,3,1,0,0,230955,1,1,0,0,1,0,1,0,1,1,1,1,1,1,2,0,3,179,2,0,1,3,0,1,1,0,0,0,1,1,1
4115,l0,male,29,Nagybajcs,asztalos ,172,1,1,3,1,1,1,1,1,2,1,1,0,1,134287,1,0,0,1,1,0,1,0,0,0,5,1,0,1,0,0,1,173,3,3,1,1,1,1,0,2,2,0,0,0,0
4116,l0,male,48,Nagykanizsa,asztalos ,166,0,0,3,1,1,1,1,3,1,2,4,0,0,0,1,1,0,0,0,0,0,1,0,0,2,0,0,3,1,4,3,4749,2,1,1,1,2,0,0,1,0,0,1,1,2
4117,l0,male,56,Budakeszi,asztalos ,160,0,0,3,1,1,1,1,2,3,1,1,0,1,269185,1,0,0,1,1,0,1,1,1,0,1,3,0,1,0,1,4,515,3,3,1,1,2,1,1,2,2,1,1,1,1
4118,l0,male,25,Budakeszi,asztalos ,153,0,0,3,1,1,1,1,2,0,1,1,0,0,155171,0,0,0,0,1,0,0,1,1,1,3,1,0,1,2,1,3,474,3,1,1,1,0,1,1,2,0,1,0,0,1
4119,l0,female,60,Budakeszi,Lakatos ,166,0,0,2,1,1,2,1,1,3,4,1,0,0,501613,1,1,0,0,0,1,0,1,1,0,1,1,0,1,2,0,4,0,2,1,1,1,0,1,1,0,0,0,0,0,1
4120,l1,female,31,Nagybajcs,Szakorvos ,178,0,0,2,0,1,2,1,2,2,8,1,0,0,0,1,1,0,0,1,0,0,1,1,1,2,0,0,1,2,0,0,0,2,0,1,3,2,0,0,0,0,0,0,1,0
4121,l0,male,37,Budakeszi,asztalos ,168,3,0,3,0,1,1,1,2,1,0,0,0,1,382549,1,0,0,0,1,0,1,1,1,0,3,1,0,1,0,0,0,52,2,0,0,2,2,1,1,2,0,1,0,0,4
4122,l0,female,56,Budakeszi,asztalos ,176,0,0,3,1,1,1,1,1,2,1,0,0,1,534719,1,0,1,0,1,1,1,1,1,1,1,2,0,0,0,0,4,0,1,3,1,3,2,1,0,1,0,0,0,1,1
4123,l1,male,27,Nagykanizsa,Szakorvos ,168,4,0,2,1,1,2,1,1,3,3,1,0,0,0,1,0,0,0,0,0,0,1,0,0,1,1,0,1,0,0,0,119,2,1,1,3,1,0,0,1,0,0,0,0,1
4124,l0,male,60,Budakeszi,asztalos ,151,3,0,3,0,1,1,1,3,2,3,1,0,0,8848,0,0,0,0,1,1,0,1,1,1,1,1,1,1,0,0,1,0,3,3,1,3,2,0,0,1,0,0,1,0,1
4125,l1,male,47,Budakeszi,Lakatos ,175,1,1,4,1,1,1,1,1,2,4,1,0,0,346521,1,0,1,0,1,0,1,0,0,0,0,1,0,1,0,0,4,334,2,0,1,1,2,1,1,1,0,0,0,0,1
4126,l1,female,49,Budakeszi,Szakorvos ,190,0,0,2,1,1,1,1,1,2,1,1,0,1,262174,1,0,0,0,1,0,0,0,1,0,0,1,0,0,2,0,1,939,2,1,1,3,2,0,0,1,0,1,1,1,1
4127,l0,male,50,Nagykanizsa,asztalos ,172,0,0,1,1,1,2,1,2,3,1,0,0,0,6693786,1,1,0,0,1,1,1,1,1,1,5,2,0,1,0,0,0,0,3,1,1,1,1,1,0,1,2,1,1,0,0
4128,l0,male,28,Budakeszi,Lakatos ,159,0,0,1,1,1,1,1,2,2,1,0,0,1,10574251,1,0,0,0,1,0,0,0,0,0,1,2,0,3,1,0,4,689,2,1,1,3,0,1,0,2,1,0,0,0,2
4129,l1,male,55,Nagykanizsa,asztalos ,162,0,2,3,1,1,1,1,3,2,4,4,0,0,309477,0,0,1,1,1,1,1,0,0,0,3,2,0,4,2,3,3,719,2,1,1,3,2,1,1,2,2,0,1,0,3
4130,l0,male,43,Budakeszi,Lakatos ,159,4,0,4,0,1,1,1,2,2,2,1,0,0,0,1,0,0,0,1,1,1,1,1,0,5,1,1,1,0,0,0,189,3,3,1,1,2,0,0,1,0,0,1,0,1
4131,l0,male,61,Budakeszi,asztalos ,156,3,0,3,1,1,1,1,1,2,1,1,0,1,221048,1,0,1,0,1,0,1,1,1,1,1,1,0,1,2,1,3,303,2,3,1,0,0,0,0,2,0,1,1,1,1
4132,l1,female,43,Budakeszi,Szakorvos ,180,4,0,0,1,1,1,1,1,3,0,0,0,1,358255,0,0,1,0,1,0,0,1,1,1,2,1,1,1,2,2,4,5304,1,3,0,3,1,1,0,1,2,0,1,0,1
4133,l0,male,27,Nagykanizsa,asztalos ,167,0,1,3,1,1,1,1,3,3,3,1,0,1,0,1,1,0,0,1,0,1,1,1,0,1,2,0,1,0,0,1,0,2,1,1,3,0,0,0,2,2,1,0,0,1
4134,l1,male,62,Budakeszi,Lakatos ,163,4,2,1,1,1,2,1,1,2,0,0,0,1,0,1,0,0,1,1,1,0,0,1,0,3,1,0,4,0,0,4,268,3,0,1,1,2,0,0,1,1,1,1,1,1
4135,l1,male,37,Nagykanizsa,Szakorvos ,172,3,0,3,0,1,1,1,1,2,2,1,0,1,415828,1,0,0,0,1,0,1,1,0,0,3,0,1,1,2,1,1,441,1,0,1,1,0,0,0,0,0,0,1,0,3
4136,l1,male,27,Budakeszi,Szakorvos ,164,4,0,3,1,1,1,1,2,2,7,4,0,0,142759,1,0,0,0,1,0,0,1,1,0,1,1,0,1,0,0,1,224,2,0,1,3,1,0,0,0,0,0,1,0,1
4137,l0,male,59,Nagykanizsa,asztalos ,161,4,0,0,1,1,1,1,1,2,2,1,0,0,0,1,0,0,0,0,1,0,1,1,0,0,0,0,1,1,0,0,70,2,2,1,3,2,0,0,1,0,0,1,1,1
4138,l1,male,44,Nagykanizsa,asztalos ,170,4,0,3,1,1,1,1,2,2,3,4,0,0,573414,0,0,0,0,1,0,0,0,1,1,5,2,0,0,1,0,3,0,2,1,1,3,2,1,0,2,0,1,0,0,2
4139,l0,female,62,Budakeszi,asztalos ,170,4,1,3,0,1,1,1,1,1,2,0,0,0,72565,0,0,0,0,1,0,0,0,1,0,4,1,0,1,2,0,3,300,3,1,0,0,0,0,0,1,2,1,1,0,1
4140,l0,male,25,Nagykanizsa,asztalos ,163,3,0,3,1,1,1,1,1,2,4,1,0,0,109324,1,0,0,0,1,1,1,1,1,0,5,1,0,1,0,2,3,8706,2,0,1,3,0,0,0,1,0,1,1,1,0
4141,l1,female,42,Nagybajcs,Lakatos ,183,0,2,4,1,1,1,1,1,2,1,1,0,1,0,1,0,1,0,0,0,1,1,1,1,1,1,0,4,2,0,0,0,2,3,1,1,2,1,1,2,0,1,1,1,3
4142,l1,male,54,Budakeszi,asztalos ,173,3,0,3,1,1,1,1,1,2,3,1,0,0,0,1,0,0,1,1,0,0,0,1,0,0,1,0,1,2,2,4,237,2,1,1,3,0,1,1,2,2,1,1,1,2
4143,l0,male,50,Budakeszi,Lakatos ,154,3,0,1,1,1,1,1,0,3,0,0,0,0,0,0,0,0,0,1,1,0,0,1,0,5,2,0,1,0,0,3,644,3,3,0,1,0,1,0,1,2,1,0,1,1
4144,l0,male,56,Budakeszi,Lakatos ,162,0,0,1,1,1,1,1,2,2,2,0,0,0,0,1,0,1,0,1,0,1,1,1,1,1,1,0,1,0,0,0,0,1,0,1,1,2,1,1,1,0,1,0,0,1
4145,l0,male,40,Nagybajcs,asztalos ,173,3,2,1,0,1,1,1,1,3,2,1,0,0,0,1,0,0,0,1,0,1,1,1,0,0,1,0,0,2,0,4,52,3,3,1,2,2,1,1,1,2,1,1,0,1
4146,l1,male,34,Nagybajcs,Lakatos ,166,0,0,1,1,1,2,1,2,2,0,0,0,0,14320126,1,0,1,0,1,1,0,0,0,0,0,1,1,1,0,0,0,2056,3,3,1,3,2,0,0,1,0,0,0,0,1
4147,l0,male,63,Nagybajcs,asztalos ,175,4,0,1,0,1,1,1,2,3,3,1,0,1,697104,0,0,0,0,0,0,0,1,1,0,1,1,0,3,0,0,0,567,2,1,1,1,2,0,0,1,2,0,1,0,1
4148,l1,male,34,Nagykanizsa,Szakorvos ,172,3,2,3,1,1,1,1,7,3,6,4,0,1,45841,1,0,0,0,1,0,0,1,1,1,1,1,0,1,2,3,4,23149,1,1,1,1,3,1,1,1,0,1,0,0,3
4149,l1,female,57,Budakeszi,asztalos ,161,3,0,3,1,0,1,1,3,2,3,1,0,0,258131,0,0,1,0,1,0,1,0,0,0,5,1,0,1,2,0,3,834,2,2,1,1,1,0,0,2,0,1,1,0,1
4150,l1,male,47,Budakeszi,asztalos ,176,1,0,3,0,1,1,1,2,3,1,1,0,1,0,0,0,0,0,0,1,1,1,1,1,1,2,1,1,2,0,3,152,3,1,1,3,1,0,1,2,2,0,1,0,3
4151,l1,male,62,Nagykanizsa,Szakorvos ,173,4,0,4,0,1,1,1,1,2,1,1,0,1,186923,1,0,0,0,1,1,1,1,1,1,0,3,1,0,0,0,0,0,3,1,1,3,2,0,0,1,1,1,1,0,3
4152,l1,male,56,Nagybajcs,Lakatos ,158,4,0,4,0,1,1,1,2,2,3,0,0,1,244824,0,0,0,0,0,1,1,1,1,1,0,1,0,1,0,0,3,575,2,3,1,2,1,0,0,1,2,1,0,1,2
4153,l1,male,34,Budakeszi,asztalos ,176,0,0,3,0,1,1,1,1,2,0,3,0,0,0,1,1,0,0,0,1,1,1,0,0,1,1,1,1,0,4,3,443,2,3,1,3,2,1,0,1,2,0,1,0,1
4154,l0,male,49,Nagykanizsa,Szakorvos ,172,1,0,2,1,1,1,1,3,2,2,1,0,0,479267,1,1,1,0,1,1,0,1,1,1,5,0,1,1,0,0,0,432,3,0,1,3,1,0,0,2,1,1,1,0,3
4155,l1,male,63,Budakeszi,Lakatos ,178,3,0,3,1,1,1,1,2,2,2,0,0,0,682792,0,0,1,1,1,1,0,0,0,0,5,0,0,0,0,0,3,254,2,2,1,1,2,1,0,2,2,0,1,1,2
4156,l1,male,36,Budakeszi,Lakatos ,153,0,0,4,0,1,1,1,0,2,3,1,0,1,416745,1,0,0,0,1,0,0,0,0,0,0,2,0,1,0,0,3,408,1,0,0,1,0,1,0,1,0,0,1,1,1
4157,l1,female,47,Nagybajcs,asztalos ,178,4,0,3,0,1,1,1,1,3,1,0,0,0,0,0,0,1,0,1,1,1,1,1,1,1,2,0,1,0,0,4,4099,2,0,1,1,2,1,0,0,0,0,1,1,1
4158,l0,male,51,Nagykanizsa,Szakorvos ,171,4,0,3,1,1,1,1,1,2,2,4,0,1,228962,1,1,1,0,1,1,1,1,1,0,5,1,0,1,2,0,1,230,2,1,1,3,2,0,0,1,1,0,0,0,4
4159,l0,male,42,Nagybajcs,Szakorvos ,162,0,0,3,0,1,1,1,1,0,0,0,0,1,616306,1,0,1,1,0,0,0,1,1,1,1,2,0,0,0,1,0,693,2,1,1,1,2,1,1,2,2,1,0,0,3
4160,l0,male,52,Budakeszi,Lakatos ,165,2,0,1,1,1,1,1,2,2,1,1,0,0,216443,1,1,0,0,1,0,0,1,1,0,1,1,0,1,2,0,0,467,2,0,1,1,2,0,1,1,0,1,0,0,1
4161,l1,male,54,Budakeszi,Szakorvos ,157,0,0,3,0,1,0,1,2,2,0,0,0,0,295408,1,0,0,0,1,0,0,0,1,0,4,0,0,1,0,0,3,168,2,1,1,3,0,0,0,0,0,1,1,1,2
4162,l1,male,64,Budakeszi,Szakorvos ,173,0,2,3,1,1,2,1,1,2,0,0,0,0,127050,1,0,0,0,1,0,0,1,1,1,0,0,0,1,0,0,3,66,2,1,1,1,1,0,0,2,2,0,0,0,3
4163,l1,male,34,Nagykanizsa,Lakatos ,159,3,2,4,1,1,1,1,2,2,2,4,0,1,448602,0,0,0,0,0,1,0,1,1,1,0,1,0,1,0,3,3,814,2,1,1,1,1,1,1,1,0,1,1,1,1
4164,l1,male,30,Nagykanizsa,Szakorvos ,172,4,2,4,1,1,1,0,2,2,0,1,0,1,148664,1,0,1,0,1,0,1,1,1,1,5,0,1,0,2,0,0,269,3,3,1,1,1,0,0,1,2,0,0,0,0
4165,l1,male,27,Budakeszi,Lakatos ,167,3,0,3,1,1,1,1,2,2,0,0,0,1,405657,0,0,0,0,1,0,0,1,1,1,2,0,0,3,0,1,1,532,2,0,1,1,0,1,1,1,0,1,1,0,3
4166,l1,male,41,Nagykanizsa,Szakorvos ,163,4,0,4,1,1,1,1,3,3,2,1,0,0,77565,0,0,0,0,1,1,1,0,1,0,4,1,0,1,3,1,2,452,1,3,1,2,0,1,0,1,0,1,1,0,1
4167,l1,male,56,Budakeszi,Lakatos ,169,3,0,4,1,1,2,1,1,3,5,4,0,0,116070,1,0,1,1,1,0,0,1,0,0,5,1,0,1,0,1,3,0,3,0,1,3,2,1,1,1,2,1,0,0,4
4168,l0,female,25,Budakeszi,asztalos ,174,3,0,1,0,1,1,1,1,2,2,1,0,0,167612,1,0,0,0,1,0,0,1,1,1,4,2,0,1,0,0,3,4631,3,3,1,1,2,1,1,1,2,2,0,0,3
4169,l1,male,61,Nagykanizsa,Szakorvos ,162,3,0,3,1,1,1,1,1,2,4,4,0,0,0,1,0,1,0,1,1,0,1,0,0,5,1,0,1,0,1,3,88,2,1,1,1,2,0,0,1,0,1,1,1,2
4170,l0,male,58,Nagykanizsa,Lakatos ,172,4,2,3,1,1,2,1,3,3,0,0,0,0,0,1,0,1,0,1,1,1,1,1,1,5,1,0,1,2,0,0,208,3,1,1,1,1,1,0,1,2,1,1,1,0
4171,l0,male,27,Budakeszi,asztalos ,157,4,0,3,1,1,1,1,1,2,0,0,0,0,0,1,0,1,0,1,1,1,1,1,0,1,1,0,1,0,1,1,552,2,0,1,1,1,1,0,0,0,1,1,1,0
4172,l1,male,46,Budakeszi,Lakatos ,164,4,2,4,1,1,1,1,2,2,1,1,0,0,130729,1,0,0,0,1,1,1,1,1,0,1,2,0,4,2,1,4,449,2,1,1,1,1,1,1,0,0,1,1,1,0
4173,l0,male,25,Budakeszi,Lakatos ,164,0,0,2,1,1,1,1,1,2,0,0,0,0,0,1,0,1,1,1,1,1,1,1,1,1,1,1,1,0,0,4,5334,3,3,1,1,2,1,1,1,2,0,0,0,0
4174,l0,female,29,Nagykanizsa,Lakatos ,170,0,2,2,1,1,1,0,2,3,3,1,0,1,240392,1,1,0,0,1,0,1,1,1,0,4,0,0,1,2,0,0,198,2,1,1,1,2,1,0,1,1,1,1,1,1
4175,l0,male,31,Budakeszi,Lakatos ,164,4,2,4,1,1,1,1,2,2,0,0,0,0,0,1,0,0,0,1,0,1,1,1,1,3,0,0,1,0,3,3,72487,3,1,1,3,1,0,0,1,0,1,0,0,0
4176,l1,male,50,Nagykanizsa,asztalos ,171,3,2,3,0,1,1,0,2,2,4,4,0,1,365897,1,0,0,0,1,0,0,1,1,1,3,2,0,1,2,0,1,0,3,1,1,1,1,0,0,2,0,0,1,1,2
4177,l1,male,48,Budakeszi,Szakorvos ,166,3,0,3,1,1,1,0,1,2,1,0,0,0,223378,1,0,1,0,1,0,0,1,1,1,1,1,0,1,0,0,4,304,3,3,1,1,2,1,0,2,2,1,1,0,0
4178,l0,male,41,Budakeszi,Lakatos ,178,0,1,4,0,1,1,1,1,2,0,0,0,0,118277,1,0,1,1,1,1,0,1,1,1,2,1,1,4,0,0,0,0,2,0,1,3,2,1,0,1,0,0,1,1,1
4179,l1,female,46,Budakeszi,Szakorvos ,169,4,0,3,1,1,2,1,2,3,0,0,0,0,0,1,0,0,1,1,1,1,0,1,1,1,1,0,4,2,0,1,184,2,1,1,3,2,0,0,2,2,1,1,1,0
4180,l1,male,33,Nagykanizsa,Lakatos ,172,3,0,3,1,1,1,1,1,2,2,1,0,1,477025,1,0,1,0,1,0,0,0,1,1,1,3,0,1,2,0,3,223,3,1,1,3,2,1,1,1,2,0,1,1,3
4181,l1,male,38,Budakeszi,asztalos ,158,1,0,3,1,1,1,1,2,2,0,4,0,0,697543,0,0,1,0,1,0,0,1,1,0,2,1,0,1,2,0,3,52,2,1,1,0,1,0,0,1,0,1,1,1,2
4182,l1,female,38,Budakeszi,Lakatos ,161,4,2,3,1,1,2,1,1,2,0,0,0,0,27027,0,0,1,0,1,1,0,1,1,1,3,1,0,0,0,0,2,583,3,2,1,1,2,1,0,2,0,1,1,1,0
4183,l0,male,54,Budakeszi,asztalos ,166,4,0,3,1,1,1,1,1,2,2,4,0,0,0,0,0,0,0,1,1,0,1,1,1,0,2,0,0,0,0,3,378,1,1,1,0,2,0,0,1,2,1,1,0,1
4184,l1,female,54,Nagykanizsa,Szakorvos ,176,3,2,4,1,1,1,1,7,3,0,0,0,1,753795,1,0,1,0,0,1,0,0,1,0,1,1,0,1,0,2,0,572,2,1,0,0,2,1,1,2,2,1,1,1,4
4185,l0,male,64,Nagykanizsa,Lakatos ,158,4,0,4,1,1,2,1,1,2,1,0,0,1,0,1,0,1,0,0,0,0,1,0,0,0,1,0,4,2,0,4,141,2,0,1,1,2,0,0,1,0,0,1,0,1
4186,l1,male,62,Budakeszi,Szakorvos ,178,4,1,3,0,0,0,1,2,2,7,1,0,1,29298,1,1,0,0,1,0,0,1,1,1,3,1,0,4,2,1,4,6795,2,0,1,1,2,1,1,1,2,0,1,1,1
4187,l0,male,27,Budakeszi,Lakatos ,173,1,2,4,0,0,0,1,0,3,0,2,0,0,118420,0,0,0,1,1,1,0,1,1,1,5,1,0,0,2,0,3,5795,3,3,0,3,1,1,0,2,0,0,1,0,1
4188,l1,female,29,Nagykanizsa,Lakatos ,182,3,0,2,0,1,1,1,1,3,2,0,0,0,311171,0,0,0,0,1,1,0,1,0,0,3,1,0,1,2,0,0,519,2,3,1,2,1,0,0,1,0,1,1,1,1
4189,l1,male,39,Budakeszi,asztalos ,162,0,0,3,1,1,1,1,1,3,0,0,0,0,0,1,0,0,1,0,1,1,1,1,1,1,2,0,1,1,0,3,466,2,1,1,3,1,0,0,1,0,1,1,1,4
4190,l1,male,40,Nagykanizsa,Lakatos ,164,0,0,3,1,1,1,1,2,0,0,4,0,0,0,0,0,0,0,0,0,1,1,1,0,1,1,0,4,0,0,1,0,2,0,1,1,0,1,0,1,2,0,1,1,1
4191,l1,male,57,Nagykanizsa,Szakorvos ,168,3,0,3,1,1,1,1,1,2,3,1,0,1,646982,0,0,1,0,1,1,1,1,1,0,0,3,0,0,1,0,3,0,2,3,1,1,2,0,0,0,2,1,0,1,3
4192,l1,male,43,Nagykanizsa,Lakatos ,163,2,0,3,1,1,1,1,1,3,5,1,1,0,0,1,0,0,0,1,1,1,1,1,0,5,2,0,1,2,0,3,71027,1,1,1,3,2,0,0,1,0,0,0,0,0
4193,l1,female,48,Nagykanizsa,Lakatos ,158,3,0,1,0,1,2,1,2,3,3,1,1,0,54828,1,0,0,0,1,1,1,1,1,0,1,1,0,0,1,0,4,0,2,1,1,3,2,0,0,1,0,0,1,1,0
4194,l1,female,36,Nagybajcs,Szakorvos ,198,3,0,4,1,1,1,0,1,3,8,4,0,0,0,1,0,0,1,1,1,1,0,1,1,3,1,0,4,2,0,0,0,2,1,1,2,1,1,1,2,2,1,1,1,1
4195,l1,male,56,Budakeszi,Lakatos ,160,0,2,4,1,1,1,1,1,3,2,1,0,1,453644,1,0,0,0,1,1,0,1,1,0,5,1,0,4,3,0,3,600,2,1,1,3,1,0,0,1,2,1,0,0,1
4196,l1,male,65,Nagykanizsa,Lakatos ,164,4,0,3,1,1,1,1,2,1,1,1,0,0,245081,1,0,0,0,0,0,0,0,0,1,3,1,1,3,2,0,3,116,2,1,1,1,2,1,1,1,0,1,0,0,3
4197,l1,male,57,Nagykanizsa,Lakatos ,167,4,0,4,0,1,1,0,0,2,0,0,0,0,0,1,0,0,0,1,1,0,0,1,1,2,2,0,1,0,2,3,0,2,3,1,3,2,1,0,0,2,0,1,0,0
4198,l1,male,47,Nagybajcs,asztalos ,164,0,2,4,0,1,1,1,1,0,4,4,0,0,289094,1,0,0,0,1,0,1,0,0,0,2,2,0,1,2,0,4,178,2,1,1,3,2,1,1,1,0,0,0,0,2
4199,l1,male,53,Nagykanizsa,Lakatos ,165,4,0,4,1,1,1,1,1,2,0,0,0,1,513897,0,0,1,1,1,1,0,1,0,0,1,1,0,1,0,0,0,351,1,0,1,1,1,1,0,2,2,1,0,0,1
4200,l0,female,38,Nagybajcs,Lakatos ,179,4,0,1,1,1,1,1,2,2,1,0,0,0,499805,1,0,1,0,1,1,0,0,1,1,5,3,0,4,0,0,0,0,2,3,1,3,0,0,0,1,0,0,0,1,1
4201,l1,male,48,Nagykanizsa,Lakatos ,150,4,0,3,0,1,1,1,2,2,2,1,0,0,188802,1,1,1,0,1,0,0,0,1,0,4,1,0,1,2,0,0,428,2,1,1,1,0,1,1,1,2,0,0,0,1
4202,l1,male,45,Budakeszi,Szakorvos ,169,4,1,4,0,1,1,1,1,2,2,4,0,0,163203,0,1,1,0,0,0,1,1,1,1,5,1,0,1,0,2,0,254,2,2,1,1,2,0,0,1,2,1,1,1,4
4203,l1,female,31,Budakeszi,Szakorvos ,177,0,0,4,1,1,1,1,2,3,0,0,0,1,256540,1,1,0,0,1,1,0,1,1,0,3,1,0,1,0,0,3,0,2,2,1,3,1,0,0,0,0,1,1,0,4
4204,l1,male,57,Nagykanizsa,asztalos ,155,4,0,2,1,1,1,1,1,3,0,0,0,0,0,0,0,0,0,1,0,1,0,1,0,2,1,0,3,2,0,3,566,2,1,1,3,1,0,1,1,0,0,1,0,2
4205,l0,male,39,Nagykanizsa,Lakatos ,171,1,0,3,0,0,1,1,0,3,8,4,0,1,26301,1,0,0,0,1,1,0,1,0,0,1,1,0,0,0,0,4,52,2,1,1,1,2,1,0,0,0,0,1,1,2
4206,l1,female,39,Nagybajcs,Szakorvos ,167,4,2,2,1,1,1,1,1,2,1,0,0,0,95583,1,0,1,0,1,1,0,0,0,0,5,2,1,1,0,0,3,0,2,1,1,2,2,1,0,1,0,1,1,0,1
4207,l0,female,27,Nagybajcs,Lakatos ,178,0,1,4,1,1,1,1,1,2,1,1,0,0,88819,1,0,0,0,1,1,0,1,1,0,3,0,0,4,0,1,4,332,2,0,1,2,2,1,0,1,0,0,1,1,1
4208,l1,male,65,Budakeszi,Szakorvos ,170,1,2,3,0,1,1,1,1,3,7,4,0,0,196762,1,0,0,0,1,1,0,0,0,0,1,1,0,1,2,0,3,439,2,1,1,0,1,1,0,1,2,0,1,0,3
4209,l1,male,43,Nagykanizsa,Szakorvos ,163,4,0,2,0,1,1,1,4,3,5,1,0,0,301901,1,0,0,0,1,0,0,1,0,0,0,3,0,1,0,1,3,650,1,0,1,1,1,1,0,1,0,0,0,0,3
4210,l1,female,63,Budakeszi,asztalos ,177,0,0,3,1,1,1,1,2,2,0,0,0,0,352569,1,0,0,1,1,1,1,1,1,1,4,1,0,1,0,0,4,498,2,1,1,3,2,1,1,2,2,0,1,1,1
4211,l1,male,26,Nagykanizsa,Szakorvos ,169,0,0,4,0,1,1,1,1,0,4,1,0,0,258039,1,0,0,0,0,0,0,0,1,0,1,1,0,0,0,1,1,453,3,1,1,0,1,0,0,0,0,0,1,1,2
4212,l0,male,55,Nagykanizsa,Lakatos ,173,0,0,3,1,1,1,1,1,2,4,0,0,0,0,1,1,1,0,1,1,1,1,1,1,1,1,0,0,0,0,1,0,2,0,1,1,0,1,1,0,0,1,1,1,1
4213,l0,male,33,Budakeszi,Lakatos ,171,1,0,4,0,1,1,1,1,3,3,1,0,0,159415,1,0,0,0,1,1,1,0,1,1,5,1,1,3,0,0,0,0,3,3,1,3,2,0,0,0,0,0,0,0,1
4214,l0,male,60,Nagybajcs,asztalos ,174,3,0,0,1,1,1,1,1,2,13,0,0,1,533987,1,0,1,0,1,1,1,1,1,0,1,1,0,0,0,0,0,0,2,1,1,1,2,0,0,0,0,1,0,0,2
4215,l1,female,34,Budakeszi,Szakorvos ,168,3,1,3,0,1,1,1,1,3,0,0,0,1,248824,1,0,1,0,1,0,0,1,1,1,2,0,0,1,0,0,0,43500,2,2,1,1,0,1,1,2,0,1,0,0,1
4216,l0,male,47,Nagybajcs,Lakatos ,169,4,0,3,1,1,1,1,1,2,2,0,0,1,59021,0,0,0,1,0,1,1,1,1,0,1,1,0,1,0,0,0,0,1,0,1,1,2,0,1,1,0,1,0,1,0
4217,l0,male,53,Nagykanizsa,Lakatos ,156,4,1,4,0,1,1,1,1,0,1,1,0,1,109883,1,1,0,0,1,1,0,1,1,1,0,0,0,1,0,0,0,434,2,1,1,2,2,0,0,2,2,2,0,0,1
4218,l1,male,44,Budakeszi,Szakorvos ,170,3,0,3,1,1,2,1,1,0,5,1,0,1,177041,1,0,0,0,1,0,1,1,1,1,1,1,0,0,0,1,4,753,3,3,1,3,2,1,1,1,0,1,1,1,2
4219,l0,female,33,Nagybajcs,asztalos ,172,1,2,1,0,1,1,1,1,2,6,4,0,0,401304,1,0,1,0,1,0,0,0,0,0,1,0,0,0,2,0,0,0,1,0,1,2,2,0,0,1,0,0,1,0,1
4220,l0,female,26,Budakeszi,Lakatos ,161,2,0,3,0,1,1,1,2,3,1,1,0,1,338885,1,0,1,0,1,0,1,1,0,0,2,2,0,1,0,2,4,4921,2,1,1,1,1,1,0,0,0,1,1,1,3
4221,l0,male,31,Nagykanizsa,Lakatos ,174,4,0,1,1,1,1,0,1,0,0,0,0,0,148383,0,0,1,0,1,0,0,1,1,1,1,1,0,1,2,0,0,0,2,1,1,1,1,1,1,1,0,1,0,0,0
4222,l1,female,36,Nagykanizsa,Lakatos ,182,0,0,1,1,1,1,1,1,2,7,4,0,0,409196,0,0,0,0,1,0,0,0,0,1,5,1,0,1,0,0,4,7141,2,1,1,2,2,1,1,1,2,1,1,1,1
4223,l0,male,57,Budakeszi,Lakatos ,172,4,0,4,1,1,1,1,2,0,3,4,0,0,265435,0,0,0,0,1,0,1,1,1,1,3,2,0,4,0,1,3,7937,2,1,1,2,1,1,1,1,1,0,1,0,1
4224,l1,male,55,Nagykanizsa,Szakorvos ,165,1,0,3,0,1,2,1,1,2,1,1,0,1,458751,1,0,0,0,0,0,1,0,1,1,1,1,0,1,0,1,3,800,2,1,1,1,2,1,0,2,2,0,1,1,1
4225,l0,male,59,Nagykanizsa,asztalos ,184,4,0,3,1,1,1,1,3,2,1,4,0,0,0,1,0,0,0,0,0,0,1,0,0,1,1,0,0,0,0,0,0,1,1,1,1,2,0,0,1,0,1,1,0,1
4226,l0,male,61,Budakeszi,Szakorvos ,155,3,0,3,1,0,1,1,3,2,1,0,0,0,21472,1,0,1,0,1,0,1,0,1,1,1,1,0,1,2,3,4,348,2,1,1,0,2,1,0,1,0,0,1,1,3
4227,l1,male,26,Nagykanizsa,Lakatos ,169,4,2,3,1,1,1,1,1,2,7,4,0,0,101173,1,0,1,1,1,1,0,1,1,1,0,1,0,1,0,1,3,508,3,3,1,1,0,1,1,2,2,1,1,0,1
4228,l1,male,31,Nagykanizsa,Szakorvos ,153,0,0,3,1,1,1,1,3,2,10,0,0,0,0,1,0,0,0,0,0,0,1,0,0,0,0,0,3,2,0,0,577,1,3,1,1,2,0,0,2,2,0,0,0,1
4229,l1,male,37,Nagykanizsa,Szakorvos ,169,3,0,4,1,1,2,1,1,1,2,0,0,0,266854,1,0,0,0,1,0,0,1,1,0,5,1,0,1,1,0,3,0,2,1,1,3,2,1,1,1,0,0,1,0,2
4230,l1,male,26,Budakeszi,Szakorvos ,169,4,0,3,0,0,1,1,1,3,1,1,0,0,513581,1,0,1,0,1,0,1,1,1,1,4,0,0,1,2,1,4,600,2,3,1,2,1,1,0,1,1,0,0,1,4
4231,l1,female,35,Nagykanizsa,Lakatos ,176,1,0,2,1,1,1,1,2,2,7,4,0,0,515517,1,0,0,0,1,1,0,1,1,1,0,1,0,3,2,4,2,390,0,1,1,1,2,0,0,0,0,1,1,0,3
4232,l1,female,42,Budakeszi,Szakorvos ,177,3,0,3,1,1,2,1,1,2,3,4,0,0,563709,1,0,0,1,1,1,0,1,1,1,1,1,0,1,2,0,0,448,2,0,1,1,2,1,1,2,2,0,0,0,1
4233,l1,male,29,Nagykanizsa,Lakatos ,169,3,2,4,1,1,1,1,1,2,1,0,0,0,386607,1,0,0,0,1,0,0,1,1,1,5,1,0,1,2,0,1,36,1,0,1,1,2,0,0,1,0,0,1,1,3
4234,l0,male,35,Nagybajcs,asztalos ,171,0,0,3,1,1,1,0,4,0,2,1,0,1,96352,0,0,0,0,0,1,0,0,0,0,1,2,0,1,0,0,1,204,3,3,1,1,1,1,1,2,0,0,1,0,1
4235,l0,male,43,Budakeszi,Lakatos ,170,4,2,1,0,1,1,1,1,3,8,4,0,0,0,1,0,0,0,1,0,0,0,1,1,3,3,0,4,0,0,4,180,1,0,1,1,0,0,1,1,0,0,0,0,1
4236,l1,female,52,Nagykanizsa,Szakorvos ,160,4,0,3,1,1,0,1,1,2,2,0,0,1,211407,1,1,0,0,1,1,1,0,1,0,0,0,0,1,0,0,0,325,3,1,1,1,2,1,0,1,1,1,1,1,1
4237,l0,male,52,Nagykanizsa,asztalos ,171,0,0,3,1,1,2,1,0,2,3,4,0,0,76312,1,0,0,0,1,0,1,1,1,1,5,2,1,1,0,1,3,7164,2,1,1,3,0,0,0,1,0,1,0,0,2
4238,l1,male,57,Nagybajcs,Szakorvos ,173,2,0,4,1,1,2,1,2,3,3,1,0,1,189380,1,1,0,0,0,0,1,1,1,1,0,0,0,1,0,1,2,4885,2,3,0,1,0,0,0,1,0,0,1,1,2
4239,l0,male,40,Budakeszi,Lakatos ,165,4,0,3,1,1,1,1,1,0,0,0,0,0,0,0,0,0,0,1,1,1,0,1,1,3,2,0,4,2,1,0,256,2,2,1,2,2,0,0,1,2,1,1,0,3
4240,l0,female,42,Budakeszi,Szakorvos ,175,3,0,3,0,1,1,1,1,3,0,0,0,1,441527,0,0,1,0,1,0,0,1,1,1,1,1,1,0,2,0,3,334,2,0,1,0,1,1,1,2,2,1,1,1,0
4241,l0,female,41,Budakeszi,asztalos ,173,4,2,3,1,1,2,0,1,2,3,1,0,0,0,1,0,0,0,0,0,1,1,1,1,3,2,0,1,2,0,2,0,3,0,1,2,2,0,1,1,0,0,1,0,1
4242,l0,male,45,Nagykanizsa,asztalos ,177,0,0,3,1,1,1,1,4,3,1,0,0,1,0,1,0,1,0,1,1,0,1,0,0,5,1,1,1,0,0,3,0,3,3,1,1,2,1,0,1,2,1,1,0,1
4243,l0,male,53,Nagykanizsa,asztalos ,169,0,0,3,1,1,1,1,1,2,10,0,0,1,278212,0,0,0,0,1,0,0,1,1,1,2,1,0,1,0,2,4,254,2,1,1,1,2,0,0,1,1,0,1,1,3
4244,l0,female,27,Budakeszi,asztalos ,177,0,0,3,0,1,1,1,3,2,5,1,0,1,59191,0,0,1,1,0,0,0,1,1,0,3,1,0,1,2,4,4,373,3,3,1,3,2,0,0,1,2,0,0,1,3
4245,l0,male,39,Nagykanizsa,asztalos ,160,3,0,3,1,1,1,1,2,3,5,4,0,1,134038,1,0,0,0,1,0,1,0,1,1,5,0,0,1,2,0,1,667,0,1,1,0,0,0,0,0,0,1,1,0,1
4246,l1,female,40,Budakeszi,Szakorvos ,180,4,0,3,0,0,0,1,0,2,4,4,0,0,0,0,0,0,0,1,0,0,1,1,0,0,1,0,0,0,0,0,463,3,3,1,3,0,0,1,1,2,0,1,0,1
4247,l0,female,41,Budakeszi,Szakorvos ,164,4,0,2,1,1,1,1,1,3,2,0,0,0,205667,0,0,0,0,1,1,1,1,1,0,5,2,0,1,0,0,1,412,2,3,1,1,0,1,0,2,2,1,0,0,0
4248,l1,male,59,Budakeszi,Lakatos ,176,3,0,4,1,1,1,0,1,0,2,0,0,1,0,1,0,1,0,1,0,1,1,1,0,3,0,0,4,0,3,0,348,2,0,1,3,0,1,0,2,2,1,1,1,2
4249,l1,male,28,Nagykanizsa,Lakatos ,171,0,0,3,1,1,1,1,8,2,2,0,0,0,299289,1,0,0,0,0,0,1,1,1,1,0,3,0,1,2,4,3,61,2,0,1,1,1,0,0,1,2,0,1,0,2
4250,l1,male,62,Nagykanizsa,Szakorvos ,158,0,0,4,1,1,1,1,1,2,3,1,0,0,0,1,0,0,0,1,0,0,1,1,1,1,3,0,4,0,0,0,0,2,3,1,3,2,0,0,2,2,1,1,1,1
4251,l0,male,62,Budakeszi,asztalos ,175,4,1,1,1,1,1,1,1,3,2,1,0,0,48266,0,0,0,1,1,1,0,1,1,1,3,1,0,3,0,0,0,665,2,0,1,3,2,1,0,2,1,2,0,1,0
4252,l0,female,59,Nagybajcs,asztalos ,174,3,0,3,0,1,1,1,1,2,2,1,0,0,418771,0,0,1,0,1,1,1,1,1,1,3,1,1,0,0,2,0,171,3,3,1,1,2,0,0,0,2,0,0,0,2
4253,l0,male,39,Nagykanizsa,Lakatos ,193,3,0,3,1,1,1,1,1,3,0,0,0,0,158656,1,0,1,1,0,0,1,1,1,0,5,1,1,4,0,0,0,5076,3,3,1,1,1,1,1,1,2,1,0,0,1
4254,l1,female,28,Nagykanizsa,Szakorvos ,171,0,0,4,1,1,2,1,4,0,3,1,0,0,0,1,0,0,0,1,0,0,1,1,0,1,1,0,3,0,0,0,462,2,1,1,2,2,1,0,1,0,1,1,1,1
4255,l0,male,52,Nagykanizsa,asztalos ,180,0,0,3,1,0,1,1,2,0,3,4,0,0,489105,1,1,1,0,0,1,1,1,0,0,1,0,0,0,0,1,4,376,3,0,1,2,2,0,1,2,2,1,1,0,2
4256,l1,male,49,Budakeszi,asztalos ,167,0,2,3,1,1,2,1,1,0,1,1,0,0,2984,1,1,1,0,0,0,0,0,1,0,2,1,0,1,0,1,4,4669,2,1,1,3,2,0,0,1,0,0,1,0,1
4257,l1,female,53,Nagykanizsa,Szakorvos ,192,0,1,4,1,1,1,1,2,3,1,1,0,0,200197,1,1,0,0,1,1,1,1,0,0,5,1,0,1,2,0,1,87,2,3,1,2,2,1,0,0,0,1,1,1,0
4258,l1,male,35,Nagykanizsa,Szakorvos ,184,0,0,3,1,1,1,1,1,2,3,1,0,1,665908,1,0,1,0,1,0,0,1,1,1,1,1,0,0,2,0,0,443,1,0,1,3,2,0,0,1,0,0,0,0,3
4259,l1,female,25,Nagykanizsa,Szakorvos ,153,1,0,3,1,1,1,1,1,2,2,1,0,1,87387,1,0,0,1,1,0,0,1,1,1,0,1,1,1,0,1,3,0,3,3,1,2,0,1,1,1,1,1,1,0,0
4260,l1,male,34,Budakeszi,Szakorvos ,169,4,0,2,1,1,1,1,2,1,0,1,0,1,585725,1,0,1,0,1,0,1,0,1,0,5,1,0,1,0,3,4,884,2,0,1,2,2,1,1,1,2,0,1,0,1
4261,l0,male,58,Nagykanizsa,Szakorvos ,186,3,0,3,1,1,1,1,1,2,0,0,0,0,133640,1,0,0,0,1,1,0,0,1,0,5,1,0,1,0,4,1,167,3,1,1,2,2,1,0,1,0,0,0,0,1
4262,l1,female,59,Nagykanizsa,Szakorvos ,180,3,0,4,1,1,1,1,2,2,2,1,0,0,0,1,1,0,1,0,1,0,1,0,0,0,1,0,1,2,0,3,366,2,2,1,3,2,0,1,2,1,0,0,0,1
4263,l1,male,37,Nagykanizsa,Szakorvos ,184,3,0,4,0,1,1,0,2,2,5,4,0,0,39025,1,0,0,0,0,0,1,1,1,0,0,1,0,1,2,0,3,0,2,1,1,1,2,1,0,0,2,1,1,1,2
4264,l0,male,37,Nagykanizsa,Lakatos ,166,0,2,3,1,1,2,1,1,2,1,0,0,1,413912,0,0,0,0,1,0,0,1,1,0,1,1,1,4,2,0,1,0,2,3,1,3,2,0,0,1,0,0,1,0,2
4265,l1,male,34,Nagykanizsa,Szakorvos ,168,0,2,3,0,1,1,1,1,2,0,0,0,0,90242,0,0,1,0,1,0,1,1,1,1,1,1,0,4,2,0,0,73,1,0,1,3,3,1,1,0,0,0,0,1,1
4266,l0,male,30,Nagykanizsa,Lakatos ,172,4,0,1,1,1,2,0,2,3,3,4,0,0,0,1,0,0,0,0,0,1,1,0,0,5,0,0,3,0,0,0,0,2,0,1,3,1,1,0,0,0,1,0,0,0
4267,l0,male,33,Nagykanizsa,asztalos ,174,4,2,3,0,1,1,1,1,0,3,1,0,1,197421,1,0,0,0,0,1,1,1,0,0,1,2,0,0,2,2,3,610,2,1,0,1,2,0,0,0,0,1,1,1,2
4268,l1,male,27,Nagybajcs,asztalos ,173,3,0,3,0,1,1,1,4,2,3,1,0,0,500012,1,1,1,0,1,1,0,1,1,0,1,2,0,1,2,4,4,229,2,1,1,3,2,1,1,1,2,0,1,1,3
4269,l1,male,54,Nagykanizsa,Lakatos ,167,4,2,4,1,1,1,1,1,2,2,1,0,1,423272,0,0,0,1,1,1,0,1,0,0,1,0,0,1,0,0,4,774,1,0,1,1,0,1,1,1,0,0,1,1,2
4270,l0,male,57,Budakeszi,asztalos ,169,4,0,3,1,1,1,1,1,2,2,4,0,0,74734,1,1,0,0,1,0,1,0,1,1,0,0,0,1,0,0,0,0,3,2,0,2,1,0,0,0,0,0,1,1,1
4271,l1,male,25,Budakeszi,Lakatos ,184,0,0,4,1,1,1,1,1,2,1,1,0,0,0,0,0,1,0,0,1,0,1,1,1,2,1,0,1,0,0,3,678,2,0,1,2,1,1,1,0,0,1,1,0,1
4272,l0,male,26,Budakeszi,asztalos ,162,3,0,0,0,1,1,1,1,0,0,0,0,1,419936,0,0,1,1,1,1,0,0,0,0,4,3,0,1,0,2,3,190,2,1,1,3,0,1,1,2,2,0,0,0,2
4273,l1,male,61,Nagykanizsa,Lakatos ,171,3,0,4,1,1,1,1,1,2,0,0,0,1,0,1,1,0,0,1,0,1,1,1,1,5,1,0,1,2,0,3,249,3,3,1,3,2,1,0,2,1,1,1,1,2
4274,l1,male,43,Nagykanizsa,Szakorvos ,173,4,1,4,1,1,1,1,2,2,1,1,0,0,297615,1,0,0,0,1,0,0,0,1,0,1,1,0,4,4,1,3,394,2,2,1,2,2,1,0,1,0,0,1,1,3
4275,l1,male,25,Nagykanizsa,Szakorvos ,178,1,0,3,1,1,1,1,1,2,3,1,0,0,0,1,0,0,0,1,1,0,1,1,1,5,1,0,0,0,2,4,6033,2,2,1,3,2,0,0,1,0,1,0,0,3
4276,l1,male,52,Budakeszi,Szakorvos ,165,1,1,3,1,1,2,1,2,0,7,1,0,1,110211,1,0,0,0,1,1,1,1,0,0,0,2,0,0,2,0,0,335,2,3,1,1,1,1,1,1,0,0,0,0,3
4277,l1,female,58,Budakeszi,Szakorvos ,176,1,0,3,0,1,1,1,1,3,2,1,0,1,96065,1,1,0,1,1,0,0,0,1,1,1,2,0,1,1,0,4,346,2,1,1,3,2,1,1,2,2,0,0,0,3
4278,l1,male,48,Nagykanizsa,Szakorvos ,162,3,1,3,0,1,1,1,1,2,3,1,0,0,28766,0,0,0,0,1,1,0,0,1,0,5,0,0,1,2,0,0,0,2,3,1,2,2,1,0,1,2,0,1,0,1
4279,l1,female,63,Nagybajcs,Lakatos ,177,3,0,4,1,1,1,1,1,2,3,1,0,1,532505,1,0,0,0,1,0,0,1,0,0,4,1,0,4,2,0,0,959,2,0,1,1,1,0,0,1,1,1,1,0,3
4280,l1,female,47,Nagykanizsa,Szakorvos ,175,4,0,2,1,1,2,1,1,3,7,0,0,0,388153,1,1,0,0,1,1,0,1,1,0,1,1,0,4,0,0,1,76,2,3,1,1,1,0,0,2,1,1,1,1,3
4281,l0,male,26,Nagybajcs,asztalos ,166,4,0,1,0,1,1,1,6,0,3,0,0,0,295529,1,0,0,0,1,0,0,1,1,0,4,1,0,3,1,0,3,693,2,1,1,1,2,1,1,1,2,0,0,0,3
4282,l1,female,39,Nagykanizsa,asztalos ,187,3,1,3,1,1,1,1,1,2,1,1,0,0,125072,1,1,0,0,1,1,0,0,1,0,1,0,0,1,2,0,0,0,2,1,1,2,2,0,0,0,1,1,0,1,0
4283,l0,male,25,Budakeszi,Lakatos ,159,0,0,1,0,1,1,1,1,3,5,4,0,1,442324,1,0,1,0,1,1,0,0,1,0,1,0,0,3,4,0,0,0,2,0,1,2,2,0,0,1,0,1,1,1,4
4284,l0,male,59,Nagykanizsa,asztalos ,166,3,0,3,0,1,1,1,2,3,2,1,0,1,690608,0,1,0,0,1,1,0,1,1,1,3,1,0,1,2,0,1,236,0,3,1,3,0,1,0,1,2,1,1,0,4
4285,l1,male,61,Nagykanizsa,Szakorvos ,165,0,0,3,1,1,1,1,1,2,2,0,0,1,475649,1,0,1,0,1,1,1,0,1,0,4,1,0,1,2,0,3,24255,3,3,1,1,2,0,0,1,2,1,1,1,4
4286,l0,female,27,Nagybajcs,Szakorvos ,180,3,0,2,1,1,1,1,1,2,7,4,0,0,0,1,0,0,0,1,1,0,0,1,1,1,1,0,1,0,0,0,441,2,3,1,1,2,1,1,2,1,1,0,0,2
4287,l1,male,48,Budakeszi,Lakatos ,168,3,1,3,1,1,1,0,4,2,0,0,0,0,20037,1,1,0,0,1,1,1,1,1,0,2,3,0,1,2,1,4,324,2,0,1,1,3,0,0,1,0,0,1,1,2
4288,l1,female,40,Nagykanizsa,Lakatos ,176,4,1,1,0,1,1,1,1,2,3,1,0,0,0,0,0,0,1,0,1,0,1,1,1,1,1,0,1,2,0,1,0,2,0,1,3,1,1,0,1,0,1,1,1,1
4289,l0,male,58,Budakeszi,Lakatos ,158,0,0,3,1,1,1,1,2,3,5,4,0,1,0,1,1,0,0,1,1,0,0,1,0,1,1,0,0,2,0,0,0,3,1,1,2,2,0,0,1,1,0,1,1,1
4290,l1,male,32,Nagybajcs,Szakorvos ,158,4,0,3,1,1,1,1,2,2,0,0,0,1,0,1,1,0,0,1,1,0,1,1,1,5,1,0,1,2,0,0,0,2,3,1,2,1,1,0,0,1,1,0,0,1
4291,l0,male,43,Nagykanizsa,asztalos ,173,4,0,2,1,1,2,1,4,2,1,0,0,0,134540,1,0,0,0,1,0,0,1,0,0,1,0,0,1,0,0,0,0,3,3,1,1,2,0,0,0,0,1,0,0,1
4292,l1,male,31,Nagykanizsa,Szakorvos ,164,0,0,2,1,1,2,1,2,2,1,1,0,1,239530,0,0,0,1,0,0,0,1,1,1,5,1,0,0,2,0,3,263,2,1,1,2,2,1,1,1,2,1,1,0,1
4293,l1,male,55,Nagykanizsa,Szakorvos ,167,1,0,3,0,1,2,1,1,0,2,1,0,0,15903,0,0,0,1,1,1,0,0,1,0,1,2,0,0,2,1,3,292,2,1,1,3,2,0,0,1,2,1,1,1,0
4294,l0,male,47,Nagykanizsa,Lakatos ,162,4,0,1,1,1,1,1,1,0,7,4,0,1,427442,1,1,1,0,0,0,0,1,1,1,0,0,0,1,0,0,0,0,2,3,1,1,0,0,0,2,0,1,1,0,1
4295,l0,male,30,Nagykanizsa,Lakatos ,164,0,0,1,0,1,1,1,1,3,2,1,0,0,197329,1,0,0,0,1,1,0,1,0,0,0,0,0,3,2,1,3,539,2,0,1,3,2,0,1,1,0,1,1,0,2
4296,l1,male,65,Nagykanizsa,asztalos ,163,0,0,3,1,1,1,1,2,3,8,4,0,1,99981,1,0,1,0,1,0,0,1,1,1,5,1,0,3,0,0,4,390,2,3,1,3,2,0,0,2,0,1,1,0,3
4297,l1,male,26,Nagybajcs,Lakatos ,178,0,0,4,1,1,1,1,1,0,3,1,0,0,143266,1,0,0,0,0,0,1,1,1,0,0,2,0,1,0,0,1,279,2,1,0,2,1,0,1,0,0,1,1,1,1
4298,l0,male,51,Nagykanizsa,asztalos ,173,0,0,3,0,1,1,1,2,3,2,1,0,1,187586,1,0,0,1,1,0,1,1,1,0,1,1,1,0,0,0,0,175,3,3,1,1,2,1,1,1,2,0,1,1,1
4299,l0,male,40,Nagybajcs,asztalos ,161,3,0,3,0,1,1,1,1,2,2,0,0,0,94764,0,0,0,0,1,1,0,1,1,0,5,0,0,1,0,0,0,0,2,0,1,3,1,1,1,1,0,1,1,1,3
4300,l0,male,53,Nagykanizsa,Lakatos ,164,3,0,4,1,1,1,1,2,2,0,0,0,0,277577,0,0,1,0,1,0,0,0,1,1,0,1,0,3,2,1,0,20480,1,0,1,2,1,0,0,2,0,0,1,0,0
4301,l1,female,51,Nagykanizsa,Szakorvos ,171,3,2,4,1,1,1,0,1,2,1,0,0,1,0,1,1,0,0,1,0,0,0,1,1,1,0,0,1,2,0,0,548,2,2,1,3,2,0,0,1,0,1,1,0,1
4302,l0,male,41,Budakeszi,Lakatos ,173,4,0,3,1,1,2,1,1,2,3,1,0,0,241850,0,0,1,0,1,1,1,1,0,0,5,1,0,0,2,0,3,417,2,1,1,3,1,1,0,0,0,1,1,0,1
4303,l1,male,32,Nagybajcs,Lakatos ,171,0,0,4,1,1,1,1,1,2,2,1,0,1,912357,0,0,1,0,0,0,1,1,1,0,3,0,0,1,0,0,3,844,3,1,0,1,1,1,1,1,1,0,1,1,4
4304,l1,male,41,Budakeszi,Szakorvos ,163,0,0,3,0,1,1,1,1,3,5,4,0,1,472851,1,0,0,0,1,1,0,1,1,0,5,1,0,1,2,0,3,163,2,1,1,1,2,0,0,1,2,1,0,1,1
4305,l0,male,60,Nagykanizsa,Lakatos ,168,0,0,3,1,1,2,1,2,2,0,0,0,1,50083,1,0,1,0,1,1,1,1,0,0,1,1,0,1,0,0,3,397,3,2,1,2,2,0,0,0,0,0,1,0,2
4306,l0,male,39,Nagykanizsa,Lakatos ,169,3,0,3,1,1,1,1,1,2,0,0,0,0,207320,0,0,1,0,1,0,1,1,0,0,1,1,0,4,2,1,3,490,2,0,1,1,2,0,0,1,2,0,0,0,1
4307,l0,male,34,Budakeszi,Lakatos ,157,4,0,1,1,1,2,1,3,1,1,0,0,1,0,1,0,0,0,1,0,1,1,1,1,1,1,0,4,0,0,3,490,2,3,1,1,2,1,1,1,2,0,1,1,2
4308,l1,female,35,Budakeszi,Szakorvos ,176,0,0,4,0,1,1,1,3,2,2,1,0,0,90382,1,0,1,0,0,0,0,0,0,0,2,2,0,1,0,0,1,483,1,1,0,1,2,1,0,1,2,0,1,1,3
4309,l1,male,62,Budakeszi,Lakatos ,178,0,1,3,1,1,1,1,1,0,5,4,0,1,203972,1,1,0,0,1,0,0,1,0,0,5,1,0,4,2,1,0,38,3,0,1,1,2,0,0,1,2,1,0,0,3
4310,l1,male,58,Nagykanizsa,asztalos ,160,3,0,3,1,1,1,1,3,2,4,1,0,0,99810,1,1,0,0,1,1,0,0,1,1,4,0,0,1,2,1,3,746,1,3,0,2,0,1,0,1,2,0,1,0,1
4311,l0,male,33,Nagykanizsa,asztalos ,165,1,1,3,1,1,2,1,3,3,0,0,0,0,11282,1,0,0,0,0,0,0,0,1,1,2,1,0,0,0,0,0,546,2,1,1,1,2,1,0,0,0,1,1,0,3
4312,l1,male,45,Budakeszi,asztalos ,169,1,0,4,1,1,1,1,2,2,5,4,0,0,383615,1,0,0,1,0,0,1,1,1,0,1,1,0,4,0,0,3,0,3,1,1,1,1,1,1,1,0,1,1,1,1
4313,l1,male,54,Nagykanizsa,asztalos ,172,0,2,3,1,1,1,1,1,2,4,0,0,0,246863,0,0,0,1,1,0,0,1,1,1,0,1,0,1,0,1,4,3644,1,1,1,3,2,0,0,1,0,0,1,0,1
4314,l1,female,54,Budakeszi,Szakorvos ,163,1,2,3,1,1,1,1,1,2,2,1,0,0,10486161,1,0,0,0,1,1,1,0,1,0,2,1,0,1,2,0,0,66,1,0,1,3,1,0,1,2,2,0,1,1,1
4315,l1,male,30,Nagykanizsa,Szakorvos ,167,4,0,3,1,1,1,1,1,3,0,1,0,1,138392,1,0,0,0,1,0,0,1,1,0,0,1,0,1,0,0,4,47,3,1,1,1,2,0,0,0,1,1,1,1,1
4316,l0,male,61,Nagykanizsa,Lakatos ,163,4,0,3,0,1,1,1,2,2,4,0,0,1,127922,0,0,0,0,1,1,1,1,1,0,5,0,0,1,0,2,2,451,3,3,0,1,1,0,0,1,0,0,1,1,4
4317,l0,female,34,Nagykanizsa,asztalos ,187,3,0,1,1,1,1,1,1,2,7,3,0,1,374067,1,0,1,0,0,1,0,1,0,0,0,1,0,1,2,3,4,4734,2,0,1,1,0,0,1,2,1,1,1,1,4
4318,l0,male,64,Budakeszi,asztalos ,157,0,2,3,0,1,1,1,3,0,0,0,0,1,264576,0,0,1,0,1,1,0,1,1,1,2,1,0,1,0,1,4,611,2,0,1,2,2,0,0,1,2,0,1,0,4
4319,l1,male,53,Nagykanizsa,Szakorvos ,166,3,0,0,0,1,1,1,1,0,2,1,0,1,148055,0,0,0,0,1,0,0,1,0,0,3,0,0,1,2,2,4,4630,2,0,1,3,0,0,1,0,0,1,1,1,2
4320,l1,male,42,Budakeszi,asztalos ,160,3,0,1,0,1,1,1,2,2,1,0,0,1,0,1,0,1,0,1,0,1,1,1,0,1,1,0,1,2,0,4,640,1,1,1,3,1,1,0,1,0,1,0,0,3
4321,l0,male,34,Nagykanizsa,asztalos ,165,4,0,3,1,1,1,1,2,2,0,0,0,1,695197,0,0,0,0,0,0,1,0,0,0,2,1,1,1,0,0,3,0,3,3,0,1,0,1,0,2,0,1,0,0,1
4322,l1,female,48,Budakeszi,Szakorvos ,178,3,1,4,1,1,1,1,2,3,13,4,0,0,386143,0,0,1,1,1,1,1,1,1,0,5,0,0,1,2,0,3,308,2,1,1,1,2,1,0,2,2,1,1,1,1
4323,l0,male,48,Budakeszi,asztalos ,162,0,2,3,0,1,1,1,2,3,1,1,0,0,265254,1,0,0,0,0,0,1,1,1,0,0,2,0,4,2,0,0,201,2,1,0,1,2,1,1,0,0,1,0,1,1
4324,l1,female,27,Budakeszi,Szakorvos ,179,3,2,3,1,1,1,0,2,0,1,0,0,0,227086,1,0,1,0,1,1,0,1,1,1,5,0,0,1,0,0,0,74,3,3,1,3,2,1,0,1,1,0,1,0,4
4325,l0,female,62,Nagykanizsa,asztalos ,164,3,0,3,1,1,1,1,1,3,0,0,0,0,283395,1,0,0,1,1,0,0,1,1,1,0,2,0,4,0,0,3,638,1,1,1,3,1,1,1,1,2,0,0,0,1
4326,l0,male,41,Nagykanizsa,asztalos ,180,4,0,2,1,1,2,1,2,0,3,1,0,1,49501,0,0,0,0,0,0,1,1,1,1,1,0,0,0,2,0,0,395,2,0,1,1,2,0,0,1,0,0,1,0,1
4327,l0,male,39,Nagykanizsa,asztalos ,163,4,0,3,1,1,1,1,3,3,4,1,0,0,0,1,0,0,0,1,0,1,1,0,0,5,1,0,4,2,1,0,193,1,0,1,3,2,0,0,2,2,1,1,1,1
4328,l0,male,57,Budakeszi,asztalos ,160,1,0,3,1,1,1,1,2,3,3,3,0,0,23542,1,0,0,1,1,0,0,1,0,0,1,0,0,1,0,0,3,45,1,3,1,2,0,0,0,1,1,0,0,0,0
4329,l1,female,37,Budakeszi,Szakorvos ,195,4,1,4,1,1,1,1,2,2,2,1,0,0,286888,0,0,0,1,1,0,0,1,0,0,2,1,0,1,2,2,3,644,1,0,0,1,2,1,1,2,2,1,1,1,1
4330,l0,male,51,Nagykanizsa,asztalos ,168,3,0,0,1,1,1,1,1,2,0,1,0,0,197057,1,0,1,1,1,1,0,1,1,1,1,1,0,1,1,0,1,0,1,0,1,2,2,1,0,2,1,1,1,0,2
4331,l0,male,50,Nagybajcs,asztalos ,164,3,0,3,1,1,2,1,1,2,5,4,0,0,80006,0,0,0,0,1,1,0,0,0,0,5,0,0,4,0,0,0,289,2,2,1,3,2,1,1,1,2,0,1,0,1
4332,l0,male,40,Nagykanizsa,asztalos ,156,3,0,3,1,1,2,1,2,2,0,0,0,0,367316,1,0,0,0,1,0,0,0,1,0,1,2,0,1,2,0,0,0,2,1,1,3,2,1,1,2,2,1,1,1,1
4333,l0,male,58,Budakeszi,asztalos ,154,4,0,3,1,1,1,1,2,0,0,0,0,1,0,1,0,0,0,1,1,1,1,1,0,5,1,0,1,0,0,0,672,2,0,1,1,0,1,0,1,0,1,0,0,1
4334,l1,male,41,Nagykanizsa,Lakatos ,161,0,0,3,1,1,1,1,1,2,0,0,0,0,0,0,0,0,0,1,0,0,0,1,1,5,1,0,1,0,0,1,148,1,0,1,2,1,1,1,1,1,0,0,0,1
4335,l1,female,44,Budakeszi,Szakorvos ,187,0,2,4,1,1,1,1,1,2,4,0,0,0,306922,1,0,0,0,1,0,0,1,1,0,0,1,0,0,0,0,3,258,2,1,1,3,2,1,1,1,1,2,0,0,1
4336,l1,male,61,Nagykanizsa,Lakatos ,169,3,1,4,1,1,1,1,1,2,2,0,0,1,398524,1,1,1,0,1,0,1,0,0,0,4,1,0,1,2,3,3,118,2,1,1,1,2,1,1,1,0,0,0,0,1
4337,l1,female,31,Budakeszi,Szakorvos ,166,0,0,4,1,1,1,1,1,2,0,0,0,0,0,1,0,1,0,1,0,0,0,1,1,1,2,0,1,2,0,0,0,2,1,1,1,2,0,0,1,0,1,1,1,1
4338,l1,male,40,Nagykanizsa,Szakorvos ,162,2,0,3,0,0,0,1,1,3,13,4,0,1,0,0,0,0,0,1,0,1,1,1,1,3,2,0,1,0,3,4,646,2,3,1,1,1,1,1,1,0,1,1,0,4
4339,l1,female,54,Nagykanizsa,Szakorvos ,178,4,2,3,1,1,1,1,0,0,7,1,0,0,210394,0,0,1,0,1,0,0,1,0,0,5,1,0,0,2,1,1,27562,2,0,1,1,2,0,0,0,0,0,1,1,3
4340,l0,female,27,Nagykanizsa,Szakorvos ,169,0,0,2,1,1,1,1,2,3,3,1,0,0,0,0,0,0,0,1,1,1,1,1,0,5,0,0,0,0,0,0,168,2,0,1,1,2,1,0,1,0,1,0,0,0
4341,l0,male,36,Nagykanizsa,asztalos ,169,3,2,3,1,1,1,0,1,2,5,1,0,0,0,1,0,0,0,1,0,0,0,0,0,5,1,0,0,2,0,3,147,2,0,1,1,1,0,0,0,1,0,0,0,1
4342,l1,male,42,Nagykanizsa,asztalos ,172,2,0,3,1,1,1,1,1,2,2,1,0,1,209579,1,0,1,0,1,0,0,0,0,0,5,0,0,1,0,2,3,547,2,0,1,1,2,0,0,0,0,1,1,1,3
4343,l1,female,45,Nagykanizsa,Szakorvos ,175,3,0,3,1,1,1,1,2,2,0,0,0,0,0,1,0,0,1,1,1,0,1,1,1,2,1,0,1,2,0,4,7932,3,3,1,1,2,1,1,0,0,0,0,0,1
4344,l0,male,36,Nagybajcs,Lakatos ,169,0,0,1,1,1,1,1,1,2,0,0,0,1,0,1,0,0,0,1,0,0,1,1,1,5,2,0,0,2,0,3,0,3,3,1,2,2,0,0,2,0,0,1,1,1
4345,l0,male,59,Budakeszi,asztalos ,169,4,0,1,0,1,1,1,1,2,5,4,0,1,124814,1,0,1,0,0,0,0,1,1,1,1,0,0,4,0,3,4,7937,2,1,1,0,1,0,1,2,0,0,1,1,0
4346,l1,female,63,Nagykanizsa,Lakatos ,179,4,1,4,1,1,2,1,1,2,3,0,0,1,170141,1,0,0,0,1,1,0,0,0,0,3,2,0,1,0,1,2,0,1,0,1,3,2,1,1,1,0,1,1,0,1
4347,l0,male,35,Budakeszi,Szakorvos ,179,3,0,3,0,1,1,1,1,2,3,1,0,1,0,1,0,0,0,1,1,1,1,1,1,4,1,0,1,2,0,3,512,1,1,0,1,2,1,0,1,0,1,0,0,2
4348,l0,female,32,Nagykanizsa,Szakorvos ,169,3,0,3,0,1,1,0,1,2,1,0,0,0,174913,0,0,0,0,0,0,0,1,1,0,1,1,0,1,0,0,0,151,3,0,1,1,0,1,1,2,2,1,1,1,0
4349,l0,male,62,Nagykanizsa,Lakatos ,165,4,0,3,1,1,1,1,1,3,0,0,0,1,0,1,0,0,0,1,0,0,1,1,1,5,0,0,1,2,1,3,577,2,1,1,1,0,0,1,2,2,1,1,0,1
4350,l1,male,48,Nagykanizsa,asztalos ,165,3,0,3,1,1,1,1,2,2,2,0,0,0,216903,1,0,1,0,0,1,0,0,1,0,1,0,0,1,0,1,1,212,2,0,1,3,1,0,0,2,0,0,1,0,4
4351,l1,female,30,Budakeszi,Lakatos ,181,0,1,4,1,1,1,1,1,2,2,1,0,0,0,1,1,1,0,1,0,0,0,1,0,5,1,0,1,0,2,4,354,2,0,1,1,1,0,1,2,0,1,1,0,1
4352,l0,male,47,Budakeszi,Lakatos ,172,3,0,1,1,1,1,1,1,3,3,1,0,1,434740,1,0,0,0,1,0,0,1,1,1,5,1,1,3,2,1,4,567,3,3,1,0,2,1,0,2,1,0,1,1,1
4353,l0,male,34,Nagykanizsa,asztalos ,155,3,0,3,1,1,1,1,1,3,0,0,0,0,30592,1,0,1,0,1,0,1,1,1,1,5,1,0,1,4,0,4,107,2,1,1,3,2,1,0,1,1,0,0,0,2
4354,l0,male,39,Nagykanizsa,asztalos ,167,0,0,3,1,1,2,1,1,3,1,0,0,0,0,1,0,0,0,0,1,1,1,1,0,0,0,0,4,4,0,0,85,2,3,1,1,1,1,1,1,1,1,1,1,1
4355,l1,male,39,Budakeszi,Szakorvos ,160,0,0,4,1,1,2,1,1,2,1,1,0,1,457908,1,0,0,1,1,0,0,0,0,1,5,1,0,3,2,0,4,126,2,3,1,3,2,1,1,2,2,1,0,0,3
4356,l0,male,25,Nagykanizsa,asztalos ,166,3,0,1,1,1,1,1,1,2,2,1,0,0,0,1,0,0,1,1,1,0,1,1,1,5,2,0,4,0,0,0,198,2,2,1,3,1,1,1,2,2,0,0,0,3
4357,l1,male,61,Nagykanizsa,Szakorvos ,151,4,0,3,0,1,1,1,1,0,0,0,0,0,9107848,1,0,1,1,1,0,0,0,1,1,3,1,0,1,2,0,3,164,2,2,1,1,2,1,1,2,2,1,0,0,2
4358,l0,female,29,Budakeszi,Szakorvos ,171,0,0,1,1,1,1,1,1,3,3,1,0,1,280177,1,1,1,0,1,0,0,0,0,0,4,2,0,4,2,0,3,446,2,3,1,3,2,0,0,0,0,1,1,0,3
4359,l1,male,51,Budakeszi,Szakorvos ,173,3,0,4,1,1,2,1,1,3,0,1,0,0,139124,0,0,1,0,1,0,1,1,1,1,3,2,0,0,0,0,0,0,2,0,1,2,1,1,0,0,1,0,1,0,0
4360,l1,male,60,Budakeszi,Szakorvos ,170,4,1,2,0,1,1,1,1,2,3,3,0,1,387845,1,0,1,0,1,0,0,1,1,1,4,3,0,1,0,0,0,0,3,3,1,2,2,0,0,1,2,1,1,1,3
4361,l0,male,45,Nagykanizsa,asztalos ,168,3,0,3,1,1,1,1,5,0,2,1,0,0,0,0,0,0,0,1,1,1,1,0,0,1,0,1,1,0,0,0,0,2,2,1,1,2,1,0,0,0,0,1,0,0
4362,l1,male,61,Nagykanizsa,Lakatos ,163,0,0,3,1,1,2,1,1,3,4,1,0,0,497812,1,0,0,0,1,0,0,1,0,0,1,1,0,1,0,0,0,249,2,1,1,3,2,1,0,2,0,0,1,1,1
4363,l0,male,55,Nagykanizsa,asztalos ,161,1,0,3,0,1,2,1,1,2,0,0,0,1,0,1,0,0,0,1,0,1,1,1,0,5,0,0,0,0,0,1,0,2,1,1,3,2,0,0,0,0,0,1,1,2
4364,l1,male,51,Nagykanizsa,Szakorvos ,171,4,2,4,1,1,2,1,1,2,3,1,0,0,81537,1,1,0,0,1,0,1,1,1,0,5,1,0,1,0,1,0,131,2,0,1,3,2,1,0,1,2,0,1,1,2
4365,l0,female,65,Nagykanizsa,Lakatos ,182,1,0,2,1,1,1,1,1,2,2,1,0,0,0,0,0,0,0,1,0,1,0,1,0,5,1,1,3,2,0,0,100,3,2,1,1,2,0,0,0,0,0,0,0,1
4366,l1,male,45,Budakeszi,Lakatos ,165,4,2,4,1,1,2,0,3,3,1,1,0,1,165034,1,1,1,0,1,0,0,1,1,1,1,0,0,0,2,0,4,89,2,1,1,2,2,0,1,0,0,1,0,1,0
4367,l0,female,58,Budakeszi,asztalos ,167,4,0,0,1,1,1,1,1,0,15,0,0,1,381177,0,0,0,0,1,1,0,0,0,0,1,2,0,1,2,0,0,575,3,1,1,3,1,1,1,2,1,0,0,0,4
4368,l1,female,56,Budakeszi,Lakatos ,180,3,0,2,0,1,1,1,2,0,0,1,1,1,419962,0,0,0,0,1,0,0,1,1,1,3,2,1,4,2,0,1,467,3,3,1,1,2,1,1,2,0,0,1,0,2
4369,l0,male,51,Nagykanizsa,asztalos ,178,4,0,3,1,1,1,1,1,2,2,4,0,0,515478,1,1,1,0,1,0,0,1,1,1,1,1,0,1,1,0,0,256,2,2,1,2,2,1,1,2,0,0,0,0,2
4370,l0,male,61,Nagykanizsa,asztalos ,158,3,0,3,1,1,1,1,1,2,3,4,0,1,263591,1,1,0,1,1,0,0,1,1,0,4,1,0,1,2,0,0,20,3,1,1,3,2,0,1,1,0,0,0,0,3
4371,l0,male,58,Nagybajcs,Lakatos ,164,4,2,1,1,1,2,1,2,2,1,1,0,0,0,1,0,1,0,1,0,1,1,1,0,5,1,0,1,2,0,2,115,1,0,0,1,1,1,0,0,0,1,1,1,0
4372,l0,male,65,Nagykanizsa,Lakatos ,176,3,0,1,0,1,1,1,3,2,2,1,0,0,66689,1,1,1,0,0,0,1,1,1,0,1,2,0,1,2,0,1,0,2,0,1,1,0,0,0,1,2,0,1,1,0
4373,l0,male,48,Nagykanizsa,asztalos ,167,3,0,3,0,1,1,1,6,3,7,1,0,1,268142,1,0,0,0,1,0,1,1,1,0,5,0,0,0,0,2,3,5038,1,0,1,1,2,1,0,0,0,0,0,0,1
4374,l1,male,52,Nagykanizsa,Lakatos ,168,0,2,3,1,1,2,1,1,0,0,0,0,0,588325,1,0,0,1,0,0,0,1,0,0,2,2,0,1,2,1,3,325,2,0,0,3,1,1,0,2,2,0,0,0,3
4375,l1,female,47,Budakeszi,Szakorvos ,183,4,0,4,1,1,1,1,0,2,1,1,0,0,124632,1,0,0,0,0,0,1,1,1,0,2,1,1,1,2,0,0,175,3,3,1,3,2,0,1,0,0,1,1,0,1
4376,l1,male,49,Budakeszi,asztalos ,179,4,0,3,1,1,1,1,3,0,3,1,0,1,7465,1,0,0,1,0,0,1,1,1,0,0,1,0,0,2,0,3,464,1,1,0,1,2,1,1,2,2,0,0,0,4
4377,l1,male,38,Nagykanizsa,Lakatos ,173,3,0,4,1,1,1,1,1,3,0,0,0,0,236284,0,0,1,1,1,0,0,1,1,1,1,2,0,1,0,0,4,0,2,1,1,2,1,0,1,2,2,1,1,0,1
4378,l1,female,62,Budakeszi,Szakorvos ,179,4,0,4,1,1,1,1,2,3,0,0,0,0,0,1,1,0,0,1,0,1,0,1,1,1,1,0,1,0,0,2,6558,3,1,0,1,2,0,0,0,0,0,0,1,1
4379,l1,female,26,Nagybajcs,Szakorvos ,160,4,0,2,1,1,1,1,1,2,2,1,0,0,0,1,0,0,0,0,0,0,1,1,1,1,1,1,4,2,0,0,504,3,3,1,1,0,0,0,1,1,1,1,0,3
4380,l0,male,53,Nagybajcs,asztalos ,176,3,0,3,0,1,2,1,2,0,2,1,0,0,127828,0,0,0,0,1,1,0,0,1,1,1,1,0,1,0,0,3,0,1,1,1,1,2,0,0,1,0,0,0,0,0
4381,l0,male,39,Budakeszi,asztalos ,166,3,0,1,1,1,1,1,3,2,0,4,0,0,309296,1,1,0,0,1,0,1,0,1,1,5,2,0,1,0,1,4,128,2,1,1,2,0,1,1,2,2,1,1,1,1
4382,l1,male,42,Nagybajcs,asztalos ,181,3,0,3,1,1,1,1,2,3,1,1,0,1,0,1,0,0,0,1,1,0,0,1,1,1,3,0,4,0,0,3,145,1,1,1,3,2,0,0,0,0,1,0,0,1
4383,l0,male,59,Nagykanizsa,Szakorvos ,174,0,0,2,1,1,2,1,2,2,0,0,0,1,481137,1,0,1,0,0,0,1,1,1,0,1,1,0,1,4,0,3,133,2,2,1,1,1,0,0,1,0,0,1,0,1
4384,l0,female,35,Budakeszi,Szakorvos ,193,2,0,3,0,1,1,1,1,0,1,0,0,0,50953,1,0,0,1,0,0,1,0,0,0,0,2,0,3,2,2,0,292,1,1,0,3,2,0,1,2,2,0,1,1,2
4385,l0,male,40,Nagybajcs,asztalos ,167,4,0,3,1,1,1,1,3,0,2,0,0,1,123212,1,0,1,0,1,1,1,0,1,0,4,1,0,1,2,3,4,653,2,0,1,3,2,0,0,0,0,0,1,1,3
4386,l0,male,57,Nagykanizsa,asztalos ,172,3,0,3,0,1,1,1,1,2,1,4,0,1,449167,1,0,1,0,1,0,0,1,1,1,1,2,1,1,0,0,3,0,3,3,1,3,0,0,1,0,0,1,1,0,3
4387,l1,female,51,Nagybajcs,Szakorvos ,187,1,0,2,1,1,1,1,2,0,0,4,0,1,4821,1,0,1,1,1,0,0,0,0,0,5,2,0,3,2,0,1,542,2,0,1,3,2,1,1,1,2,1,1,1,1
4388,l1,male,41,Budakeszi,Szakorvos ,155,4,0,1,1,1,1,1,2,2,0,0,0,0,70947,1,0,0,0,1,1,0,1,1,0,1,0,0,1,0,0,0,0,1,0,1,3,1,0,0,0,0,0,1,1,3
4389,l1,male,63,Nagybajcs,Szakorvos ,170,0,0,1,0,1,1,1,5,3,0,0,0,0,0,1,0,0,0,1,1,0,1,0,0,4,1,0,4,2,0,2,556,2,3,1,1,2,0,0,1,1,0,1,0,2
4390,l1,male,55,Nagykanizsa,asztalos ,174,4,0,3,1,1,2,1,1,2,3,1,0,0,0,1,0,0,0,1,0,0,1,1,1,4,1,0,1,0,1,4,0,2,3,1,2,0,1,0,1,2,1,0,0,0
4391,l0,male,50,Nagykanizsa,asztalos ,158,0,0,1,0,1,1,1,2,2,3,1,0,1,155279,0,0,0,0,1,1,1,1,1,0,0,2,0,3,2,0,0,5,2,0,1,3,2,1,1,1,0,0,0,0,1
4392,l0,male,58,Nagykanizsa,Szakorvos ,183,1,0,3,1,1,0,1,2,2,2,1,0,1,0,1,0,0,0,1,0,1,1,1,0,5,1,0,4,0,0,0,0,0,1,1,2,1,0,0,0,0,1,1,0,1
4393,l0,male,25,Nagykanizsa,Lakatos ,189,0,0,3,0,1,2,1,1,0,1,1,0,1,116676,1,1,0,0,1,0,0,1,1,1,5,1,0,1,0,0,0,0,3,3,1,3,1,1,1,1,0,0,1,0,1
4394,l0,male,52,Nagykanizsa,asztalos ,168,3,0,3,0,1,1,1,2,3,0,0,0,0,281283,1,0,1,0,0,0,1,1,0,0,0,1,0,3,0,1,0,0,3,3,1,1,1,0,0,2,0,0,0,0,0
4395,l0,male,27,Nagykanizsa,asztalos ,157,4,0,3,1,1,3,1,1,2,3,1,0,0,0,1,0,0,1,1,0,1,0,1,0,1,2,0,1,0,3,4,545,2,2,1,3,0,1,1,1,2,1,1,1,2
4396,l1,male,27,Budakeszi,Lakatos ,160,3,0,1,1,1,1,1,1,0,1,1,0,1,363469,0,0,0,0,1,0,1,1,0,0,5,1,0,1,2,0,0,131,2,1,1,1,2,0,0,1,0,1,0,0,1
4397,l1,female,25,Nagykanizsa,Szakorvos ,180,1,0,2,0,1,1,1,1,2,1,1,0,0,0,1,0,0,0,1,0,0,1,1,1,2,2,0,0,2,0,3,477,2,1,1,2,1,0,0,0,0,1,1,1,0
4398,l1,male,25,Nagykanizsa,Lakatos ,169,0,0,3,0,1,1,1,1,2,5,4,0,0,246903,1,0,1,1,1,0,1,1,1,1,0,1,0,0,0,1,1,568,3,1,1,3,2,0,0,0,0,1,0,1,1
4399,l1,male,30,Budakeszi,Szakorvos ,172,0,0,3,1,1,1,1,1,3,16,4,0,0,223088,0,0,1,0,1,1,1,1,1,1,1,0,0,4,2,1,4,18589,2,0,1,1,2,1,0,1,0,1,1,1,1
4400,l1,female,43,Nagybajcs,Szakorvos ,169,4,0,2,1,1,1,1,1,2,7,0,0,1,171106,0,0,1,0,1,0,1,1,1,0,1,2,0,4,0,0,0,795,2,2,1,2,1,0,0,1,0,2,1,0,3
4401,l1,male,40,Budakeszi,asztalos ,166,4,2,3,1,1,1,1,1,2,4,4,0,0,0,1,0,0,0,1,1,1,0,1,0,5,2,0,0,0,0,3,489,2,0,1,2,2,1,0,1,2,0,1,0,1
4402,l1,female,45,Budakeszi,Lakatos ,178,0,0,4,1,1,1,1,1,2,1,1,0,0,0,1,0,0,0,1,1,1,0,1,1,4,0,0,1,2,0,0,115,2,1,1,1,2,1,1,1,0,1,0,1,3
4403,l0,male,61,Nagykanizsa,asztalos ,174,0,2,3,0,1,1,1,2,0,0,0,0,1,434262,1,1,1,0,1,1,1,0,1,1,1,1,0,1,2,0,1,23,1,1,1,1,2,1,1,1,0,0,1,1,1
4404,l1,female,49,Nagykanizsa,asztalos ,176,0,2,3,0,1,2,1,2,3,8,4,0,0,0,0,0,0,0,1,0,0,1,1,1,5,1,0,1,2,0,0,0,1,1,1,3,2,1,0,1,0,0,0,0,1
4405,l1,female,55,Nagykanizsa,Szakorvos ,173,0,0,4,0,1,1,1,1,2,3,1,0,0,75301,1,0,0,0,0,0,0,1,1,1,5,1,0,1,0,0,0,3320,2,1,1,3,1,1,0,2,1,0,1,1,1
4406,l0,male,65,Nagybajcs,asztalos ,173,4,0,3,1,1,1,1,1,3,2,1,0,0,162362,1,0,0,0,1,1,1,1,1,1,0,1,0,3,1,3,4,7397,1,3,1,1,2,1,0,2,0,0,0,0,1
4407,l0,male,34,Nagykanizsa,Szakorvos ,175,4,0,2,1,1,1,1,2,2,2,0,0,1,794337,1,0,1,0,1,0,0,1,1,1,3,1,0,1,0,1,3,304,2,3,1,1,1,0,0,1,0,0,0,0,1
4408,l0,male,51,Nagybajcs,Lakatos ,160,0,0,2,0,1,1,1,2,3,12,4,0,0,0,0,0,1,1,0,0,0,0,1,1,2,1,0,1,2,0,1,0,2,0,1,0,2,1,1,2,0,0,1,1,1
4409,l0,female,26,Nagykanizsa,asztalos ,176,4,0,3,1,1,1,1,1,2,0,0,0,0,0,1,1,1,0,1,0,0,1,1,0,5,1,1,1,2,1,4,544,2,2,1,1,1,0,0,2,1,1,1,1,1
4410,l0,male,29,Nagykanizsa,Lakatos ,173,4,0,3,1,1,1,1,2,3,0,0,0,0,0,1,0,0,0,1,0,0,1,1,1,1,0,0,1,2,0,0,0,3,1,1,2,0,0,0,1,0,0,0,0,4
4411,l1,male,27,Budakeszi,Szakorvos ,171,4,0,4,1,1,1,1,2,2,0,0,0,0,96431,1,0,0,0,1,1,0,1,1,1,4,1,0,1,2,0,3,43,2,1,1,3,0,0,0,1,0,0,1,1,3
4412,l1,male,62,Nagykanizsa,Szakorvos ,165,1,2,3,1,1,1,1,1,0,11,4,0,0,183076,1,0,0,0,1,0,0,0,1,1,5,0,0,1,0,0,2,0,3,3,1,1,1,0,0,1,0,0,0,0,1
4413,l0,male,38,Nagybajcs,Lakatos ,157,1,1,3,1,1,1,1,0,0,2,0,0,0,315686,0,1,1,0,1,0,1,0,1,1,1,3,0,3,2,1,4,648,2,3,1,2,1,0,0,1,0,0,0,0,1
4414,l1,male,35,Nagykanizsa,Szakorvos ,154,3,0,3,1,1,1,1,1,2,2,0,0,0,0,1,0,0,0,1,0,1,1,0,0,1,1,0,1,0,0,1,30,2,3,1,2,2,1,0,1,2,1,1,0,0
4415,l1,male,44,Budakeszi,Szakorvos ,188,4,0,1,1,1,2,1,5,2,7,1,0,0,536105,1,0,1,0,1,0,0,1,1,1,0,1,0,0,0,0,3,81,2,3,0,1,0,1,1,1,2,1,1,1,3
4416,l0,male,28,Budakeszi,Lakatos ,165,0,1,4,1,1,1,1,1,1,3,4,0,0,506199,1,0,0,0,1,0,0,1,1,1,5,0,0,1,0,2,1,0,3,3,1,2,0,0,0,0,2,0,0,0,1
4417,l0,male,34,Nagybajcs,Lakatos ,159,3,0,1,1,1,1,1,2,3,0,4,0,0,0,1,0,1,0,1,0,0,1,1,1,1,0,0,0,2,0,3,299,2,3,1,1,1,0,0,0,0,1,1,1,3
4418,l1,male,40,Budakeszi,Lakatos ,161,0,0,1,1,1,1,0,1,2,8,4,0,0,236098,1,0,1,0,1,1,1,1,0,0,5,1,0,1,0,0,1,590,2,0,1,1,2,1,0,2,0,1,0,0,1
4419,l0,male,37,Nagykanizsa,asztalos ,168,3,0,0,0,1,2,0,1,2,0,0,0,0,210731,0,0,0,0,0,0,0,1,0,0,5,1,0,4,0,0,0,163,2,1,1,1,0,0,0,1,1,2,0,0,1
4420,l1,male,53,Nagybajcs,Szakorvos ,178,3,0,4,1,1,3,1,3,2,2,1,0,1,208702,1,0,0,1,1,1,0,0,1,1,5,0,0,1,2,0,3,77,1,0,1,1,2,1,0,2,0,0,1,1,4
4421,l0,male,51,Nagykanizsa,Lakatos ,163,4,0,3,1,1,1,1,1,2,10,4,0,0,0,1,0,0,0,1,0,0,1,1,1,2,1,0,0,2,0,0,528,1,1,1,3,1,1,0,2,0,1,1,0,4
4422,l0,male,43,Budakeszi,asztalos ,175,0,0,1,1,1,1,1,2,2,0,0,0,0,443203,1,0,1,0,1,0,0,1,1,1,2,2,0,1,1,0,3,0,2,1,1,3,2,0,1,2,0,1,0,0,0
4423,l1,male,38,Budakeszi,asztalos ,179,4,0,4,1,1,1,1,1,2,4,4,0,0,0,0,0,0,0,1,0,0,0,1,1,5,2,0,1,0,0,3,232,3,3,1,3,1,1,0,1,0,1,1,1,1
4424,l1,female,59,Budakeszi,Lakatos ,181,4,0,1,1,1,2,1,1,0,2,1,0,1,260381,0,0,0,0,1,1,1,1,1,0,1,2,0,1,0,2,4,3507,1,1,1,1,0,0,0,0,0,1,1,0,1
4425,l1,male,43,Nagykanizsa,Lakatos ,159,4,0,3,1,0,0,1,3,0,7,4,1,0,304210,1,0,0,0,1,1,0,1,1,1,2,1,0,4,0,0,4,412,1,0,1,2,2,1,1,1,0,1,1,1,4
4426,l1,female,59,Budakeszi,Szakorvos ,168,0,0,4,1,1,1,1,1,3,8,4,0,0,201720,0,0,0,0,1,1,0,1,1,1,1,1,0,4,0,0,1,0,3,2,1,1,0,1,1,1,0,0,1,1,4
4427,l0,male,30,Budakeszi,Lakatos ,154,4,0,4,0,1,1,1,1,3,0,1,0,0,678133,1,0,0,0,0,1,1,1,1,0,1,1,0,4,0,0,2,125,1,0,1,0,0,0,0,2,0,0,0,1,3
4428,l1,male,29,Nagykanizsa,Szakorvos ,168,4,0,4,1,1,1,1,1,2,0,0,0,1,268011,1,0,1,0,1,0,1,1,0,0,3,0,0,0,2,1,0,0,2,0,1,2,1,0,0,0,0,1,1,1,1
4429,l1,male,41,Budakeszi,Szakorvos ,185,4,0,3,1,1,2,1,1,2,0,0,0,0,331729,1,0,0,0,1,0,0,1,1,0,0,1,0,1,0,0,1,0,2,2,1,1,1,0,0,0,0,1,1,1,1
4430,l1,male,43,Budakeszi,Lakatos ,166,4,0,3,0,1,1,1,3,3,0,0,0,1,365514,1,1,0,0,1,1,0,1,1,1,0,0,0,1,0,1,0,488,1,3,1,1,2,0,0,0,0,1,1,0,3
4431,l1,female,62,Budakeszi,Szakorvos ,176,4,0,2,0,1,1,0,2,3,1,0,0,0,0,0,0,1,1,1,0,1,1,1,1,2,2,0,3,4,0,4,626,2,1,1,2,1,0,0,2,2,1,1,1,3
4432,l1,male,25,Nagykanizsa,Szakorvos ,160,0,0,2,0,1,1,1,1,2,4,1,0,1,171207,1,0,0,1,1,0,1,1,0,0,5,1,0,0,0,0,0,0,3,3,1,2,2,1,1,1,0,1,1,1,1
4433,l1,female,48,Budakeszi,Lakatos ,172,0,0,1,0,1,1,1,0,3,2,0,0,1,501886,1,0,1,1,0,0,0,1,1,0,0,1,0,1,2,0,3,67766,2,1,1,2,1,0,1,1,0,0,0,1,3
4434,l0,female,40,Budakeszi,asztalos ,166,0,2,3,1,1,1,1,9,2,0,4,0,1,503691,1,0,0,0,0,0,0,0,0,0,1,0,0,4,2,0,1,197,2,1,1,2,1,1,0,2,0,0,1,0,1
4435,l0,male,62,Nagykanizsa,Lakatos ,178,1,0,3,0,1,1,1,1,2,0,0,0,0,12148252,1,1,0,0,1,0,1,1,0,1,1,0,0,1,1,2,0,75,2,3,1,1,2,0,0,2,0,1,1,1,1
4436,l1,female,36,Nagykanizsa,Szakorvos ,164,3,2,4,1,1,1,0,1,2,1,0,0,1,177766,1,0,0,0,1,1,1,1,1,1,1,0,0,0,1,0,0,0,1,1,1,3,2,0,1,1,0,0,0,0,3
4437,l1,female,49,Budakeszi,Lakatos ,163,4,1,4,1,1,1,1,3,2,1,0,0,1,48537,1,0,0,0,1,1,1,1,1,1,1,1,1,1,0,0,0,596,3,3,1,3,0,1,0,1,1,1,1,1,1
4438,l1,male,37,Nagykanizsa,Lakatos ,191,0,2,4,1,1,1,1,4,0,0,0,0,0,28774,1,1,1,0,1,0,0,0,1,0,0,2,0,1,0,0,0,339,1,3,1,0,0,0,0,1,2,1,1,0,1
4439,l0,male,29,Nagykanizsa,Lakatos ,160,4,0,3,0,1,1,1,1,2,0,0,0,0,162684,0,0,0,1,1,0,1,1,1,0,0,1,1,1,2,1,0,32,3,3,1,3,0,0,1,2,2,2,1,0,1
4440,l0,male,53,Budakeszi,Lakatos ,158,3,0,3,1,1,1,1,1,2,4,4,0,1,101537,1,0,0,0,1,0,1,1,1,0,3,3,0,4,0,0,1,71,2,1,1,1,0,1,0,2,0,1,1,1,1
4441,l1,male,49,Nagykanizsa,Lakatos ,170,3,0,1,1,1,1,1,2,0,1,1,0,1,264140,1,0,1,0,1,1,1,0,1,0,3,2,1,0,2,1,0,397,1,3,1,1,0,0,0,1,0,0,0,0,3
4442,l1,male,49,Budakeszi,Lakatos ,167,4,0,1,1,1,1,1,0,0,0,1,0,1,269405,0,0,1,1,1,0,0,0,0,0,2,3,0,1,0,0,2,340,1,1,1,1,1,0,0,2,0,1,1,0,4
4443,l1,female,34,Budakeszi,Lakatos ,183,4,0,1,0,1,1,0,2,2,2,0,0,0,271393,0,0,1,0,0,0,1,1,1,0,0,1,1,3,0,0,4,226,3,3,1,0,2,0,0,1,2,0,1,0,2
4444,l1,male,49,Budakeszi,Lakatos ,152,3,2,3,1,1,1,1,2,2,3,1,0,0,60434,1,0,0,0,1,0,0,1,0,0,1,1,0,1,0,0,3,1172,1,0,1,3,2,0,0,1,2,0,1,0,1
4445,l1,male,45,Nagykanizsa,Szakorvos ,173,3,0,2,1,1,1,0,2,2,1,1,0,0,35409,1,0,0,1,0,0,0,0,0,0,1,1,0,1,2,1,3,28350,1,0,1,3,1,0,1,0,0,1,1,0,1
4446,l0,male,42,Nagykanizsa,Lakatos ,173,0,2,3,0,1,1,1,3,2,0,0,0,0,0,1,0,1,0,1,0,0,1,1,0,4,2,0,0,0,1,4,0,2,3,1,2,1,0,0,2,1,1,0,0,3
4447,l1,male,36,Nagybajcs,Szakorvos ,181,4,0,4,1,1,1,1,1,2,3,1,0,1,203995,1,0,0,0,1,0,0,1,1,0,5,1,0,3,0,0,1,85,2,1,1,1,2,0,0,1,0,1,0,1,0
4448,l0,male,57,Budakeszi,Lakatos ,169,0,0,1,0,1,1,1,2,3,2,1,0,0,214142,0,0,0,0,0,0,0,1,1,0,1,1,0,1,2,0,3,0,2,0,1,1,1,0,0,0,2,1,0,1,3
4449,l1,male,64,Nagykanizsa,Szakorvos ,158,0,1,3,1,1,1,1,2,3,0,0,0,0,0,0,0,0,0,1,0,1,1,1,1,1,2,0,4,3,0,4,337,3,0,0,1,0,1,0,2,2,0,1,0,0
4450,l1,female,40,Nagybajcs,asztalos ,168,0,0,1,1,1,1,1,1,1,2,0,0,1,200202,1,0,0,1,1,1,1,0,0,0,1,0,0,1,0,1,0,347,2,1,1,1,2,1,1,0,2,1,1,1,4
4451,l0,male,35,Budakeszi,Lakatos ,171,0,0,3,1,1,2,1,1,2,5,0,0,0,0,1,1,0,0,1,0,1,1,1,1,5,1,0,1,2,0,0,286,2,1,1,2,0,0,0,1,0,1,0,0,2
4452,l1,female,49,Nagykanizsa,Lakatos ,163,0,0,1,0,1,1,1,1,3,3,1,0,0,0,0,0,1,0,1,0,0,1,1,1,0,1,0,1,2,0,0,91,2,1,1,3,0,1,0,2,2,1,0,0,3
4453,l0,male,50,Nagykanizsa,asztalos ,161,0,1,3,0,1,1,1,1,2,6,0,0,0,66429,1,0,0,1,1,1,0,1,1,0,3,2,1,1,0,0,2,144,2,1,1,3,1,1,0,1,2,1,1,1,3
4454,l1,male,33,Nagykanizsa,Szakorvos ,163,0,0,2,1,1,1,1,1,2,3,1,0,0,0,0,0,0,1,1,0,1,1,1,1,1,1,0,0,2,3,3,45813,2,0,1,2,2,1,1,1,2,0,1,1,1
4455,l1,male,57,Budakeszi,Szakorvos ,175,4,0,3,1,1,3,1,2,2,0,0,0,0,387608,1,0,0,1,0,1,1,1,0,0,1,1,0,0,2,0,4,121,2,0,0,1,1,1,1,2,2,1,0,0,1
4456,l0,female,61,Nagykanizsa,asztalos ,164,4,2,3,1,1,1,1,2,3,3,4,0,0,200440,1,0,0,1,1,1,1,1,1,0,2,1,0,4,0,3,4,234,2,3,0,1,1,1,0,2,2,0,1,1,1
4457,l1,male,33,Nagykanizsa,Lakatos ,178,1,0,1,1,1,1,1,1,3,2,1,0,0,0,0,0,1,0,0,1,1,1,0,0,1,0,0,0,2,0,0,298,2,3,0,1,0,1,0,2,2,1,1,1,0
4458,l1,male,39,Nagykanizsa,Lakatos ,165,4,2,4,0,1,1,1,2,0,1,1,0,1,0,1,0,1,0,1,1,0,0,1,1,1,1,0,1,0,0,0,385,2,1,1,3,1,1,0,2,1,1,1,0,3
4459,l1,male,62,Nagybajcs,Lakatos ,188,1,0,4,1,1,1,1,3,3,2,0,0,0,0,1,1,0,0,0,0,1,1,1,0,1,1,0,1,2,2,4,4027,2,3,1,1,2,0,0,2,1,1,0,0,1
4460,l0,male,29,Nagykanizsa,Szakorvos ,169,0,0,3,0,1,1,1,1,3,5,1,1,1,194697,1,0,0,1,1,0,1,1,0,0,5,0,0,0,0,0,3,448,3,1,1,2,2,1,0,1,0,0,1,0,2
4461,l0,female,35,Nagykanizsa,Szakorvos ,189,0,0,2,0,1,1,1,0,2,13,4,0,0,423684,1,0,0,0,1,0,0,1,1,0,1,2,0,1,2,1,4,182,3,3,1,3,1,1,0,1,1,1,1,0,1
4462,l1,male,47,Nagykanizsa,Lakatos ,164,4,0,3,0,1,1,1,4,2,5,4,0,0,7986,1,0,0,0,1,1,1,1,0,0,5,1,0,4,0,1,4,839,3,1,1,0,2,1,0,1,0,0,1,0,1
4463,l1,male,57,Budakeszi,Lakatos ,170,1,0,3,1,1,1,1,2,2,1,1,0,0,73979,0,0,0,1,1,0,0,0,1,1,3,0,0,1,0,0,4,0,3,1,1,3,2,1,1,1,2,1,1,0,3
4464,l1,female,51,Budakeszi,Szakorvos ,180,1,0,2,1,1,1,1,1,0,1,0,0,0,189800,1,0,0,1,0,0,0,0,0,0,1,1,0,1,1,0,0,207,1,0,1,0,2,1,1,2,0,1,0,0,1
4465,l0,male,34,Budakeszi,Lakatos ,170,1,0,3,1,1,1,1,1,3,0,0,0,1,80656,1,1,0,0,1,0,0,1,1,1,5,2,0,1,0,1,3,310,3,1,1,3,2,1,0,1,2,1,1,0,1
4466,l1,male,57,Nagykanizsa,asztalos ,167,4,0,3,1,1,1,1,1,0,1,0,0,1,124206,0,0,0,0,1,0,0,1,1,0,2,1,0,4,0,1,2,295,3,1,1,1,1,0,1,2,2,0,0,0,2
4467,l1,male,37,Budakeszi,Szakorvos ,161,4,0,4,1,1,1,1,0,2,2,1,0,1,0,0,0,0,0,1,0,1,1,1,1,1,3,0,1,0,2,4,350,2,1,1,3,0,1,0,1,2,1,1,1,1
4468,l0,male,63,Nagykanizsa,asztalos ,160,3,0,3,1,1,2,1,0,2,1,1,0,0,0,0,0,0,0,1,0,1,1,1,1,5,2,1,1,2,0,0,591,2,3,1,3,2,0,0,1,0,0,1,0,1
4469,l1,female,59,Budakeszi,Szakorvos ,189,3,0,3,1,1,2,1,1,3,0,0,0,0,28027,0,0,0,0,1,1,1,1,1,1,1,0,0,4,0,0,0,284,2,3,1,3,0,0,0,1,0,0,1,1,1
4470,l1,female,54,Budakeszi,Lakatos ,166,2,0,3,1,1,1,1,7,0,3,1,1,0,101895,0,0,0,0,1,0,1,1,1,1,5,0,0,1,0,1,1,548,2,0,1,3,0,0,0,2,1,0,0,1,2
4471,l1,male,60,Nagykanizsa,Szakorvos ,171,0,0,4,1,1,1,1,2,2,1,0,0,1,137390,0,0,0,0,0,0,0,1,1,0,3,1,0,1,0,0,0,254,2,0,1,2,2,1,1,2,2,1,0,0,3
4472,l1,female,34,Budakeszi,Szakorvos ,169,4,0,2,1,1,1,1,8,2,1,0,0,0,44264,1,0,0,0,1,0,0,1,1,1,4,1,0,3,2,0,3,349,2,1,1,1,0,1,0,2,2,0,1,0,2
4473,l1,female,40,Nagykanizsa,Szakorvos ,176,4,0,3,0,1,1,1,1,2,2,1,0,0,12678,0,0,0,0,1,1,1,0,1,0,5,1,0,4,0,0,0,0,3,1,1,3,2,0,0,1,0,1,1,0,3
4474,l0,female,52,Budakeszi,asztalos ,171,3,0,3,1,1,1,1,2,2,1,1,0,1,291747,1,0,1,0,1,0,0,1,1,0,5,2,0,3,0,0,3,84,2,0,1,1,2,1,0,1,0,1,1,1,1
4475,l0,male,49,Nagykanizsa,asztalos ,182,4,0,3,1,1,0,0,1,3,0,0,0,0,186931,1,0,1,0,1,1,0,1,1,1,3,2,0,0,2,0,3,405,2,1,1,1,2,0,0,2,2,0,1,1,1
4476,l1,female,59,Nagykanizsa,Szakorvos ,178,3,0,2,1,1,1,1,0,2,3,4,0,1,0,0,0,0,0,1,0,1,1,1,0,2,1,1,4,2,1,1,298,2,3,1,1,2,0,0,1,0,0,1,0,1
4477,l0,male,63,Budakeszi,asztalos ,170,4,0,2,0,1,2,1,3,2,0,1,0,0,242941,1,0,0,0,0,1,1,1,0,1,0,0,0,0,4,0,0,511,3,1,1,1,1,1,0,0,2,1,0,0,1
4478,l1,male,28,Nagykanizsa,Lakatos ,171,0,2,4,1,1,1,1,2,2,3,1,0,0,76214,1,0,0,1,1,0,0,1,1,1,0,1,0,1,2,0,3,5345,2,1,1,3,2,1,1,1,1,0,1,0,2
4479,l1,female,26,Nagykanizsa,Szakorvos ,173,3,0,2,1,1,2,0,1,3,0,0,0,0,183769,0,0,0,0,0,1,0,1,1,1,0,1,0,1,0,0,0,0,2,1,1,0,1,0,1,0,0,0,1,0,0
4480,l1,female,30,Nagybajcs,Szakorvos ,187,0,2,4,1,1,1,1,1,0,0,0,0,1,254551,1,1,1,0,1,0,1,1,1,1,3,3,0,1,0,0,3,89,2,1,1,3,2,0,0,2,2,1,1,1,3
4481,l1,male,36,Nagykanizsa,Lakatos ,178,0,0,3,0,1,1,1,1,3,3,1,0,1,0,1,0,0,1,1,0,0,1,1,0,1,0,0,3,2,0,0,343,2,1,1,3,2,0,0,2,2,0,1,1,3
4482,l1,male,58,Budakeszi,Szakorvos ,169,3,0,4,0,1,1,1,1,3,1,1,0,1,161235,1,0,0,0,0,0,0,1,1,0,1,1,0,1,0,0,0,77,2,3,1,1,1,1,1,1,0,0,1,0,1
4483,l0,female,26,Nagybajcs,Lakatos ,190,4,0,3,1,1,2,1,1,3,2,0,0,1,346667,1,0,1,0,1,1,1,1,0,1,1,3,0,3,2,0,2,315,3,3,1,2,2,0,0,1,0,1,1,0,1
4484,l1,male,52,Nagykanizsa,Szakorvos ,174,3,0,3,0,1,1,1,1,3,0,0,0,1,34064,1,1,0,0,1,1,0,0,0,0,4,1,0,1,2,0,0,365,1,2,1,1,2,0,0,1,2,1,0,0,1
4485,l0,male,25,Nagykanizsa,asztalos ,169,1,0,3,0,1,1,1,1,3,2,1,0,0,0,1,0,0,0,1,0,0,0,1,0,5,0,0,1,0,0,0,78,1,0,1,2,1,0,0,1,2,0,1,0,3
4486,l0,male,57,Budakeszi,asztalos ,181,4,1,1,0,0,1,1,0,0,5,0,0,0,591377,1,1,1,0,0,1,0,0,1,0,5,1,0,3,0,3,4,1000,3,1,1,2,2,1,1,2,2,1,1,1,2
4487,l0,male,29,Nagykanizsa,Lakatos ,168,1,0,4,1,1,1,1,2,2,1,0,0,1,323352,0,0,0,0,0,0,1,1,1,1,3,1,0,1,2,0,0,0,2,1,0,1,2,0,0,0,2,0,0,0,1
4488,l1,male,43,Nagykanizsa,Szakorvos ,181,3,0,2,1,1,1,1,2,3,3,4,0,0,0,1,0,0,0,1,0,0,0,1,1,1,1,1,1,2,0,2,0,3,0,1,2,1,0,0,0,0,1,1,0,3
4489,l1,male,51,Nagykanizsa,asztalos ,161,3,0,3,1,1,1,1,1,2,6,1,0,1,448761,1,0,1,0,1,0,0,1,1,1,2,3,0,1,0,1,3,590,1,0,1,3,2,0,0,2,2,1,0,0,2
4490,l1,male,42,Nagybajcs,asztalos ,159,0,2,4,1,1,1,1,1,3,0,0,0,1,64202,1,0,0,0,1,0,0,1,1,1,1,1,0,4,2,0,2,0,3,3,1,0,2,0,0,0,0,1,1,1,1
4491,l1,male,44,Nagykanizsa,Szakorvos ,167,3,0,3,1,1,2,1,1,3,1,1,0,1,113531,1,0,0,1,0,0,0,1,0,0,0,2,0,1,0,0,0,0,3,3,0,1,1,0,1,2,1,0,1,0,1
4492,l1,male,58,Nagykanizsa,asztalos ,166,3,0,3,1,1,1,1,3,2,3,1,0,0,0,0,0,0,0,1,0,1,0,1,1,5,1,0,0,2,0,3,500,3,3,1,1,1,0,0,1,0,1,1,0,0
4493,l0,male,55,Nagykanizsa,asztalos ,174,3,0,3,1,1,1,1,1,3,5,4,0,1,493993,1,1,0,0,1,0,1,1,1,0,5,1,1,1,0,0,4,783,3,3,1,3,0,1,1,2,2,1,0,0,2
4494,l0,male,48,Nagykanizsa,Szakorvos ,170,3,0,3,1,1,2,1,1,0,6,4,0,0,497245,1,0,1,0,1,1,1,1,0,0,3,2,0,1,0,0,3,148,2,2,1,1,2,0,0,0,2,0,1,0,0
4495,l1,female,40,Budakeszi,Lakatos ,172,1,0,3,1,1,1,1,3,2,1,0,0,1,160058,1,1,1,1,1,1,0,1,1,0,5,1,0,1,0,1,1,406,2,0,1,2,1,0,1,0,0,0,0,1,1
4496,l0,female,45,Budakeszi,Lakatos ,180,3,0,1,1,1,1,1,1,2,0,0,0,0,252352,0,0,1,0,1,0,0,1,1,0,1,0,0,1,0,0,1,51,3,3,1,1,1,0,1,2,2,0,1,0,1
4497,l0,male,25,Budakeszi,asztalos ,157,3,0,3,1,1,2,1,1,3,2,0,0,1,505614,0,0,1,0,1,0,1,1,1,1,1,1,0,4,0,0,0,328,2,1,1,1,2,1,0,2,2,0,1,0,4
4498,l1,male,56,Nagykanizsa,asztalos ,173,3,0,3,1,1,1,1,1,2,1,1,0,1,643018,1,0,1,1,1,0,0,0,1,1,3,1,0,1,2,0,3,4237,2,2,1,2,2,1,1,1,2,1,1,1,1
4499,l1,male,62,Nagykanizsa,asztalos ,169,0,0,3,0,1,1,1,1,2,3,0,0,1,381284,1,0,1,1,1,1,0,1,0,0,1,2,0,1,2,1,0,0,3,2,1,2,2,1,0,2,2,0,0,0,1
4500,l1,male,42,Nagykanizsa,Lakatos ,163,0,0,2,0,1,1,1,1,2,0,1,0,1,12140372,1,0,1,0,1,1,0,1,1,1,1,0,0,1,0,0,0,171,1,0,1,3,1,1,0,1,0,0,1,1,1
4501,l1,male,39,Budakeszi,Lakatos ,167,0,0,3,1,1,2,1,2,2,0,0,0,0,77239,1,0,1,0,0,0,1,1,0,0,5,0,0,1,2,1,1,462,3,2,1,1,2,1,0,0,0,0,1,1,0
4502,l0,male,42,Nagybajcs,asztalos ,168,0,0,1,1,1,1,1,0,3,0,0,0,1,519087,1,1,0,0,0,1,1,1,1,0,1,0,0,1,4,0,0,30,2,3,0,1,0,1,1,2,2,0,0,1,1
4503,l1,male,52,Nagykanizsa,Lakatos ,170,4,0,4,1,1,2,1,1,2,4,1,0,0,0,1,1,0,0,0,1,0,1,0,0,0,0,0,4,4,2,0,0,2,1,1,1,2,1,1,1,2,1,1,1,1
4504,l1,male,33,Nagykanizsa,Lakatos ,164,4,1,4,1,1,2,1,1,3,7,4,0,0,170937,1,0,1,0,0,0,1,1,1,1,0,1,0,1,2,0,0,0,2,1,1,1,2,1,1,1,2,0,1,0,1
4505,l0,female,56,Nagybajcs,Szakorvos ,185,4,2,3,1,1,1,1,3,2,0,0,0,0,0,1,0,1,0,1,1,0,0,1,1,5,0,1,1,0,0,3,660,3,3,1,2,2,1,1,1,0,0,1,0,1
4506,l0,female,46,Nagykanizsa,asztalos ,172,0,0,2,0,1,1,1,1,2,3,1,0,0,0,1,0,0,0,1,0,1,0,1,1,1,1,0,1,2,0,0,142,2,0,1,1,0,1,1,2,0,1,0,0,1
4507,l0,male,56,Budakeszi,asztalos ,179,1,0,3,1,1,1,1,1,2,3,1,0,0,0,1,0,0,1,0,0,0,1,1,1,4,1,1,4,2,0,3,202,3,0,1,2,2,1,0,1,2,0,1,1,1
4508,l1,female,58,Nagykanizsa,asztalos ,163,0,0,3,1,1,2,1,3,3,1,1,0,1,0,0,0,0,0,1,1,0,1,0,0,5,1,0,1,2,0,4,131,2,1,1,3,0,0,0,1,2,1,1,1,1
4509,l1,female,25,Nagykanizsa,Szakorvos ,157,4,0,0,1,1,1,1,2,3,5,4,0,1,225451,1,0,0,0,1,0,0,0,1,0,2,2,1,1,0,1,3,527,2,3,1,1,2,1,0,1,0,0,1,1,3
4510,l1,male,62,Nagykanizsa,Lakatos ,162,3,2,4,1,1,1,1,2,2,0,0,0,1,325204,1,0,0,1,1,0,1,1,1,0,0,1,0,0,0,0,3,106,2,2,1,1,1,1,1,2,2,0,0,0,1
4511,l0,male,47,Budakeszi,Szakorvos ,168,4,0,4,0,1,1,1,2,2,0,0,0,1,18282,1,0,0,0,0,0,1,1,1,1,0,0,0,4,2,0,0,346,2,1,0,1,2,1,1,1,2,0,0,0,1
4512,l0,male,25,Budakeszi,Lakatos ,182,0,0,1,0,1,2,1,1,2,1,1,0,0,10283097,0,0,0,0,1,0,0,1,1,0,3,0,0,0,2,0,1,316,2,0,1,3,2,1,0,0,0,1,0,0,1
4513,l1,female,51,Nagykanizsa,asztalos ,175,4,0,3,0,1,1,1,1,2,1,0,0,0,0,0,0,0,0,0,1,1,0,1,0,3,1,0,0,2,0,4,0,2,1,1,1,2,0,0,0,0,0,0,0,1
4514,l1,male,47,Budakeszi,asztalos ,173,0,0,3,1,1,1,0,2,2,5,4,0,0,255280,1,0,0,1,0,1,0,1,0,0,1,0,0,0,2,3,3,129,3,1,1,0,0,1,1,1,2,0,1,1,2
4515,l1,male,47,Nagykanizsa,asztalos ,164,3,0,3,1,1,1,1,0,2,4,4,0,0,0,0,0,0,0,1,1,0,0,1,1,1,1,0,0,0,0,0,0,2,1,1,1,2,1,0,1,0,1,1,0,1
4516,l1,male,51,Budakeszi,Lakatos ,187,4,0,3,1,1,1,1,2,3,2,0,0,1,12104422,1,0,0,0,1,1,0,0,1,1,0,2,0,0,0,0,2,0,1,0,1,1,1,1,0,2,0,1,0,0,3
4517,l1,male,52,Nagykanizsa,Szakorvos ,159,4,0,4,1,1,1,1,1,2,3,4,0,0,60889,1,1,1,1,1,1,0,0,1,1,5,0,0,1,0,0,0,470,2,3,1,3,2,1,1,2,2,1,1,1,2
4518,l0,male,34,Nagykanizsa,Lakatos ,161,2,0,2,1,1,1,1,1,2,0,0,0,1,0,1,0,1,0,1,1,0,1,1,0,5,1,0,0,2,0,0,329,2,2,1,1,2,0,1,0,0,1,0,1,0
4519,l0,female,37,Budakeszi,Szakorvos ,177,3,0,2,1,1,1,1,2,3,4,1,0,0,84179,1,0,0,0,1,1,1,1,1,1,5,1,0,1,2,0,4,234,2,3,1,3,0,1,1,1,2,1,0,0,1
4520,l1,female,28,Nagykanizsa,Lakatos ,179,0,2,3,1,1,1,1,1,3,1,1,0,0,90091,0,0,0,0,1,1,0,0,1,0,5,0,0,1,0,1,3,0,1,0,1,1,0,1,0,1,2,0,1,1,0
4521,l0,female,47,Budakeszi,Lakatos ,171,4,0,1,1,1,1,1,2,2,2,0,0,0,0,1,0,0,0,1,1,1,1,1,0,5,1,0,1,0,2,4,77648,2,2,1,1,2,0,0,1,0,1,0,0,2
4522,l1,female,49,Nagykanizsa,Szakorvos ,189,2,0,3,1,1,1,0,0,0,7,4,0,1,160313,0,0,0,0,0,0,0,1,0,0,2,1,0,4,0,2,4,438,2,3,0,1,1,0,0,0,0,0,1,0,1
4523,l0,male,51,Nagykanizsa,asztalos ,173,3,0,3,1,1,1,1,1,0,2,1,0,1,20006400,1,0,0,0,1,1,1,1,1,1,3,0,1,1,2,2,0,554,3,3,1,3,2,0,0,0,2,0,1,1,3
4524,l0,female,41,Budakeszi,asztalos ,178,4,0,1,1,1,1,1,1,2,0,0,0,1,350686,0,0,0,0,1,1,1,1,1,1,2,1,0,0,0,0,1,152,2,1,1,3,2,0,0,1,2,0,0,1,2
4525,l0,male,45,Budakeszi,asztalos ,171,0,0,3,1,1,1,1,1,3,0,0,0,0,0,0,1,0,0,1,1,0,0,1,0,1,1,0,4,0,3,3,546,3,2,1,3,2,0,0,1,0,1,0,0,4
4526,l1,female,29,Nagykanizsa,Lakatos ,182,4,1,4,1,1,1,0,3,3,4,3,0,1,0,1,0,0,0,1,1,0,1,1,0,1,1,0,1,2,0,0,453,2,1,1,2,0,0,0,2,2,0,0,0,1
4527,l1,male,52,Budakeszi,Lakatos ,168,4,0,3,1,1,1,1,2,0,3,1,0,1,261616,1,0,1,0,1,0,0,1,1,1,5,1,0,1,0,0,1,0,3,2,1,3,1,0,0,1,2,0,1,1,1
4528,l0,male,30,Budakeszi,asztalos ,160,4,0,1,1,1,1,1,1,3,0,0,0,1,243148,0,0,0,0,0,1,0,1,1,0,1,1,0,1,0,0,0,638,2,1,1,1,1,0,0,0,1,1,1,1,1
4529,l1,male,64,Nagykanizsa,Lakatos ,158,0,0,3,1,1,1,1,1,3,1,1,0,0,22535,1,0,0,0,1,1,0,1,1,0,5,1,0,1,2,0,0,0,1,1,1,3,2,1,0,1,0,1,1,0,3
4530,l0,male,46,Nagykanizsa,asztalos ,170,4,2,3,1,1,1,1,1,2,3,1,0,1,290421,1,0,0,1,1,0,1,0,1,0,2,1,0,0,0,0,4,258,1,0,1,3,2,1,1,2,2,0,1,1,1
4531,l0,male,26,Budakeszi,Lakatos ,159,4,0,1,1,1,1,1,2,2,7,4,0,0,311524,1,0,0,1,1,0,0,0,1,0,5,1,0,1,4,1,3,264,3,0,1,1,0,1,1,1,2,0,0,0,1
4532,l1,female,28,Nagykanizsa,Szakorvos ,167,3,1,3,1,1,1,1,1,3,11,4,0,0,0,1,0,0,0,1,0,0,0,1,1,5,1,0,1,2,0,1,0,1,1,1,2,1,1,0,1,0,0,1,0,3
4533,l1,female,37,Budakeszi,Szakorvos ,170,4,0,4,1,1,2,1,1,2,4,0,0,0,0,1,0,1,0,1,0,0,1,0,0,1,2,0,0,0,0,1,652,3,0,1,0,2,0,0,0,0,1,0,0,1
4534,l1,male,36,Budakeszi,Szakorvos ,175,1,2,4,1,1,1,0,1,1,0,0,0,1,249643,1,0,0,0,1,1,0,1,0,0,1,1,0,0,2,0,3,300,2,2,1,2,0,1,0,1,1,0,0,0,1
4535,l1,female,35,Nagykanizsa,Lakatos ,170,1,0,4,1,1,1,1,2,2,3,1,0,0,332842,1,1,1,0,1,0,0,1,1,0,1,2,0,0,0,3,3,584,3,3,1,3,2,0,0,2,2,1,1,1,1
4536,l0,male,25,Nagybajcs,asztalos ,167,0,2,3,1,1,1,1,2,2,6,4,0,1,0,1,0,0,0,1,0,1,1,0,0,3,0,0,0,0,0,0,0,3,1,1,1,2,1,0,2,0,0,1,1,1
4537,l1,male,37,Budakeszi,asztalos ,153,1,0,3,1,1,1,1,1,2,0,0,0,0,386222,1,1,1,0,1,1,0,0,1,1,5,1,0,1,2,0,3,239,3,0,1,2,2,1,0,2,0,1,0,0,1
4538,l1,male,61,Budakeszi,Lakatos ,170,4,2,4,1,1,2,1,2,2,1,1,0,0,42852,1,0,0,1,1,1,1,0,1,1,3,0,0,1,0,0,3,0,1,1,1,2,1,1,1,1,2,0,1,1,2
4539,l0,male,64,Nagybajcs,Lakatos ,162,0,2,3,1,1,2,1,2,3,13,4,0,1,509626,1,0,0,0,0,0,0,1,0,0,5,0,0,4,1,0,1,0,1,0,1,1,2,1,1,2,1,0,1,0,3
4540,l1,male,50,Nagybajcs,Szakorvos ,171,0,2,4,1,1,1,1,0,2,1,0,0,1,178803,1,0,0,0,1,0,1,1,0,0,2,0,0,1,0,3,4,6258,2,1,1,1,2,1,0,2,1,1,0,0,4
4541,l0,male,60,Nagybajcs,asztalos ,176,4,0,3,1,1,1,1,1,2,0,0,0,1,29438,1,0,1,0,1,0,0,1,0,0,2,2,0,1,4,0,4,378,3,0,1,3,2,0,0,1,1,1,0,0,3
4542,l1,male,35,Nagykanizsa,Szakorvos ,169,3,0,4,1,1,1,1,1,1,2,0,0,1,170462,1,0,1,0,1,0,0,0,1,1,5,2,0,1,1,1,4,295,1,0,1,2,2,1,0,1,1,0,1,0,1
4543,l0,male,31,Budakeszi,asztalos ,164,0,0,3,1,1,1,1,1,2,5,4,0,1,13325846,1,0,1,0,1,0,0,1,1,0,3,1,0,1,0,0,3,892,2,1,1,3,2,1,1,2,2,0,1,1,1
4544,l0,male,40,Nagykanizsa,Lakatos ,165,4,0,1,1,1,1,1,1,2,0,0,0,0,232869,1,0,1,0,1,0,0,1,1,1,3,0,0,0,2,1,3,281,2,1,1,3,2,0,1,1,0,0,1,0,3
4545,l0,female,64,Budakeszi,Lakatos ,162,4,0,3,1,1,1,1,3,2,0,0,0,0,0,1,0,1,0,1,0,0,1,1,1,5,2,0,1,2,1,1,313,2,1,1,3,2,0,0,1,0,0,1,1,2
4546,l1,female,62,Nagybajcs,Szakorvos ,185,0,0,3,1,1,1,1,3,2,1,0,0,0,0,1,0,1,0,1,1,0,1,0,0,5,1,0,0,0,0,1,0,2,1,1,2,1,1,0,1,0,1,1,1,1
4547,l1,female,28,Budakeszi,Szakorvos ,168,4,0,4,1,1,1,1,2,2,2,0,0,1,10957742,1,0,1,0,1,0,0,1,0,0,5,1,0,0,0,3,4,770,2,1,1,1,1,0,1,1,0,0,0,0,3
4548,l1,female,47,Nagykanizsa,Szakorvos ,169,4,0,2,1,1,1,1,2,3,3,1,0,0,193065,1,0,0,0,0,1,0,1,0,0,1,2,0,4,2,0,1,444,0,0,1,0,1,0,1,1,0,0,1,1,1
4549,l0,male,52,Budakeszi,Lakatos ,159,3,0,4,1,1,1,1,2,3,9,1,0,0,385860,1,0,0,0,0,0,0,0,1,0,1,1,0,1,2,3,0,178,1,0,0,1,1,0,0,0,0,1,1,0,1
4550,l1,female,61,Budakeszi,Szakorvos ,190,4,0,4,0,1,1,1,1,2,5,1,0,1,204304,0,0,0,0,1,1,0,1,1,0,1,2,0,1,1,2,4,440,2,0,1,1,2,0,1,1,0,1,0,0,2
4551,l0,female,37,Budakeszi,asztalos ,170,3,1,3,1,1,3,1,1,0,1,0,0,0,26930,0,0,1,0,1,0,0,1,0,0,5,1,0,1,0,1,0,0,3,3,1,1,2,0,0,1,2,1,0,0,0
4552,l1,male,62,Budakeszi,Lakatos ,177,1,0,3,1,1,1,1,2,2,3,1,0,0,172296,1,1,0,0,1,1,0,1,1,1,5,1,0,1,2,1,3,379,0,1,1,1,2,0,1,0,0,0,0,0,4
4553,l0,male,38,Budakeszi,Lakatos ,166,3,0,3,0,1,1,1,3,3,0,0,0,0,0,0,0,1,0,1,1,0,0,1,1,1,1,0,4,0,0,3,0,1,1,1,1,2,1,0,1,0,0,1,0,1
4554,l0,male,47,Budakeszi,asztalos ,169,3,0,3,1,1,2,1,2,3,11,0,0,0,0,1,0,0,0,1,0,0,1,1,1,0,2,0,1,0,0,3,2764,1,1,1,1,2,0,0,0,0,1,0,0,0
4555,l1,male,52,Nagykanizsa,Lakatos ,162,3,0,4,1,1,1,1,1,3,0,0,0,0,162293,1,0,0,0,1,1,0,1,1,1,5,2,0,4,0,0,3,0,2,1,1,2,2,0,0,1,0,1,0,0,3
4556,l1,female,61,Nagybajcs,Lakatos ,162,4,1,3,1,1,1,1,1,3,3,1,0,0,525353,1,0,1,1,1,1,0,0,0,1,1,2,0,4,4,3,3,708,2,0,1,2,2,1,1,1,2,0,1,1,1
4557,l0,male,31,Nagykanizsa,asztalos ,171,3,0,1,1,1,1,1,2,3,3,4,0,1,13158,1,0,1,0,1,0,1,0,1,1,1,1,0,3,4,0,3,0,2,1,1,3,1,1,0,0,1,1,0,0,3
4558,l1,male,43,Budakeszi,Lakatos ,176,0,0,3,0,1,1,1,0,2,3,4,0,0,242739,0,0,1,0,1,0,1,1,1,1,1,1,0,1,2,0,3,221,2,2,1,2,1,0,1,1,2,0,1,0,4
4559,l0,male,34,Budakeszi,Lakatos ,162,0,0,0,0,1,1,1,2,3,0,0,0,1,253979,0,0,0,0,0,0,1,1,1,1,2,2,0,0,0,0,0,397,2,1,1,1,1,1,0,2,2,1,1,1,0
4560,l1,male,53,Nagykanizsa,asztalos ,171,4,0,3,1,1,1,0,0,2,4,4,0,1,197264,1,0,0,0,1,1,0,0,1,0,5,1,0,1,0,0,4,481,2,1,1,2,1,0,0,1,0,0,0,0,1
4561,l0,male,33,Nagykanizsa,Lakatos ,169,4,0,4,0,1,1,1,1,0,0,0,0,0,104198,1,0,0,0,1,1,1,1,1,1,2,2,0,0,0,0,2,413,2,0,1,2,2,0,0,2,1,0,0,1,1
4562,l1,male,25,Nagybajcs,Lakatos ,173,3,0,3,0,1,1,1,2,3,1,4,0,0,0,1,1,1,0,1,0,0,1,0,0,5,1,0,1,0,0,1,457,3,3,1,1,1,0,0,2,2,1,1,0,1
4563,l1,female,62,Nagykanizsa,Szakorvos ,177,0,0,2,0,1,1,0,1,0,2,1,0,1,0,1,0,0,1,1,0,0,1,1,1,1,0,0,0,1,0,3,520,2,1,1,1,2,1,0,2,2,1,1,0,3
4564,l1,female,55,Nagybajcs,Szakorvos ,188,3,0,4,0,1,2,0,1,3,0,0,0,1,69390,1,0,0,0,1,0,1,1,1,0,5,1,0,1,2,0,4,462,2,0,1,3,2,0,0,2,2,0,1,1,1
4565,l1,female,30,Nagykanizsa,Szakorvos ,198,3,1,4,0,1,1,1,1,2,14,0,0,1,0,1,0,0,0,1,0,0,0,0,0,5,1,0,1,1,0,3,111,2,3,1,3,2,0,0,0,0,1,1,1,0
4566,l1,female,54,Budakeszi,Szakorvos ,173,4,0,4,1,1,1,1,1,0,14,4,0,0,197989,0,0,0,1,0,0,0,1,1,0,1,2,0,4,1,0,0,225,2,1,1,2,2,1,0,1,2,0,1,0,2
4567,l1,female,57,Nagykanizsa,Lakatos ,170,0,0,4,1,1,1,1,1,2,0,0,0,1,69703,0,0,0,0,1,0,1,1,1,1,5,1,0,1,2,0,0,0,1,1,0,3,2,0,0,1,0,0,1,0,1
4568,l0,male,28,Nagykanizsa,Lakatos ,170,0,0,1,1,1,1,1,2,0,5,2,0,1,434584,1,0,0,0,1,0,0,0,1,1,5,1,0,1,0,0,3,0,3,3,1,1,0,1,0,2,0,1,0,0,1
4569,l1,male,33,Nagykanizsa,asztalos ,170,3,0,3,1,1,1,1,1,2,5,4,0,1,31916,1,0,1,1,1,0,0,1,0,0,1,1,0,1,0,0,0,139,3,1,1,3,2,1,1,2,2,0,1,0,1
4570,l1,male,38,Budakeszi,Lakatos ,175,4,0,3,1,1,1,1,1,2,4,4,0,0,57399,0,0,0,0,1,0,0,0,0,0,1,1,0,1,0,0,3,74,2,0,1,1,0,1,1,2,2,1,0,0,1
4571,l0,male,27,Budakeszi,asztalos ,168,3,0,3,0,1,1,1,1,3,0,0,0,1,54913,1,0,0,0,1,0,0,1,1,0,0,0,0,1,2,0,0,0,3,1,1,1,2,0,0,1,0,0,1,0,1
4572,l0,male,45,Nagykanizsa,asztalos ,181,3,0,3,0,1,1,1,2,2,0,0,0,1,0,1,0,1,0,1,0,0,0,0,0,1,1,1,1,2,0,0,10,2,1,1,1,0,1,1,1,0,0,0,0,1
4573,l0,male,40,Budakeszi,asztalos ,175,4,1,4,1,1,1,1,2,0,10,4,0,0,570760,0,1,1,0,1,0,1,1,1,0,1,1,0,1,0,0,1,0,3,3,1,1,2,0,0,1,2,0,1,0,1
4574,l0,male,53,Nagykanizsa,Lakatos ,171,4,2,1,0,0,0,1,1,2,1,0,0,1,61009,0,0,1,0,1,0,0,1,0,0,3,1,0,3,1,1,4,32437,1,0,1,2,1,0,0,1,2,1,1,1,2
4575,l0,male,36,Nagybajcs,asztalos ,163,0,0,0,1,1,1,1,4,3,0,0,0,0,27087,1,0,1,0,1,1,1,1,1,1,1,1,0,3,2,0,3,83,2,3,1,0,3,0,0,1,2,1,1,1,0
4576,l1,male,53,Nagykanizsa,Szakorvos ,175,4,0,4,1,1,1,1,1,2,4,1,0,1,126269,1,0,1,1,1,0,0,0,1,1,5,1,0,3,2,0,0,0,2,0,1,3,0,1,1,0,0,2,1,1,2
4577,l1,male,27,Budakeszi,Szakorvos ,164,3,2,4,1,1,2,1,0,2,1,0,0,1,0,1,1,1,0,0,0,0,1,1,0,0,1,1,3,2,0,3,639,2,3,0,0,0,0,0,1,1,1,1,1,1
4578,l0,male,30,Nagykanizsa,Lakatos ,176,3,0,3,1,1,1,1,1,2,0,1,0,0,246329,1,1,0,1,0,1,0,1,1,0,0,0,1,1,1,0,3,0,3,3,1,3,2,0,0,1,2,0,1,0,0
4579,l1,female,43,Budakeszi,Szakorvos ,182,0,1,4,1,1,1,1,3,2,1,4,0,0,76546,1,0,1,0,1,0,0,1,1,0,2,1,0,1,2,2,0,772,2,2,1,3,2,0,1,0,0,0,1,1,4
4580,l1,male,58,Nagykanizsa,Lakatos ,173,4,0,4,1,1,1,1,1,2,2,1,0,0,351602,1,1,0,0,1,1,0,1,1,0,5,2,0,4,2,0,3,0,2,3,1,1,1,0,0,0,0,0,1,1,0
4581,l1,female,37,Nagykanizsa,Szakorvos ,180,1,0,2,1,1,1,1,3,3,3,0,0,0,2660,1,0,0,0,0,0,1,0,1,1,0,2,0,0,0,2,1,273,3,0,0,1,1,0,0,1,0,0,1,1,3
4582,l1,male,42,Budakeszi,asztalos ,168,0,0,2,0,1,1,0,3,2,1,1,0,1,272668,1,0,0,0,1,0,1,0,1,0,3,1,1,1,2,3,4,453,2,1,1,2,2,0,1,1,2,1,1,1,3
4583,l1,male,49,Nagykanizsa,Szakorvos ,158,0,0,2,1,1,1,1,3,2,1,0,0,0,45201,1,0,0,0,1,0,1,1,1,0,5,2,0,1,2,1,4,226,2,0,1,3,2,0,0,1,0,0,1,1,3
4584,l1,male,59,Nagykanizsa,asztalos ,163,1,0,3,0,1,1,1,2,3,5,0,0,1,0,1,0,1,1,1,0,0,0,1,1,4,2,0,1,0,0,0,165,2,1,1,1,0,1,1,2,2,0,0,0,3
4585,l0,male,44,Nagykanizsa,Lakatos ,158,0,0,1,1,1,1,1,2,3,2,1,0,0,0,1,0,0,0,1,0,1,1,1,0,2,1,0,4,2,0,3,662,2,1,1,3,3,1,1,2,1,0,0,0,1
4586,l1,male,59,Nagykanizsa,Lakatos ,169,3,0,1,1,1,1,1,1,2,3,1,0,0,317999,0,0,0,0,1,0,0,0,0,0,2,1,0,3,4,2,4,0,1,0,1,1,2,0,0,1,0,1,0,1,1
4587,l1,male,52,Nagykanizsa,asztalos ,161,4,0,1,0,1,1,1,1,0,3,1,0,0,68592,1,0,0,1,1,0,1,1,0,0,3,2,0,4,0,0,0,120,3,3,1,2,1,1,1,1,0,1,1,1,2
4588,l1,female,25,Nagybajcs,Szakorvos ,178,0,2,4,1,1,1,1,6,2,6,4,0,1,17342547,0,0,1,0,1,0,0,1,1,0,1,1,0,4,2,1,4,196,2,2,1,1,2,1,1,2,2,0,1,1,4
4589,l1,female,31,Budakeszi,Lakatos ,162,4,0,2,1,1,2,1,1,3,1,1,0,0,0,1,1,0,1,0,1,1,1,1,0,1,2,0,1,1,1,3,0,3,1,1,2,1,1,1,2,2,1,1,1,1
4590,l0,male,35,Budakeszi,asztalos ,162,4,1,3,1,1,1,1,1,1,1,1,0,0,362772,1,0,0,0,0,0,0,0,0,0,5,1,0,1,2,0,3,0,3,1,0,3,2,0,0,1,0,0,0,0,0
4591,l0,male,27,Nagykanizsa,asztalos ,186,0,0,1,1,1,1,1,3,3,3,1,0,0,0,1,0,0,0,1,1,1,1,1,0,4,1,0,1,2,0,0,214,1,3,1,2,1,0,0,1,0,0,1,1,1
4592,l1,male,31,Budakeszi,asztalos ,163,4,0,4,1,1,1,1,3,3,1,1,0,0,0,1,1,1,0,0,0,0,0,1,0,0,1,0,1,2,1,1,87,0,2,0,1,1,1,1,2,0,0,1,0,1
4593,l1,male,32,Nagykanizsa,asztalos ,162,2,1,3,1,1,1,1,1,2,11,1,0,0,12595465,1,0,0,0,1,1,1,1,0,0,1,1,0,1,2,0,3,0,2,1,1,2,0,1,1,1,2,1,1,0,1
4594,l1,male,25,Budakeszi,asztalos ,178,0,2,3,1,1,1,1,2,3,5,1,0,0,314723,1,0,0,0,1,1,1,1,1,1,1,2,0,1,2,0,1,283,2,0,1,1,2,1,1,1,0,1,1,0,3
4595,l0,male,40,Nagykanizsa,Lakatos ,156,0,0,4,0,1,1,1,1,3,2,0,0,0,0,1,0,1,0,1,0,0,1,1,1,1,1,0,0,0,0,1,0,1,0,1,3,1,1,1,1,0,0,1,1,2
4596,l0,male,35,Nagykanizsa,asztalos ,158,3,0,1,0,1,1,1,1,2,0,0,0,1,0,1,0,0,0,0,0,1,0,1,1,2,1,1,4,1,1,3,212,3,3,1,1,1,1,1,1,2,1,0,0,1
4597,l0,male,25,Nagybajcs,asztalos ,167,3,0,3,0,1,1,1,2,2,0,0,0,0,159124,1,0,0,0,1,0,0,1,1,0,5,1,0,4,2,0,4,3282,2,0,1,2,2,0,0,2,0,1,0,0,2
4598,l1,female,42,Nagykanizsa,asztalos ,166,1,2,3,1,1,1,1,1,3,0,0,0,1,223285,0,0,1,0,1,1,1,1,1,0,5,1,0,1,2,0,0,0,1,0,1,2,2,1,1,1,0,0,1,0,4
4599,l1,female,57,Nagykanizsa,Szakorvos ,165,1,0,2,1,1,1,1,3,2,2,1,0,0,356009,1,0,0,0,1,0,0,0,1,0,5,2,0,4,3,1,4,0,2,1,1,3,1,1,1,1,2,0,1,1,1
4600,l0,male,41,Nagykanizsa,Lakatos ,155,4,0,3,1,1,1,1,1,2,1,3,0,0,23105,1,0,0,1,1,0,1,0,1,0,5,1,0,3,0,0,1,132,3,1,1,1,1,1,0,1,2,2,0,0,1
4601,l1,male,52,Budakeszi,Szakorvos ,157,0,0,1,0,1,1,1,1,2,3,1,0,0,0,1,1,1,1,0,0,0,1,0,0,1,1,0,1,2,0,3,592,3,3,1,1,1,1,1,1,1,1,0,0,1
4602,l1,male,51,Nagykanizsa,Szakorvos ,164,4,1,3,1,1,2,1,0,3,7,4,0,0,0,0,0,0,0,1,1,0,0,0,0,2,0,1,0,2,0,0,0,2,1,1,2,2,1,0,1,2,0,0,1,3
4603,l0,male,59,Budakeszi,Lakatos ,169,3,0,3,0,1,1,1,1,0,0,0,0,0,133930,1,0,0,0,0,0,0,1,0,1,1,0,0,1,2,0,0,0,2,1,0,1,2,0,0,1,0,1,1,0,1
4604,l1,male,27,Budakeszi,Szakorvos ,154,4,2,2,0,1,1,0,1,2,3,4,0,1,0,1,0,0,0,1,1,0,0,1,1,1,1,0,1,2,0,4,359,1,0,1,1,2,0,0,1,0,1,0,0,1
4605,l0,male,50,Nagykanizsa,asztalos ,166,4,0,3,0,1,1,1,2,3,2,1,0,0,91500,1,0,0,0,1,0,1,0,0,0,2,1,0,1,2,0,0,392,2,0,1,2,2,1,0,1,0,0,1,1,1
4606,l0,male,38,Nagykanizsa,asztalos ,152,4,0,3,0,1,1,1,2,2,3,1,0,0,112662,0,0,1,0,1,1,1,1,1,1,1,1,0,1,2,0,4,308,2,0,1,3,0,0,0,0,0,1,0,0,3
4607,l0,male,52,Budakeszi,asztalos ,167,0,0,3,1,1,1,1,1,2,4,4,0,1,0,0,0,0,0,1,0,0,1,1,0,5,1,1,3,2,0,3,10,2,1,1,3,2,1,0,1,2,1,1,1,1
4608,l1,male,53,Budakeszi,asztalos ,155,0,0,3,1,1,1,1,1,2,2,1,0,1,235614,0,0,1,0,1,0,0,1,1,0,1,0,0,1,2,0,2,669,3,3,1,1,2,1,0,1,2,0,0,0,3
4609,l0,male,60,Nagykanizsa,asztalos ,173,4,0,3,1,1,1,1,3,0,3,1,0,0,0,1,0,0,1,1,0,0,1,1,1,5,1,0,0,0,1,4,621,2,0,1,3,2,0,1,1,2,2,0,0,0
4610,l0,male,59,Nagykanizsa,asztalos ,171,3,0,1,0,1,1,1,3,2,7,4,0,0,239415,1,0,1,0,1,0,0,1,1,1,1,1,0,1,0,0,0,0,3,0,1,1,1,1,0,2,0,0,0,0,1
4611,l0,female,56,Nagykanizsa,Lakatos ,173,3,0,3,1,0,0,1,2,3,5,4,0,0,14777623,0,1,1,0,1,0,1,0,0,0,1,0,0,4,0,4,4,507,3,1,1,3,1,1,1,2,2,1,1,1,1
4612,l1,male,39,Budakeszi,asztalos ,177,3,0,3,0,1,1,1,1,2,0,0,0,0,216692,1,0,1,1,1,1,1,0,0,0,1,1,1,1,0,0,1,973,3,1,1,2,1,1,1,2,0,1,1,1,0
4613,l1,female,25,Nagykanizsa,Szakorvos ,176,0,0,2,1,1,1,1,2,3,3,4,0,0,0,0,0,1,0,1,1,1,1,0,0,1,1,0,4,4,0,3,0,2,1,1,3,1,0,0,1,2,0,1,0,3
4614,l1,male,49,Nagykanizsa,Lakatos ,174,4,1,4,0,1,1,1,1,2,5,4,0,0,287305,1,0,0,0,1,0,1,1,1,1,5,2,0,1,1,1,3,194,1,1,1,3,1,1,0,1,0,0,1,0,2
4615,l1,female,28,Nagybajcs,Szakorvos ,178,4,2,3,1,1,1,1,1,2,2,1,0,0,140096,1,0,0,0,1,1,0,1,0,0,5,2,0,1,2,0,4,257,2,1,1,1,2,1,1,1,1,1,1,0,3
4616,l1,female,39,Nagybajcs,Szakorvos ,180,4,0,3,0,1,1,0,0,2,1,0,0,1,169601,0,0,0,0,0,0,0,1,1,0,0,1,0,4,0,0,0,428,0,0,0,1,1,0,0,1,2,0,0,0,1
4617,l1,male,47,Budakeszi,asztalos ,171,3,0,3,1,1,1,1,1,2,1,1,0,0,0,1,0,0,1,1,0,0,1,1,1,5,0,0,1,2,1,1,175,2,3,1,0,1,1,1,2,2,0,1,0,1
4618,l1,male,42,Budakeszi,Szakorvos ,172,3,0,2,1,1,2,1,2,2,1,0,0,0,230128,0,0,0,0,0,0,0,1,1,0,5,1,0,1,2,0,0,320,2,0,1,1,2,1,0,1,0,0,0,1,3
4619,l0,female,53,Budakeszi,Lakatos ,159,3,0,3,1,1,1,1,1,3,3,1,0,0,141185,1,0,0,1,1,1,0,1,1,1,1,1,0,1,0,1,1,0,1,1,1,1,0,1,1,2,0,1,1,1,0
4620,l1,male,35,Nagykanizsa,asztalos ,168,4,0,3,1,1,1,1,1,2,0,0,0,1,0,1,0,0,0,1,1,0,1,1,1,1,0,0,1,1,0,1,198,3,3,1,3,0,1,1,2,0,0,0,0,1
4621,l1,female,33,Nagybajcs,Szakorvos ,161,1,0,3,0,1,1,1,1,2,1,1,0,0,0,1,1,0,0,1,0,1,1,0,0,5,2,0,4,0,0,1,0,2,1,1,3,2,1,1,2,1,0,1,0,2
4622,l1,male,59,Nagykanizsa,asztalos ,163,4,0,3,0,1,1,1,3,0,1,1,0,0,0,0,0,0,0,1,0,1,0,1,0,5,2,1,1,0,0,0,124,3,1,1,3,2,1,0,0,0,0,1,1,2
4623,l1,male,52,Budakeszi,Szakorvos ,172,0,0,2,1,1,1,1,1,2,2,1,0,1,196119,1,0,1,0,1,1,0,0,1,1,1,1,0,3,2,3,3,0,3,1,1,3,2,1,1,0,0,1,1,0,4
4624,l1,female,55,Budakeszi,Lakatos ,169,4,0,4,0,1,2,1,1,0,1,0,0,1,121716,1,0,0,0,1,1,1,1,1,0,1,0,0,1,0,1,2,0,2,3,1,3,1,1,0,2,2,1,1,1,1
4625,l1,female,50,Nagykanizsa,Szakorvos ,170,2,0,2,1,1,1,1,1,0,0,4,0,1,337931,1,0,0,0,1,1,0,1,1,0,5,1,0,1,0,0,0,252,3,1,1,3,1,1,0,1,0,0,1,1,1
4626,l1,male,59,Nagykanizsa,Lakatos ,159,0,2,0,1,1,1,1,3,2,1,1,0,0,57352,1,0,1,0,1,0,1,0,1,1,4,2,0,1,0,1,2,0,1,0,1,1,0,1,1,1,2,1,1,1,0
4627,l1,female,41,Nagykanizsa,Szakorvos ,169,4,0,2,1,1,2,1,8,2,1,0,0,1,0,0,0,1,0,0,1,1,0,1,0,0,2,0,0,4,0,0,204,2,3,1,3,1,0,0,1,2,1,1,0,3
4628,l1,female,56,Nagykanizsa,Szakorvos ,175,4,0,2,1,1,1,1,4,2,0,0,0,0,97591,1,0,0,0,1,0,0,1,1,1,0,1,0,1,2,0,0,372,2,1,0,1,1,1,1,1,0,0,1,1,1
4629,l1,male,49,Nagykanizsa,Szakorvos ,174,4,0,3,1,1,1,1,3,2,6,4,0,0,0,1,0,1,0,1,1,0,0,0,0,4,0,0,0,0,0,0,100,2,1,1,1,2,1,1,1,0,1,1,1,1
4630,l1,female,59,Nagykanizsa,Szakorvos ,180,1,0,3,1,1,1,1,1,2,2,1,0,1,18196568,1,0,0,0,1,0,0,0,0,0,2,1,0,1,0,0,2,0,2,0,1,1,1,1,1,1,2,2,1,0,2
4631,l1,male,57,Budakeszi,Lakatos ,167,4,0,4,1,1,1,1,5,2,2,1,0,1,0,1,0,0,0,0,1,0,1,1,0,3,2,0,1,2,1,4,23281,1,2,1,1,1,1,0,0,0,0,1,1,3
4632,l0,male,61,Nagybajcs,Szakorvos ,170,0,1,4,1,1,1,1,2,3,5,4,0,1,329197,1,0,1,0,0,0,0,0,0,0,3,0,0,0,2,0,4,294,2,0,1,1,1,0,0,0,0,1,0,0,1
4633,l1,female,38,Nagykanizsa,Szakorvos ,194,4,0,2,1,1,1,0,3,3,1,1,0,0,0,1,0,0,0,1,0,1,1,1,1,1,0,0,4,2,0,0,41,2,0,1,2,1,1,1,0,0,1,0,0,0
4634,l1,male,43,Nagykanizsa,Lakatos ,152,0,0,4,0,1,1,1,1,2,2,1,0,1,216698,1,0,0,0,1,1,0,1,1,0,2,0,1,1,2,0,0,0,0,3,1,2,2,1,1,1,0,0,0,0,0
4635,l0,male,58,Budakeszi,Lakatos ,165,3,0,1,1,1,2,0,2,2,1,0,0,0,246398,1,0,1,0,1,0,0,1,1,1,1,0,0,4,0,4,0,179,3,1,1,1,0,0,0,1,0,0,1,0,3
4636,l0,male,30,Nagybajcs,asztalos ,176,4,0,1,1,1,2,1,2,2,0,0,0,0,0,1,0,0,0,1,0,0,1,0,0,1,1,0,1,2,0,3,496,2,0,1,1,2,0,0,2,1,1,0,0,1
4637,l0,male,42,Budakeszi,Lakatos ,164,0,0,1,0,1,1,1,1,3,5,4,0,1,307424,1,0,1,0,1,1,0,1,1,0,0,1,0,1,2,0,3,361,2,1,1,1,0,1,0,0,0,0,0,0,1
4638,l1,female,59,Budakeszi,Szakorvos ,171,3,0,2,1,1,1,1,1,2,0,0,0,0,69456,1,0,1,0,1,1,0,0,1,0,5,3,1,0,2,0,3,237,2,0,1,1,0,1,1,2,2,1,0,0,0
4639,l0,male,29,Nagykanizsa,Lakatos ,177,3,2,3,0,1,1,1,0,3,5,1,0,0,0,1,0,0,0,1,1,1,1,1,0,5,2,1,1,1,0,4,534,2,3,1,1,2,0,0,1,0,1,1,0,0
4640,l0,female,35,Budakeszi,asztalos ,175,0,0,3,1,1,1,1,2,3,1,4,0,0,214885,1,1,0,0,0,1,0,1,1,1,3,1,0,1,2,0,1,120,3,1,1,1,2,0,0,0,0,0,1,0,2
4641,l1,female,32,Nagykanizsa,Szakorvos ,179,4,0,2,0,1,1,1,2,2,1,0,0,1,279517,1,1,0,0,1,1,1,0,0,0,5,0,0,3,2,0,0,0,2,2,1,1,0,1,1,1,2,0,1,0,1
4642,l0,male,25,Budakeszi,Lakatos ,163,3,0,1,1,1,1,1,2,2,0,0,0,0,0,0,0,0,0,1,0,1,1,1,0,5,0,0,1,0,0,0,0,1,3,1,3,1,1,1,1,2,1,0,0,3
4643,l1,female,37,Budakeszi,Szakorvos ,195,0,1,4,1,1,1,1,3,2,8,4,0,0,197180,1,0,1,0,1,0,1,1,1,0,3,2,0,1,0,1,1,8298,2,0,1,1,2,0,0,2,2,1,0,0,0
4644,l0,male,51,Budakeszi,Lakatos ,168,3,2,4,1,1,1,1,1,2,5,4,0,0,68615,0,0,0,0,1,1,0,1,1,0,3,0,0,1,1,0,3,31410,2,3,1,1,1,0,0,0,0,1,1,0,0
4645,l1,male,49,Nagykanizsa,Szakorvos ,163,0,2,3,1,1,2,1,1,3,1,1,0,1,57632,1,0,0,0,1,1,0,1,0,0,1,2,0,1,2,0,4,490,0,1,1,1,0,0,0,1,0,0,1,1,0
4646,l0,male,54,Nagykanizsa,asztalos ,173,4,0,1,1,1,1,1,1,0,1,1,0,0,219077,1,0,0,0,0,1,0,1,1,0,0,1,1,3,0,0,0,0,3,3,1,1,2,0,0,1,0,1,1,0,4
4647,l0,male,50,Nagybajcs,asztalos ,179,4,0,2,1,1,1,1,1,0,2,4,0,0,0,0,0,0,0,1,1,1,1,1,0,5,1,0,1,4,0,3,0,1,0,1,3,2,0,0,1,0,0,0,0,0
4648,l0,male,53,Nagykanizsa,Lakatos ,174,4,0,3,1,1,1,1,1,1,2,1,0,0,260775,1,1,0,0,1,1,0,0,0,0,0,1,0,1,0,1,4,132,2,1,1,2,2,1,0,2,0,1,0,0,2
4649,l1,male,50,Nagykanizsa,Lakatos ,166,4,0,1,1,1,1,1,2,2,5,4,0,0,0,1,0,0,0,1,0,1,1,0,0,1,0,0,1,2,0,2,373,2,3,1,1,2,1,0,0,0,0,1,0,1
4650,l0,male,28,Nagykanizsa,Szakorvos ,183,0,0,1,0,1,1,1,1,3,1,1,0,1,32218,1,1,1,0,1,1,1,1,1,0,1,1,0,1,2,0,0,0,1,1,0,3,1,0,0,0,0,1,1,0,3
4651,l0,male,58,Nagykanizsa,Lakatos ,167,0,0,3,1,1,2,1,1,3,2,0,0,0,205584,1,0,0,0,1,0,1,1,0,0,1,1,0,1,2,0,0,0,3,1,1,1,2,0,0,2,0,1,1,0,1
4652,l1,female,58,Budakeszi,Szakorvos ,193,4,2,4,0,1,1,1,3,2,15,4,0,0,134340,0,0,0,0,1,1,1,0,1,0,3,1,0,1,0,0,0,571,2,1,1,3,2,1,0,2,1,0,0,0,1
4653,l1,male,52,Nagykanizsa,Lakatos ,175,1,2,3,0,1,1,1,2,2,2,0,0,0,105708,1,0,1,1,1,0,0,1,1,1,1,1,0,0,0,0,0,536,1,3,1,1,2,1,0,2,2,1,1,0,1
4654,l1,female,43,Nagybajcs,Szakorvos ,176,3,0,4,0,0,0,0,1,3,1,1,0,1,353486,1,0,1,0,1,1,0,1,1,1,5,1,0,4,2,0,3,609,2,1,1,2,1,1,1,1,0,1,1,1,4
4655,l1,male,31,Nagykanizsa,Lakatos ,175,0,2,4,0,1,1,1,2,0,0,0,0,1,0,1,1,0,0,1,0,0,1,1,1,0,1,1,3,0,2,4,21874,3,3,1,1,2,1,0,0,1,1,0,0,1
4656,l0,male,61,Budakeszi,Lakatos ,173,1,0,1,1,1,1,1,2,2,4,4,0,0,0,1,0,1,0,1,1,0,1,1,1,0,1,0,0,0,1,3,25164,3,1,1,2,2,0,0,1,0,0,0,0,3
4657,l1,male,43,Nagykanizsa,Lakatos ,167,4,0,2,1,1,1,1,1,3,1,0,0,0,0,1,0,0,0,1,1,0,0,1,1,1,1,1,0,0,0,3,352,3,3,1,2,1,0,0,1,2,1,0,0,1
4658,l1,female,62,Budakeszi,Szakorvos ,165,3,0,3,1,1,1,1,1,3,4,1,1,1,104895,1,0,1,0,1,1,0,1,0,0,2,1,0,0,0,1,4,6568,2,1,1,3,1,0,0,1,2,0,0,1,3
4659,l1,male,30,Nagykanizsa,Lakatos ,176,0,1,4,1,1,1,1,1,2,4,1,0,0,46031,1,0,0,1,1,1,0,1,0,0,4,2,0,1,2,0,0,516,1,0,1,3,2,0,1,1,2,0,1,1,3
4660,l0,male,41,Nagykanizsa,Szakorvos ,162,4,0,4,0,1,1,1,1,3,2,1,0,0,0,1,0,0,0,1,0,0,1,0,0,5,3,0,1,2,0,1,318,2,0,1,2,2,1,0,2,2,1,0,0,3
4661,l0,male,51,Budakeszi,asztalos ,170,4,2,3,1,1,1,1,0,2,0,0,0,0,0,1,0,0,0,0,0,0,1,0,0,3,1,0,1,1,1,0,0,3,3,1,3,1,1,1,0,2,0,0,0,0
4662,l0,male,25,Nagybajcs,Lakatos ,181,4,0,3,1,1,1,0,0,2,0,0,0,0,260344,0,0,1,1,1,1,1,1,1,1,1,0,0,1,1,3,4,131,3,1,1,3,1,0,0,1,2,0,1,0,1
4663,l0,male,54,Nagykanizsa,asztalos ,164,4,0,3,1,1,3,1,3,2,9,2,0,0,0,1,0,0,0,0,1,0,1,1,1,1,0,0,0,0,0,0,2258,2,1,1,1,2,1,1,1,2,1,0,0,1
4664,l1,female,28,Budakeszi,Szakorvos ,166,3,0,2,0,1,1,1,1,2,3,1,0,1,0,1,0,1,0,1,1,0,1,1,1,5,0,0,1,2,0,0,294,1,0,1,1,2,1,1,1,0,1,1,1,1
4665,l1,male,60,Nagykanizsa,asztalos ,162,1,2,3,1,1,2,1,1,2,2,1,0,0,409756,0,1,0,0,1,0,1,1,1,1,0,1,0,3,0,0,3,0,3,1,1,1,2,0,0,1,1,0,0,0,2
4666,l0,male,29,Budakeszi,asztalos ,162,0,0,1,1,1,1,1,1,0,0,0,0,1,354880,0,0,1,0,1,0,1,1,0,0,2,1,0,1,0,0,0,394,2,1,1,2,1,1,0,1,0,0,0,0,1
4667,l1,male,46,Nagykanizsa,asztalos ,160,4,1,4,0,1,1,1,3,3,2,1,0,0,130782,1,0,0,1,0,0,0,0,1,0,1,1,0,4,0,0,0,476,2,1,1,3,0,1,1,0,2,1,1,1,2
4668,l0,female,33,Nagykanizsa,Szakorvos ,178,0,0,3,0,1,2,1,2,3,3,1,0,0,0,1,1,1,0,1,0,0,1,1,1,5,2,0,0,0,0,0,667,2,0,1,1,2,0,1,1,0,1,1,1,1
4669,l1,male,39,Budakeszi,Lakatos ,158,3,2,4,1,1,1,1,1,2,1,0,0,0,97053,1,0,0,1,1,1,0,1,1,1,5,1,0,1,0,0,3,718,2,1,1,2,2,0,0,1,0,1,0,0,3
4670,l1,male,40,Nagykanizsa,Szakorvos ,167,0,0,3,1,1,1,0,2,0,0,0,0,1,15117,1,0,0,0,0,0,0,1,1,1,1,0,0,1,2,1,4,519,3,3,1,3,1,1,1,2,0,1,0,0,3
4671,l0,male,32,Nagykanizsa,Lakatos ,171,3,0,1,1,1,1,0,0,2,3,4,0,1,163987,0,0,0,1,0,0,0,1,1,0,1,2,1,1,0,3,3,492,3,3,1,1,2,0,0,1,2,1,1,1,1
4672,l1,male,55,Nagykanizsa,Lakatos ,155,0,0,1,1,1,1,1,2,1,0,0,0,1,62903,0,0,1,1,1,1,0,0,1,0,1,1,0,1,2,0,3,396,3,1,1,1,1,0,0,1,0,0,1,0,1
4673,l1,male,27,Nagykanizsa,Lakatos ,159,0,0,4,0,1,1,1,2,2,6,4,0,1,210133,1,0,1,0,0,1,0,1,1,0,4,1,0,4,2,0,0,45,0,1,1,2,2,1,1,2,2,0,0,0,3
4674,l1,male,43,Budakeszi,Lakatos ,197,0,0,3,1,1,1,1,1,2,4,4,0,1,0,1,0,1,0,0,1,1,0,1,1,0,1,0,1,2,0,1,143,2,0,1,0,2,1,1,1,0,0,0,0,4
4675,l1,male,29,Nagykanizsa,Szakorvos ,157,0,0,3,1,1,2,1,1,3,3,1,0,1,176773,1,1,1,0,1,1,1,0,0,1,1,0,0,1,1,0,3,460,3,1,1,1,2,1,0,0,0,1,0,0,2
4676,l0,male,33,Nagybajcs,asztalos ,169,0,0,1,0,1,1,1,1,0,0,0,0,0,0,1,0,0,0,1,0,0,1,1,1,1,1,0,1,0,0,3,226,1,0,1,3,1,0,0,1,1,0,1,1,0
4677,l1,female,30,Nagykanizsa,Szakorvos ,187,3,0,3,1,1,1,1,14,2,0,0,0,1,534405,1,0,0,0,1,1,0,1,0,0,2,1,0,4,2,2,4,20234,1,0,1,3,2,1,0,1,0,0,1,0,2
4678,l0,male,32,Nagykanizsa,Lakatos ,179,4,0,3,0,1,1,1,3,0,2,1,0,0,0,1,0,0,0,1,0,0,1,0,0,5,1,1,1,2,2,3,5462,3,3,1,2,2,1,1,2,0,1,0,0,1
4679,l1,male,41,Nagybajcs,Szakorvos ,171,4,0,3,1,1,2,1,1,2,1,1,0,1,146250,1,0,0,0,0,1,0,1,1,0,0,1,0,1,0,3,4,68,2,0,1,1,1,0,0,1,1,0,0,1,1
4680,l1,male,30,Nagykanizsa,asztalos ,167,3,2,3,1,1,2,1,3,2,1,0,0,1,8803506,1,0,0,0,1,1,0,1,0,0,5,2,1,1,0,3,0,293,2,2,1,1,2,1,1,1,0,1,1,0,3
4681,l1,female,57,Budakeszi,Lakatos ,162,4,0,1,0,1,1,1,1,2,1,0,0,0,41104,0,0,0,0,1,0,1,1,1,1,5,1,0,1,2,0,1,177,2,1,1,3,2,0,0,1,2,1,1,1,1
4682,l1,female,26,Nagybajcs,Szakorvos ,167,4,2,1,1,1,1,1,2,0,1,1,0,0,323259,1,0,0,1,1,1,0,0,0,0,1,2,1,0,2,0,0,49,2,1,1,1,2,1,1,1,1,0,1,0,0
4683,l1,male,48,Nagykanizsa,asztalos ,175,4,0,3,1,1,1,1,3,0,0,0,0,1,143040,1,0,0,0,1,0,1,1,1,0,1,1,0,1,4,0,0,646,2,2,1,2,1,0,1,1,0,0,1,1,3
4684,l0,male,44,Nagykanizsa,Lakatos ,165,3,0,1,1,1,1,1,2,2,1,1,0,1,86108,1,0,0,0,1,1,0,1,1,1,5,3,0,4,2,0,0,5020,1,0,1,3,0,0,0,2,0,2,0,0,4
4685,l1,male,48,Nagykanizsa,Szakorvos ,166,0,0,2,0,1,1,1,2,0,0,1,0,0,0,1,0,0,1,1,0,1,1,0,0,5,1,0,4,2,0,4,259,2,1,1,3,2,1,1,2,2,1,1,1,4
4686,l1,male,65,Nagykanizsa,Szakorvos ,169,2,0,2,1,1,2,1,2,2,1,0,0,0,0,1,0,0,1,1,0,0,1,1,1,2,2,1,1,0,1,2,163,3,2,1,1,2,0,1,1,2,1,1,0,3
4687,l0,male,36,Nagybajcs,asztalos ,173,0,0,3,1,1,1,1,2,3,10,4,0,1,0,1,0,0,1,1,0,0,1,0,0,4,3,0,4,2,0,3,4813,1,0,1,0,1,1,1,1,2,1,0,0,3
4688,l0,male,50,Nagykanizsa,asztalos ,170,4,1,1,1,1,1,1,1,0,1,1,0,0,51584,1,0,1,0,0,0,0,0,1,0,4,1,0,1,2,0,3,390,2,0,0,1,2,0,1,2,2,0,1,1,0
4689,l1,male,38,Nagykanizsa,Szakorvos ,172,0,0,4,1,1,1,1,1,2,0,4,0,1,107617,1,0,0,0,1,1,0,1,1,0,1,1,1,1,0,0,0,423,2,3,1,1,2,0,1,1,0,0,0,0,3
4690,l1,female,27,Budakeszi,Szakorvos ,173,0,0,4,1,1,1,1,1,2,0,0,0,0,0,1,1,0,0,1,0,0,1,1,1,4,2,0,1,0,0,3,134,2,2,1,2,2,1,1,2,1,1,1,0,2
4691,l0,male,47,Budakeszi,Szakorvos ,167,3,0,2,1,1,1,1,2,2,1,0,0,0,0,1,0,0,0,1,0,1,1,1,0,5,1,0,1,0,3,0,250,3,1,0,1,2,1,1,0,1,0,0,0,2
4692,l1,male,65,Nagykanizsa,asztalos ,171,4,0,3,1,1,1,1,1,0,7,1,0,0,0,1,0,1,1,1,1,0,1,1,0,5,1,0,1,3,0,1,0,2,1,1,3,2,1,0,2,2,1,0,0,3
4693,l0,male,36,Budakeszi,Lakatos ,170,3,0,3,1,1,1,1,2,2,5,0,0,0,134175,1,0,0,0,1,0,1,1,1,0,5,0,0,1,2,2,3,545,2,0,1,3,2,0,1,0,0,1,1,1,1
4694,l1,male,52,Nagykanizsa,Szakorvos ,176,3,0,3,1,1,2,1,3,0,0,0,0,1,138009,0,0,1,0,1,1,0,0,1,0,5,0,0,4,2,0,4,3570,3,1,1,3,2,0,0,2,0,1,1,0,0
4695,l0,male,46,Budakeszi,Lakatos ,175,4,0,4,1,1,1,0,1,2,5,3,0,1,0,0,0,1,0,1,1,1,1,1,0,1,0,0,4,0,0,0,0,2,1,1,1,2,0,0,1,1,0,1,0,1
4696,l0,male,44,Nagykanizsa,asztalos ,161,4,0,3,1,1,2,0,1,2,1,0,0,1,9961632,1,0,1,0,1,0,0,1,1,1,2,1,0,1,0,0,0,178,2,0,1,3,2,1,1,2,2,0,0,0,4
4697,l1,female,37,Budakeszi,Szakorvos ,194,0,0,2,1,1,1,1,2,3,0,0,0,0,425091,1,0,0,0,1,0,1,1,1,1,5,1,0,1,2,2,3,92,3,2,1,2,1,0,0,2,1,0,1,1,1
4698,l0,male,38,Budakeszi,Lakatos ,175,4,1,1,1,1,2,1,1,2,2,4,0,0,0,0,0,0,0,1,0,0,0,1,0,1,1,0,0,0,0,3,380,1,0,0,1,1,0,0,1,0,0,1,0,0
4699,l1,male,51,Nagykanizsa,Lakatos ,168,0,0,4,1,1,1,1,1,0,3,1,0,1,756563,1,0,1,0,1,0,1,1,1,1,0,1,0,1,0,0,4,146,2,3,1,0,0,1,1,0,0,1,0,0,1
4700,l1,female,62,Budakeszi,Szakorvos ,195,4,0,2,1,1,1,0,1,2,1,1,0,0,168631,0,0,0,1,1,1,0,1,1,1,5,1,0,4,0,0,1,2960,2,1,1,3,2,1,1,2,1,1,1,1,0
4701,l1,female,49,Nagykanizsa,Szakorvos ,189,3,0,3,0,1,1,1,1,2,5,0,0,1,926266,1,0,1,0,0,0,0,0,0,0,2,0,0,1,0,0,4,2640,3,3,1,1,1,1,1,0,0,1,1,0,1
4702,l1,female,32,Budakeszi,Szakorvos ,169,3,0,2,1,1,1,1,0,2,3,1,0,0,0,1,0,0,1,1,1,0,1,1,0,2,2,0,1,0,3,3,519,2,1,1,3,2,0,0,1,2,0,1,1,1
4703,l1,male,50,Nagykanizsa,Lakatos ,151,3,1,3,1,1,1,1,1,2,2,4,0,0,236256,1,0,0,0,1,0,0,1,1,0,2,1,0,4,0,3,4,383,2,0,1,1,0,0,0,2,2,1,1,0,1
4704,l0,male,51,Nagykanizsa,Lakatos ,156,3,0,4,1,1,1,1,2,0,3,1,0,0,379320,1,1,1,0,1,1,0,1,1,0,5,0,0,1,1,0,1,319,0,3,1,2,2,1,0,1,2,1,0,0,2
4705,l1,male,41,Nagykanizsa,Szakorvos ,177,3,2,3,1,1,1,1,1,2,1,0,0,0,50715,1,0,0,1,1,0,0,1,1,1,5,3,0,3,0,0,1,131,2,1,1,3,1,1,0,2,2,1,1,0,1
4706,l1,male,52,Budakeszi,Szakorvos ,180,4,0,3,1,1,2,1,2,0,1,0,0,0,36801,0,0,1,1,1,0,0,0,1,1,5,1,0,0,2,2,3,576,2,1,1,3,2,1,1,1,2,1,1,1,0
4707,l1,female,30,Nagykanizsa,Szakorvos ,162,0,0,2,0,1,1,1,1,2,0,0,0,1,394568,1,0,1,1,1,1,0,1,1,1,5,3,0,1,2,4,1,305,2,3,1,1,0,1,0,2,2,1,0,0,1
4708,l1,male,58,Nagykanizsa,asztalos ,170,4,0,3,1,1,1,1,1,1,1,1,0,1,281914,1,0,0,0,1,1,0,1,1,0,1,1,0,1,0,1,3,0,2,0,1,1,2,1,1,1,2,2,1,0,1
4709,l1,male,29,Nagykanizsa,Szakorvos ,170,4,2,4,1,1,1,1,1,0,1,1,0,1,52351,1,0,0,0,1,1,1,1,1,0,5,0,1,4,0,0,0,17569,3,3,1,2,2,0,0,1,0,0,1,1,1
4710,l0,male,61,Nagykanizsa,Szakorvos ,172,4,0,2,1,1,1,1,1,2,1,0,0,0,122691,0,0,1,0,1,0,0,1,0,0,2,1,0,4,2,0,3,313,2,1,1,1,1,0,1,1,2,0,0,0,1
4711,l0,male,48,Budakeszi,asztalos ,165,1,0,2,0,1,1,1,0,2,2,1,0,0,0,1,0,0,0,1,0,0,0,1,0,5,0,0,1,1,1,3,313,1,0,1,3,2,0,0,1,2,0,1,1,1
4712,l0,male,48,Nagykanizsa,asztalos ,161,3,0,3,0,1,1,1,1,2,7,4,0,0,0,0,0,0,0,0,0,1,1,1,1,2,1,0,4,2,2,4,3088,1,3,1,1,2,1,1,1,2,0,0,0,1
4713,l1,male,61,Budakeszi,Szakorvos ,169,3,0,2,1,1,2,1,0,3,0,0,0,1,337297,1,0,0,0,1,1,0,1,0,0,0,1,1,1,0,0,2,36,3,3,1,1,0,1,0,2,0,1,1,0,1
4714,l1,male,40,Nagykanizsa,Szakorvos ,169,4,0,3,0,1,1,1,1,2,3,1,0,0,0,1,0,0,0,1,0,0,1,1,1,5,1,0,0,0,0,0,340,1,1,1,2,2,1,0,1,0,1,0,0,2
4715,l1,male,56,Budakeszi,Szakorvos ,160,3,1,3,1,1,2,1,2,2,3,1,0,1,208097,1,0,0,0,0,1,0,0,0,0,1,1,0,1,0,0,1,719,2,1,1,1,2,1,1,2,2,0,1,0,3
4716,l0,male,31,Budakeszi,Szakorvos ,160,3,0,3,1,1,1,1,3,2,2,3,0,1,0,1,0,0,0,1,0,0,1,1,0,5,1,0,1,1,0,1,331,2,1,1,3,2,0,0,1,1,0,0,0,1
4717,l1,male,62,Nagybajcs,Szakorvos ,169,4,0,3,1,1,2,1,1,2,1,0,0,1,174476,0,0,0,0,1,0,0,1,1,0,3,1,0,0,0,0,0,0,3,2,1,3,2,1,0,1,0,1,1,1,1
4718,l1,female,25,Nagybajcs,asztalos ,176,4,0,4,1,1,1,1,1,2,1,0,0,0,512393,0,0,0,0,1,1,1,1,1,0,1,2,0,1,0,0,0,0,3,3,1,3,1,0,0,2,2,1,1,1,3
4719,l1,male,27,Budakeszi,asztalos ,161,0,0,3,1,1,1,1,1,3,11,1,0,0,0,1,0,1,0,1,0,0,1,1,0,1,1,0,4,4,0,4,6184,2,0,1,3,2,0,0,1,1,0,0,0,3
4720,l1,female,46,Budakeszi,Szakorvos ,189,4,0,2,1,1,1,1,2,2,1,0,0,1,348142,1,0,1,0,1,1,1,1,1,1,5,2,0,1,0,0,0,0,3,3,1,3,0,1,1,0,0,1,1,1,4
4721,l0,male,29,Nagybajcs,asztalos ,167,4,0,3,1,1,2,1,1,2,12,4,0,1,0,1,0,1,0,0,0,0,1,1,1,5,1,1,1,0,0,0,302,3,3,1,3,1,0,1,2,2,1,1,1,1
4722,l1,male,46,Nagybajcs,Lakatos ,168,3,0,3,1,1,1,1,3,3,2,0,0,0,0,0,0,0,1,1,1,1,1,0,0,5,3,0,1,0,3,4,320,3,0,1,3,2,0,1,1,2,0,0,0,1
4723,l0,male,36,Budakeszi,Lakatos ,179,0,0,0,1,1,1,1,1,3,1,0,0,1,244009,0,0,0,0,0,0,0,0,1,1,0,1,0,1,2,1,0,93,2,1,1,1,1,0,0,0,2,0,1,0,1
4724,l0,male,64,Budakeszi,Szakorvos ,166,0,0,3,1,0,1,1,1,2,8,4,0,0,10697,1,0,0,0,1,0,0,1,1,0,5,1,0,1,2,0,3,597,2,1,1,1,1,1,0,1,2,0,0,0,1
4725,l0,male,49,Nagykanizsa,asztalos ,162,3,0,3,1,1,1,1,2,0,2,1,0,1,109513,0,1,0,1,1,1,0,1,1,1,5,1,0,1,0,0,0,211,2,1,1,3,1,1,1,2,2,0,1,1,3
4726,l1,male,57,Budakeszi,asztalos ,176,0,0,1,1,1,1,1,4,3,5,1,0,1,0,1,0,0,0,1,0,1,0,0,0,5,2,0,3,2,1,4,6295,1,0,1,0,1,0,0,0,0,1,1,1,1
4727,l1,male,52,Budakeszi,asztalos ,166,0,0,3,0,1,1,1,1,0,1,0,0,0,350167,1,0,1,0,1,0,0,1,1,1,4,1,0,1,0,0,1,110,3,1,1,1,2,0,0,1,0,0,1,1,2
4728,l1,female,52,Nagykanizsa,Szakorvos ,177,3,0,2,1,1,1,1,1,2,4,0,0,0,373907,1,0,0,1,0,0,0,1,1,0,1,1,0,3,0,0,0,416,2,3,0,1,2,1,1,2,0,1,0,1,2
4729,l0,female,46,Nagykanizsa,Lakatos ,165,3,0,1,1,1,1,1,1,3,0,0,0,0,0,0,0,0,0,0,1,0,1,1,1,1,0,0,1,2,0,4,820,1,0,1,1,1,0,0,2,0,1,1,0,2
4730,l0,male,42,Nagykanizsa,asztalos ,165,0,1,3,0,1,2,1,1,0,3,4,0,0,163745,1,0,1,0,1,0,1,1,0,0,5,2,0,1,0,1,4,129,3,3,1,1,2,0,0,0,0,1,0,0,0
4731,l1,male,31,Budakeszi,asztalos ,165,0,0,3,0,1,1,1,2,3,0,0,0,1,206115,0,0,0,1,1,1,0,1,1,0,1,1,0,1,0,1,2,0,2,1,1,1,2,1,1,1,2,1,1,0,3
4732,l0,female,59,Nagykanizsa,Lakatos ,185,1,0,3,0,1,1,1,1,0,2,1,0,0,0,1,0,0,0,1,0,0,1,0,0,5,1,0,1,1,1,1,0,2,0,1,3,2,1,1,2,0,1,1,1,0
4733,l0,male,58,Nagybajcs,Lakatos ,181,1,0,1,1,1,1,1,1,3,2,1,0,0,131835,0,0,1,0,0,0,1,1,1,1,0,1,1,0,0,0,3,0,3,3,1,1,1,0,0,0,0,1,0,0,1
4734,l0,male,39,Nagykanizsa,Szakorvos ,163,0,0,2,0,1,2,1,3,2,2,1,0,0,10728649,0,0,1,0,1,1,1,1,1,1,1,1,0,0,0,0,0,445,2,1,1,1,2,1,0,1,2,1,1,1,3
4735,l1,female,59,Nagykanizsa,Szakorvos ,194,4,2,4,1,1,2,1,1,2,1,0,0,0,0,1,0,0,0,1,0,0,1,1,0,1,3,0,1,2,0,0,0,3,3,1,3,2,0,0,1,0,0,1,0,0
4736,l1,male,45,Nagykanizsa,asztalos ,171,4,0,3,0,1,1,1,1,3,0,0,1,1,0,1,0,0,0,1,0,1,1,1,1,5,0,0,1,3,2,4,0,1,1,1,3,1,0,0,1,1,0,1,0,3
4737,l0,male,47,Nagykanizsa,Lakatos ,172,4,0,1,1,1,2,1,1,2,1,1,0,1,0,1,0,0,0,1,0,1,1,1,0,5,1,0,1,0,0,0,0,2,0,1,3,0,0,0,1,1,0,1,1,1
4738,l1,male,63,Budakeszi,Szakorvos ,169,3,0,3,1,1,1,1,2,2,0,0,0,1,70232,1,0,0,0,1,0,0,1,1,1,5,1,0,1,2,0,0,0,1,0,1,2,2,0,0,1,2,0,0,0,3
4739,l1,male,65,Nagykanizsa,Szakorvos ,182,3,2,4,0,1,1,1,1,0,0,0,0,1,0,1,0,0,0,1,1,1,1,0,0,5,0,0,1,2,0,4,4105,1,0,1,3,1,0,0,0,0,1,1,0,1
4740,l1,male,30,Budakeszi,Szakorvos ,177,4,0,3,0,1,1,1,1,0,0,0,0,1,184464,1,0,0,0,1,1,0,1,1,1,5,3,0,1,2,1,0,263,1,0,1,3,0,0,0,1,2,0,0,0,4
4741,l1,male,62,Budakeszi,asztalos ,167,0,0,3,0,1,1,1,0,3,0,0,0,0,103053,1,0,0,0,1,1,1,1,0,0,5,2,0,4,0,0,3,235,2,1,1,2,2,1,0,1,0,0,1,1,0
4742,l0,male,46,Budakeszi,Lakatos ,154,3,0,1,1,1,1,1,2,3,3,1,0,1,416361,0,0,0,0,1,1,0,1,1,0,5,1,0,4,0,0,0,195,2,1,1,2,1,1,1,2,2,1,1,1,1
4743,l1,male,26,Budakeszi,asztalos ,160,3,2,3,1,1,2,1,2,3,0,0,0,0,0,1,1,0,1,1,1,0,0,1,0,2,1,0,1,2,1,4,7076,3,3,1,1,2,0,1,1,2,1,1,1,0
4744,l0,male,52,Budakeszi,Lakatos ,174,0,1,3,1,1,1,1,3,1,10,1,0,1,167371,1,0,0,0,1,1,0,1,1,0,5,2,0,1,1,0,1,120,2,0,1,1,0,1,0,1,0,0,1,1,1
4745,l1,female,62,Nagykanizsa,Lakatos ,154,4,0,1,1,1,1,0,1,2,1,0,0,0,133710,0,0,0,0,0,1,1,1,1,0,1,2,0,1,2,0,0,311,3,1,1,1,2,0,0,1,0,1,1,0,0
4746,l0,male,58,Nagykanizsa,asztalos ,172,4,0,3,0,1,1,1,4,2,1,0,0,0,224975,1,0,1,0,0,0,0,1,1,1,1,1,0,1,2,0,3,749,2,3,1,1,2,0,0,1,0,0,1,0,1
4747,l1,male,45,Budakeszi,asztalos ,165,3,0,3,1,1,2,0,0,0,0,0,0,1,265006,1,0,1,0,1,0,0,1,0,0,1,1,1,1,2,0,0,622,2,3,1,3,2,0,1,0,0,1,1,0,0
4748,l0,male,36,Nagybajcs,asztalos ,163,0,0,3,1,1,1,1,2,2,1,0,0,0,0,1,0,1,0,1,0,1,0,0,0,1,0,0,1,2,0,1,300,2,1,1,3,3,0,0,1,0,1,0,0,0
4749,l0,male,57,Nagykanizsa,Lakatos ,173,4,2,3,0,1,1,1,1,3,3,1,1,1,271365,0,0,1,0,1,0,1,1,1,1,1,0,0,1,2,0,3,436,3,1,1,3,2,0,0,0,0,1,1,1,0
4750,l1,male,39,Budakeszi,Szakorvos ,164,3,0,3,1,1,1,1,1,2,7,4,0,0,184771,0,0,0,0,0,1,0,0,1,1,5,1,0,0,0,0,3,663,2,1,1,2,2,0,1,1,2,1,1,1,2
4751,l0,male,58,Nagykanizsa,Lakatos ,174,4,0,2,1,1,1,1,2,2,2,1,0,1,169325,0,0,1,0,1,1,0,1,1,1,1,1,0,1,0,0,0,50,3,0,1,1,2,0,0,1,0,1,1,0,4
4752,l0,female,47,Nagykanizsa,Lakatos ,169,3,2,4,1,1,2,1,2,2,2,0,0,1,0,1,0,1,0,0,0,1,1,1,0,3,0,0,4,0,1,1,0,2,1,1,1,2,0,0,1,1,0,0,0,1
4753,l0,male,25,Budakeszi,Lakatos ,157,3,0,3,1,1,1,1,1,2,3,0,0,1,303926,1,0,0,0,0,1,0,1,1,1,3,1,0,4,2,0,0,616,1,1,0,0,1,1,0,1,0,0,1,0,1
4754,l0,male,45,Budakeszi,Lakatos ,156,4,0,1,1,1,1,1,1,2,4,4,0,0,149313,0,0,0,0,0,0,0,1,0,0,5,1,0,1,2,1,4,28410,2,1,1,1,1,0,0,1,1,0,1,0,3
4755,l0,male,50,Nagykanizsa,Szakorvos ,161,1,0,3,1,1,1,1,1,2,6,0,0,0,0,0,0,1,0,1,1,1,1,1,1,0,1,0,0,2,0,4,773,1,1,1,1,2,0,0,2,0,0,0,0,3
4756,l1,male,60,Nagykanizsa,Lakatos ,168,4,2,4,0,1,1,0,3,3,0,0,0,0,244217,1,0,0,0,1,0,0,1,0,0,1,1,0,0,2,1,3,470,3,3,1,1,2,0,0,1,1,0,0,0,1
4757,l1,male,61,Nagykanizsa,asztalos ,169,0,1,3,1,1,1,1,3,3,1,1,0,1,214853,0,0,0,1,1,0,0,1,1,1,1,1,0,1,0,0,0,0,3,2,1,3,1,1,0,1,0,0,0,0,1
4758,l1,male,60,Nagykanizsa,Szakorvos ,182,2,0,3,0,1,1,1,1,0,1,0,0,1,9189,1,0,0,0,1,0,0,0,1,0,0,1,1,1,1,0,0,0,2,3,1,1,1,1,1,0,0,1,0,0,1
4759,l0,male,53,Nagykanizsa,asztalos ,159,3,0,3,0,1,1,1,2,0,4,4,0,0,0,0,0,0,0,1,1,1,1,1,1,1,3,0,1,0,2,4,542,3,0,1,2,2,1,1,1,2,0,1,1,2
4760,l1,male,60,Nagykanizsa,Lakatos ,172,0,2,3,0,1,1,1,1,0,2,1,0,1,926996,1,1,0,0,1,0,0,1,1,0,3,2,0,0,2,0,0,473,2,0,1,2,1,0,0,1,2,0,1,0,4
4761,l1,male,45,Budakeszi,Lakatos ,178,4,0,3,1,1,1,1,1,3,2,1,0,1,296490,0,0,1,0,1,1,1,0,1,1,1,3,0,1,0,2,4,253,3,0,1,2,2,0,0,1,0,1,1,0,3
4762,l0,male,58,Budakeszi,Lakatos ,167,4,0,3,1,1,1,1,1,3,4,1,0,0,131960,1,1,0,0,1,0,0,1,1,0,4,0,0,1,2,1,1,7512,2,1,1,3,2,0,0,2,2,0,0,0,3
4763,l1,male,27,Nagykanizsa,Szakorvos ,176,3,0,4,1,1,2,1,1,3,5,1,1,1,0,0,0,1,0,0,0,0,1,1,0,1,1,0,0,2,0,3,404,3,3,1,1,0,0,0,0,0,1,0,1,1
4764,l0,male,59,Nagybajcs,asztalos ,159,3,0,1,1,1,1,1,2,2,1,0,0,0,328814,1,0,0,0,1,0,1,0,1,1,1,1,1,1,2,2,3,0,3,3,1,1,2,1,0,0,0,1,1,1,4
4765,l0,male,25,Nagybajcs,Lakatos ,165,0,0,3,1,1,1,1,1,3,3,1,0,0,0,0,1,0,0,1,0,0,0,1,1,1,1,0,1,0,0,1,95,2,0,1,3,1,0,1,1,2,1,0,0,0
4766,l1,female,35,Nagykanizsa,Szakorvos ,191,4,0,2,0,1,1,1,2,3,2,0,0,1,508527,1,0,0,1,0,1,0,1,1,1,2,2,0,3,2,0,0,0,2,3,1,1,2,1,1,2,2,0,1,1,2
4767,l0,male,60,Nagykanizsa,asztalos ,165,4,0,1,1,1,1,1,2,3,1,0,0,0,0,1,0,0,0,0,0,1,0,1,1,0,1,0,1,0,2,3,7132,2,0,1,1,2,0,0,0,2,1,1,1,1
4768,l1,female,35,Nagybajcs,Szakorvos ,187,0,0,3,1,1,1,1,1,2,3,1,0,0,534636,0,0,0,0,1,0,1,0,1,1,0,2,0,1,0,0,1,0,2,3,1,2,0,0,0,1,0,1,1,1,1
4769,l1,female,59,Budakeszi,Lakatos ,168,4,0,4,0,1,1,1,1,3,3,1,0,0,98532,0,0,0,0,1,0,0,1,0,0,0,1,0,0,4,0,1,781,1,0,1,1,2,1,1,1,0,1,1,0,2
4770,l1,male,48,Nagykanizsa,asztalos ,150,0,0,3,1,1,1,1,1,2,10,1,0,0,49571,1,1,0,0,1,0,1,1,1,1,1,1,0,1,2,0,3,0,2,1,1,1,1,1,0,1,0,0,1,1,0
4771,l1,male,40,Nagykanizsa,Lakatos ,178,4,0,1,1,1,1,1,2,2,0,0,0,0,0,0,0,0,0,1,0,1,1,1,0,1,1,0,0,0,0,3,889,3,3,1,1,1,1,1,0,2,0,0,0,1
4772,l1,male,53,Budakeszi,Lakatos ,163,3,0,2,1,1,1,1,1,2,0,0,0,1,323131,1,0,0,1,1,1,0,1,1,0,1,3,0,4,2,0,3,0,1,0,1,3,1,1,1,2,2,1,1,1,4
4773,l0,male,41,Budakeszi,Lakatos ,164,4,0,1,1,1,1,1,1,0,1,0,0,1,188055,1,0,0,0,0,1,0,0,1,0,1,2,0,1,2,0,0,313,2,1,0,1,2,0,0,1,2,0,1,1,1
4774,l1,female,62,Nagykanizsa,Szakorvos ,173,0,0,4,1,1,1,1,2,3,0,0,0,0,207355,1,1,1,0,0,0,0,1,1,1,1,1,0,1,2,0,0,256,0,0,1,1,1,0,0,1,0,1,0,0,0
4775,l0,male,38,Nagykanizsa,Szakorvos ,168,0,0,3,0,1,1,1,2,3,0,0,0,0,66993,1,0,0,0,1,0,0,1,0,0,5,0,0,4,0,2,0,357,2,3,1,3,0,1,1,1,0,0,0,0,4
4776,l1,male,27,Nagykanizsa,Szakorvos ,163,3,0,4,0,1,1,1,1,3,0,0,0,0,59684,1,0,0,0,1,1,0,1,1,1,5,1,0,1,0,0,3,48104,2,1,1,2,2,0,0,1,0,0,0,0,1
4777,l1,male,53,Nagykanizsa,asztalos ,184,0,0,3,0,1,1,1,1,2,2,0,0,0,263865,1,1,0,1,0,1,1,1,1,0,0,1,0,1,2,0,0,0,2,0,1,1,2,0,0,1,1,1,0,0,3
4778,l1,male,29,Nagykanizsa,Lakatos ,170,4,0,3,1,1,1,1,0,2,3,1,0,1,0,1,0,0,0,1,0,0,1,1,0,0,1,0,1,0,1,4,922,2,3,0,1,0,1,0,1,0,1,1,0,1
4779,l0,male,31,Nagykanizsa,Szakorvos ,176,4,0,1,1,0,1,1,2,2,3,2,0,0,121683,1,0,0,1,1,1,0,1,0,0,1,1,0,1,2,0,1,0,2,1,1,2,0,1,1,1,2,0,1,1,1
4780,l0,male,27,Budakeszi,Lakatos ,162,3,0,3,1,1,1,1,2,3,0,0,0,0,427530,1,1,1,0,1,1,1,1,1,1,1,1,0,1,2,4,1,208,2,0,1,0,0,1,1,1,0,0,1,1,1
4781,l0,female,39,Nagybajcs,Szakorvos ,192,2,1,4,0,1,2,1,4,2,4,1,0,0,0,1,0,0,0,1,1,0,1,1,1,2,0,0,1,0,0,0,470,3,3,1,3,1,0,0,2,0,1,0,0,1
4782,l0,male,56,Budakeszi,asztalos ,169,3,0,3,1,1,1,1,1,3,4,1,0,0,99048,0,0,1,0,1,0,1,1,1,1,5,0,0,0,2,1,4,3898,2,1,1,3,2,0,0,1,0,0,0,1,3
4783,l1,male,25,Nagykanizsa,Lakatos ,158,1,0,4,0,1,1,1,2,3,5,1,0,0,70595,1,1,0,0,1,1,0,0,1,1,3,1,0,0,2,0,1,1023,2,1,1,1,2,0,0,1,1,0,1,1,1
4784,l1,female,33,Nagykanizsa,Szakorvos ,178,4,0,2,1,1,1,1,2,3,7,4,0,1,0,1,0,0,1,1,1,0,0,1,1,0,0,0,1,0,0,4,0,2,1,1,1,2,1,0,1,2,1,0,0,4
4785,l1,male,44,Nagykanizsa,Lakatos ,182,3,0,4,0,1,1,1,2,3,5,4,0,1,200758,1,1,0,0,1,0,0,1,1,1,1,0,0,0,0,0,0,62,1,2,1,1,3,0,0,0,1,0,0,0,1
4786,l0,male,43,Budakeszi,asztalos ,162,2,1,3,1,1,1,1,5,1,0,0,0,0,240037,0,0,0,1,0,0,0,1,1,0,4,1,0,1,0,3,4,320,2,1,1,1,2,0,0,2,2,0,0,0,3
4787,l1,male,60,Budakeszi,Szakorvos ,157,1,0,4,1,1,1,1,1,2,2,1,0,0,336043,1,1,0,0,1,0,1,1,1,0,1,1,0,1,2,0,4,539,2,1,1,3,2,0,0,1,1,0,0,0,1
4788,l1,male,51,Nagykanizsa,Szakorvos ,178,4,0,1,1,1,1,1,3,3,4,4,0,1,255903,0,0,1,0,1,1,1,1,0,0,0,1,0,4,0,0,0,0,2,0,1,1,0,1,0,1,1,0,1,0,3
4789,l0,male,46,Nagykanizsa,Lakatos ,167,0,0,2,1,1,1,1,0,2,2,1,0,1,0,1,0,1,0,0,0,1,1,1,0,5,0,0,4,0,2,4,182,2,2,1,2,1,0,0,0,0,1,0,0,1
4790,l0,female,60,Nagykanizsa,Szakorvos ,166,0,0,4,1,1,1,1,2,2,1,0,0,1,80744,1,0,0,0,1,1,0,1,1,0,1,1,0,1,4,0,0,296,3,3,1,3,2,1,1,2,0,0,0,0,1
4791,l1,male,58,Nagykanizsa,Szakorvos ,165,4,0,3,1,1,1,1,1,2,1,0,0,0,0,1,1,0,0,1,1,1,0,1,1,1,0,0,0,2,2,3,0,2,1,1,3,0,0,1,1,2,0,1,1,3
4792,l0,male,34,Nagykanizsa,asztalos ,167,1,1,3,1,1,1,1,2,0,2,1,0,0,0,1,1,0,0,1,0,1,1,1,1,3,1,0,1,2,3,3,659,3,2,1,1,0,1,0,0,0,1,0,1,0
4793,l1,female,36,Nagykanizsa,Szakorvos ,178,4,0,3,0,1,1,1,1,3,7,0,0,1,0,1,0,0,1,1,0,0,0,1,0,5,0,0,4,0,0,0,149,2,0,1,3,2,1,1,2,2,1,1,1,2
4794,l1,male,47,Nagykanizsa,Lakatos ,181,3,0,4,1,1,2,1,2,1,1,1,0,1,730055,1,0,1,0,1,1,1,1,0,0,5,2,1,1,2,0,0,174,3,3,1,3,2,0,0,1,0,1,0,0,3
4795,l0,male,57,Nagykanizsa,asztalos ,169,0,0,3,0,1,1,1,1,2,7,4,0,0,0,1,0,0,1,0,1,0,0,1,1,0,0,0,2,0,0,0,0,3,3,1,1,0,1,0,2,0,0,0,0,1
4796,l0,male,56,Budakeszi,asztalos ,167,1,0,3,1,1,1,1,3,2,1,0,0,0,0,1,0,0,0,1,0,1,0,0,0,1,0,0,1,0,0,0,0,1,3,1,1,2,1,1,1,0,0,1,0,1
4797,l0,male,33,Budakeszi,asztalos ,164,4,0,3,1,1,2,1,1,2,2,1,0,0,278771,0,0,0,0,0,0,1,1,1,1,1,1,0,1,0,1,4,256,2,1,1,2,0,0,0,0,0,1,1,0,1
4798,l1,female,64,Nagykanizsa,asztalos ,182,0,0,3,1,1,1,1,1,2,0,0,0,0,657502,1,0,1,0,1,0,0,1,1,1,2,0,1,4,1,0,0,0,3,3,1,3,1,1,0,2,2,1,1,1,1
4799,l1,female,44,Budakeszi,Szakorvos ,185,3,0,2,1,1,1,1,1,2,2,1,0,0,16536,1,1,0,0,0,0,0,1,1,0,2,1,0,1,2,0,3,70,2,1,1,1,2,1,0,1,2,1,1,0,1
4800,l0,female,65,Budakeszi,Szakorvos ,179,2,0,2,1,1,2,1,4,2,0,0,0,0,0,1,0,0,0,1,0,1,1,1,0,5,1,0,0,0,3,4,4257,2,1,1,1,1,1,0,1,2,0,0,0,1
4801,l1,male,65,Nagykanizsa,Lakatos ,163,1,0,2,1,1,2,1,1,2,2,4,0,0,38896,1,0,1,0,1,0,0,1,1,1,1,2,0,1,0,0,0,0,2,1,1,1,1,0,0,0,0,2,1,0,4
4802,l0,male,39,Budakeszi,asztalos ,194,0,0,1,0,1,1,1,1,3,5,4,0,1,259929,1,0,1,0,1,0,0,1,1,1,2,1,0,1,0,0,1,0,1,2,1,2,1,0,0,1,0,1,1,1,1
4803,l0,female,63,Nagykanizsa,Szakorvos ,175,1,0,1,1,1,1,1,1,3,3,4,0,1,0,1,1,1,0,1,0,0,1,1,1,3,1,0,1,2,0,0,149,2,0,1,2,2,1,0,2,0,0,1,1,0
4804,l0,male,28,Nagykanizsa,Lakatos ,157,4,1,1,1,1,1,0,3,3,1,0,0,0,0,1,0,0,0,0,0,0,1,1,0,1,0,0,0,2,0,1,173,2,1,1,0,0,0,0,0,0,1,0,1,3
4805,l0,male,31,Nagybajcs,asztalos ,169,0,0,1,1,1,1,1,1,2,3,1,0,1,3558,0,0,0,0,1,0,0,1,1,0,1,0,0,1,2,0,0,158,1,3,1,1,2,1,0,1,0,1,0,0,1
4806,l0,male,42,Nagykanizsa,Lakatos ,166,4,1,3,1,1,1,0,1,1,7,1,0,1,0,1,0,0,0,1,0,0,1,1,0,1,1,0,1,0,0,0,218,2,3,1,1,2,0,0,0,0,1,0,0,1
4807,l1,female,56,Budakeszi,Szakorvos ,187,1,0,4,0,1,1,1,1,2,3,0,0,0,337103,0,0,0,0,1,0,0,0,1,1,4,0,0,4,0,1,3,1018,2,1,0,1,2,0,1,2,2,1,1,0,1
4808,l0,male,34,Nagykanizsa,asztalos ,164,4,0,2,1,1,1,1,2,2,3,1,0,0,185785,1,0,0,0,1,0,0,0,0,0,1,1,1,4,2,1,3,455,3,3,1,2,2,1,1,1,0,0,0,0,2
4809,l0,male,55,Nagykanizsa,asztalos ,168,0,0,3,1,1,1,1,3,2,4,4,0,1,70031,1,0,0,0,0,0,0,0,1,1,0,2,0,4,0,0,3,457,3,2,1,1,0,1,1,1,0,0,0,1,1
4810,l1,female,53,Budakeszi,Szakorvos ,159,0,0,3,1,1,1,1,1,2,2,1,0,1,290179,1,0,1,0,1,1,0,1,0,0,1,1,0,0,2,0,1,174,2,1,1,2,2,0,1,0,2,0,1,1,3
4811,l1,male,43,Nagykanizsa,asztalos ,167,4,0,3,1,1,1,1,2,2,5,4,0,1,335075,0,0,1,0,1,1,1,0,0,0,1,1,0,1,0,0,3,106,1,0,1,1,2,1,0,1,0,0,1,0,2
4812,l0,male,41,Budakeszi,Lakatos ,156,3,0,4,0,1,1,1,3,2,0,0,0,1,236840,1,1,1,0,1,0,0,1,0,0,3,1,0,1,0,0,4,389,2,3,1,1,1,0,0,1,0,1,1,1,1
4813,l1,male,60,Budakeszi,asztalos ,159,3,0,1,1,1,1,1,1,2,0,0,0,1,0,1,0,0,1,1,1,0,1,1,1,3,1,0,0,2,0,3,3842,2,0,1,1,2,1,1,2,2,1,1,1,2
4814,l0,female,62,Budakeszi,Szakorvos ,169,4,0,3,0,1,1,1,1,2,2,1,0,0,0,1,0,0,0,1,1,0,0,1,1,5,0,0,3,2,0,3,0,0,0,1,2,2,0,0,1,0,1,0,0,1
4815,l0,male,50,Nagykanizsa,Lakatos ,164,3,0,1,1,1,2,1,1,2,3,1,0,1,321140,1,0,0,0,1,0,0,1,1,1,2,2,0,3,2,0,4,0,1,2,1,1,2,1,0,2,2,1,0,0,2
4816,l0,male,29,Nagykanizsa,asztalos ,163,0,2,1,0,1,1,1,1,2,2,3,0,0,26182,0,0,1,0,0,0,0,1,1,0,3,2,0,4,0,1,3,438,0,0,1,0,0,0,1,1,2,0,0,1,1
4817,l0,male,41,Budakeszi,asztalos ,182,1,0,3,1,0,0,1,1,3,5,4,0,0,262828,0,0,0,0,1,0,1,1,1,1,1,1,1,1,0,1,1,356,3,3,1,2,1,1,0,0,2,0,0,1,1
4818,l1,male,50,Budakeszi,asztalos ,171,3,1,3,1,1,2,1,1,2,1,0,0,1,0,1,0,0,0,1,0,1,1,0,0,3,1,0,1,1,0,1,0,2,0,1,3,2,0,0,1,1,0,1,1,3
4819,l1,male,47,Nagykanizsa,asztalos ,166,4,2,3,0,1,1,1,2,2,4,0,0,1,0,0,0,0,0,1,1,1,0,1,1,1,0,1,1,0,0,1,21,3,3,1,1,0,1,1,1,2,0,1,0,1
4820,l1,female,56,Nagybajcs,Lakatos ,169,4,0,2,1,1,2,1,1,3,3,1,0,1,0,1,1,1,0,1,1,0,0,1,0,5,1,0,3,0,1,0,24,1,2,1,1,2,1,1,0,0,1,0,0,1
4821,l1,male,58,Nagykanizsa,Lakatos ,167,3,0,3,1,1,1,1,1,2,2,1,0,0,40059,0,0,1,0,1,0,0,1,0,0,1,1,0,4,2,0,3,345,1,1,1,3,2,0,0,1,0,0,0,0,1
4822,l0,male,25,Nagykanizsa,asztalos ,173,3,0,4,0,1,1,1,2,2,0,0,0,1,463645,1,0,1,0,1,0,1,0,1,1,2,1,0,1,0,2,0,411,1,0,1,2,2,1,1,2,2,1,1,1,1
4823,l1,female,46,Budakeszi,Szakorvos ,163,4,0,2,0,1,1,1,1,2,0,1,0,1,0,1,0,1,0,1,0,0,1,1,0,4,1,0,1,0,0,3,723,2,3,1,1,2,0,1,1,2,0,1,0,4
4824,l0,male,32,Budakeszi,Lakatos ,177,3,0,4,0,1,1,1,1,2,3,1,0,1,0,1,0,0,0,1,1,0,1,1,0,0,1,0,4,0,0,0,0,2,1,1,2,2,0,0,1,0,1,0,0,0
4825,l1,male,34,Nagykanizsa,Szakorvos ,168,0,2,4,0,1,1,1,2,2,0,0,0,1,383317,1,1,0,1,1,1,1,1,1,0,1,0,0,1,0,0,3,2644,3,3,1,1,2,1,1,1,0,0,1,1,1
4826,l1,male,59,Nagykanizsa,Szakorvos ,163,4,0,4,1,1,2,1,1,2,0,0,0,1,83380,1,1,1,0,0,1,1,1,1,1,0,0,0,4,2,3,4,364,1,1,1,1,1,1,1,1,0,1,0,1,0
4827,l0,female,49,Nagybajcs,asztalos ,161,4,0,3,0,1,1,1,1,2,3,1,0,0,420728,0,1,1,0,1,0,0,1,1,1,1,1,1,2,2,0,1,169,3,3,1,2,0,0,0,0,0,1,1,1,1
4828,l0,male,36,Nagykanizsa,asztalos ,162,0,0,3,1,1,1,1,2,0,0,0,0,0,0,1,0,1,0,1,0,1,1,0,0,5,1,0,1,0,0,0,0,1,0,1,2,2,1,0,2,2,1,0,0,1
4829,l1,male,29,Nagykanizsa,Lakatos ,169,0,0,3,1,1,1,1,1,2,3,1,0,1,0,1,0,0,1,1,0,0,1,0,0,2,1,0,1,0,0,3,248,1,1,1,3,2,1,0,1,2,0,0,0,1
4830,l1,male,51,Nagykanizsa,Szakorvos ,179,4,1,4,1,1,1,1,1,2,5,4,0,0,0,1,0,0,1,1,0,0,1,1,1,1,0,0,1,2,1,0,16046,2,1,1,3,2,0,0,1,2,1,0,0,0
4831,l1,male,56,Nagykanizsa,Lakatos ,165,4,2,1,1,1,1,1,1,2,3,1,0,0,0,1,0,0,0,0,1,0,1,0,0,1,2,0,1,0,1,4,524,2,1,1,3,0,1,0,2,2,1,1,0,1
4832,l0,female,61,Nagykanizsa,asztalos ,177,3,0,0,1,1,1,1,1,3,0,0,0,1,0,0,0,1,0,1,1,0,1,1,1,1,1,0,1,0,4,1,124,1,2,1,3,0,1,0,1,2,0,1,1,1
4833,l1,male,25,Budakeszi,Szakorvos ,182,0,0,4,1,1,1,1,3,2,0,0,0,0,202742,1,0,0,0,0,0,1,1,1,1,1,0,0,4,0,0,0,0,1,2,1,2,2,1,1,2,0,0,1,0,1
4834,l0,male,26,Nagybajcs,Lakatos ,178,4,0,0,1,1,2,1,1,2,6,4,0,0,129675,1,0,0,0,1,0,0,1,1,0,2,1,0,4,2,0,0,0,1,1,1,3,2,0,0,0,1,0,0,0,1
4835,l0,male,41,Nagybajcs,asztalos ,179,0,0,3,0,1,1,1,1,2,0,0,0,1,222948,1,0,1,0,1,1,0,1,1,0,1,1,0,1,0,0,0,0,1,0,1,3,2,0,0,0,0,0,1,1,3
4836,l1,male,49,Nagykanizsa,Szakorvos ,178,0,0,2,1,1,2,0,2,2,11,1,0,0,488651,1,0,0,1,0,1,0,0,0,0,0,1,0,3,2,0,3,3895,2,1,0,1,1,1,1,1,0,0,1,1,3
4837,l0,male,49,Nagykanizsa,asztalos ,169,1,1,3,0,1,1,1,2,3,2,4,0,0,0,1,0,0,0,0,1,0,1,1,1,0,1,0,4,2,0,0,531,2,1,0,3,1,1,1,1,0,1,0,0,1
4838,l0,male,30,Budakeszi,asztalos ,172,4,2,4,1,1,1,0,2,3,0,0,0,1,156957,0,0,1,0,1,0,0,1,1,0,3,2,0,1,2,0,0,135,2,1,1,3,1,0,0,2,2,0,1,0,1
4839,l0,male,57,Budakeszi,Lakatos ,165,3,0,4,1,1,1,1,2,3,0,0,0,1,86200,0,0,1,0,1,0,1,1,1,1,1,1,0,1,0,0,0,466,2,1,1,1,0,1,1,1,0,0,1,0,1
4840,l0,female,59,Nagybajcs,Szakorvos ,173,3,0,1,1,1,2,1,3,2,2,1,0,1,496746,1,0,1,0,1,0,1,0,1,0,3,1,0,1,0,2,4,3004,2,1,1,1,1,1,0,0,1,1,1,1,1
4841,l0,female,50,Budakeszi,Szakorvos ,184,4,0,3,0,1,1,1,1,3,0,0,0,1,205352,1,0,0,0,1,1,1,0,1,0,3,1,0,1,0,0,4,0,3,1,1,3,1,1,1,2,1,0,1,1,3
4842,l1,male,34,Nagykanizsa,Szakorvos ,186,4,0,2,0,1,1,0,2,2,1,0,0,0,152821,1,0,0,0,1,0,1,1,1,1,5,1,0,1,2,2,3,5628,2,3,1,3,0,0,0,1,0,0,0,0,1
4843,l1,male,65,Nagybajcs,asztalos ,164,4,1,3,1,1,1,1,2,2,3,0,0,1,133486,1,0,1,0,1,0,1,1,0,0,0,2,0,0,2,0,4,0,2,1,1,3,2,0,0,1,0,0,1,1,3
4844,l1,male,61,Nagykanizsa,Lakatos ,167,4,0,1,1,1,2,1,2,2,3,0,0,1,234343,1,0,0,0,1,0,1,0,0,0,4,1,0,1,0,2,4,0,3,3,1,3,1,0,0,0,0,1,0,0,1
4845,l1,male,26,Nagykanizsa,asztalos ,165,3,0,4,1,1,1,1,1,2,3,1,0,1,353484,1,0,0,1,0,1,0,1,1,1,2,1,0,1,0,0,0,327,2,3,1,3,2,1,0,1,2,0,1,1,3
4846,l1,male,28,Nagykanizsa,Lakatos ,175,4,0,4,1,1,1,1,2,2,2,0,0,1,156804,1,0,1,1,0,0,0,1,0,0,1,1,0,4,2,0,3,0,3,1,1,1,1,1,1,1,2,0,1,1,1
4847,l0,male,46,Budakeszi,Szakorvos ,170,2,1,3,0,1,2,1,1,2,4,1,0,0,310684,0,0,0,0,0,0,1,0,1,1,4,1,0,1,0,2,4,5892,1,1,1,3,1,0,0,1,0,1,1,0,3
4848,l0,male,37,Nagybajcs,Szakorvos ,174,1,0,3,1,1,1,0,1,2,5,4,0,1,86397,1,0,1,0,1,1,0,1,1,1,5,2,1,1,0,1,3,254,3,3,1,3,2,1,0,1,2,1,0,0,1
4849,l0,male,64,Nagykanizsa,asztalos ,175,1,0,4,1,1,1,1,2,0,1,0,0,0,211189,0,0,0,0,1,0,0,0,0,0,1,1,0,0,0,0,3,449,1,0,1,3,2,0,0,1,1,1,0,0,2
4850,l0,male,34,Nagykanizsa,asztalos ,173,1,0,3,1,1,1,1,3,0,0,0,0,0,65106,1,0,0,1,1,0,0,1,1,1,5,0,0,1,0,0,3,461,1,1,1,3,2,1,1,2,2,0,0,0,1
4851,l0,male,38,Budakeszi,asztalos ,172,4,0,3,1,0,1,1,3,2,0,0,0,0,127720,0,1,0,0,1,1,0,0,0,0,5,1,0,1,0,0,4,76746,3,1,1,3,1,1,1,2,0,0,0,0,2
4852,l1,female,29,Nagykanizsa,Szakorvos ,187,4,1,2,0,1,1,1,2,2,2,1,0,0,20911,1,0,0,0,1,0,0,1,1,1,5,2,0,1,0,0,0,0,2,0,1,1,1,0,0,1,2,1,1,0,0
4853,l1,male,28,Budakeszi,Lakatos ,161,4,0,3,1,1,1,1,1,3,2,1,0,1,0,0,0,0,0,0,0,1,1,1,1,3,1,0,1,2,0,3,277,3,3,1,3,1,0,0,1,0,1,1,1,2
4854,l0,male,59,Nagykanizsa,Szakorvos ,175,3,0,3,0,1,1,1,5,2,2,1,0,0,0,1,0,0,0,0,1,0,1,1,0,0,2,0,4,2,0,3,0,2,3,0,1,2,0,0,0,0,1,0,0,1
4855,l1,male,46,Nagykanizsa,asztalos ,182,0,0,3,1,1,2,1,1,2,2,0,0,0,12360475,0,0,0,1,1,0,0,1,1,1,0,1,0,1,2,0,1,24,2,1,1,3,0,1,1,1,2,0,1,1,3
4856,l0,male,31,Budakeszi,Lakatos ,170,0,0,1,1,1,1,1,2,2,1,1,0,0,0,1,0,0,0,1,0,1,0,0,0,4,1,0,0,0,0,2,0,2,0,1,2,1,0,0,1,0,0,0,0,1
4857,l0,male,63,Nagykanizsa,asztalos ,167,0,0,3,1,1,1,1,2,2,5,4,0,0,410331,0,0,0,1,0,0,0,1,1,1,0,1,0,0,0,0,1,81,2,0,1,0,1,1,1,2,2,1,0,0,0
4858,l0,male,32,Budakeszi,asztalos ,173,3,0,1,1,1,2,1,2,2,4,1,0,1,46971,1,0,0,0,1,0,1,1,1,1,5,2,0,4,2,0,1,17,2,1,1,2,2,1,1,1,2,1,1,1,1
4859,l0,male,59,Nagybajcs,asztalos ,177,3,0,3,1,1,1,1,3,0,0,0,0,0,64593,1,1,0,0,1,1,0,1,1,0,5,1,0,0,0,0,3,59,3,3,1,3,1,0,0,2,2,0,0,0,1
4860,l1,male,34,Nagybajcs,Lakatos ,169,0,0,4,1,1,1,1,1,1,0,0,0,1,35693,1,0,0,0,1,1,0,1,1,0,5,0,0,1,0,4,2,6219,2,2,1,3,1,0,0,1,0,0,0,0,3
4861,l1,male,46,Nagykanizsa,Lakatos ,183,0,2,4,1,1,2,1,9,0,2,1,0,1,0,1,0,1,0,0,0,1,1,1,1,1,1,1,1,2,0,3,262,3,3,1,1,2,0,1,0,0,1,0,0,1
4862,l0,female,47,Nagykanizsa,Szakorvos ,173,1,0,4,1,1,1,1,1,2,1,0,0,0,0,1,0,0,0,0,0,1,1,1,1,1,1,0,1,0,0,1,765,2,3,1,1,2,0,1,0,0,0,1,1,1
4863,l0,male,59,Budakeszi,asztalos ,153,3,0,3,1,1,2,1,1,2,3,4,0,0,0,1,0,0,0,1,1,0,1,1,1,1,1,0,0,2,0,0,0,2,1,1,3,1,0,0,1,1,0,1,0,2
4864,l1,male,49,Budakeszi,Lakatos ,170,0,2,4,1,1,2,0,0,3,3,1,0,1,0,1,0,0,0,0,1,0,1,1,0,1,0,0,1,1,0,0,0,2,1,1,1,2,1,1,1,0,1,0,1,1
4865,l1,male,37,Budakeszi,Lakatos ,176,3,0,3,0,1,1,1,0,3,0,0,0,0,71207,1,0,1,0,1,0,1,1,1,1,5,1,0,0,2,0,4,142,2,3,1,2,2,1,1,0,0,1,1,1,4
4866,l1,female,45,Nagykanizsa,Szakorvos ,175,0,0,4,1,1,1,1,2,2,1,1,0,0,0,1,1,0,0,1,1,0,1,1,1,3,2,0,1,0,0,2,383,3,3,1,1,0,0,0,1,2,0,0,1,3
4867,l0,female,40,Budakeszi,Lakatos ,184,3,2,1,0,1,1,1,1,2,0,0,0,0,101760,0,0,1,0,1,0,0,1,1,1,5,1,1,1,2,0,0,233,3,3,1,3,2,1,0,0,0,1,1,1,0
4868,l1,female,49,Budakeszi,asztalos ,168,4,0,3,1,1,1,1,1,2,0,0,0,0,159858,1,0,0,0,1,1,1,0,1,0,2,1,0,1,2,0,3,305,2,1,1,3,2,0,1,2,2,1,1,1,2
4869,l1,male,50,Nagykanizsa,Lakatos ,173,0,0,2,1,1,1,1,2,2,0,0,0,1,185855,1,0,0,0,1,0,1,1,1,0,5,3,0,4,2,1,4,34854,2,0,1,3,2,1,0,0,2,0,1,1,2
4870,l1,male,64,Nagykanizsa,Szakorvos ,179,3,0,3,1,1,1,1,1,1,5,4,0,0,129048,1,1,1,0,1,1,0,1,1,0,5,2,0,1,0,0,0,26791,1,0,1,3,0,1,0,2,0,0,1,1,1
4871,l0,male,25,Budakeszi,asztalos ,164,0,0,2,0,1,1,1,2,2,2,1,0,0,0,1,1,0,0,1,0,1,1,1,1,5,1,0,1,0,0,3,159,3,3,1,2,2,0,0,2,2,1,1,0,0
4872,l1,male,60,Nagybajcs,asztalos ,174,4,1,3,1,1,2,1,4,2,0,0,0,1,289423,0,0,1,0,1,0,1,0,1,0,2,1,0,3,2,0,3,44,3,0,1,3,1,0,0,1,2,0,0,0,1
4873,l1,male,45,Budakeszi,Szakorvos ,177,0,0,2,1,1,1,1,1,3,0,0,0,0,62048,1,0,0,1,1,1,0,0,0,0,1,0,1,4,0,0,3,402,3,3,1,1,1,1,1,1,1,0,1,1,3
4874,l1,female,62,Nagykanizsa,Lakatos ,177,4,0,3,0,1,1,1,2,3,1,1,0,0,266968,1,0,1,0,0,0,0,1,1,0,0,1,1,1,2,0,3,0,3,2,0,1,1,0,1,1,0,1,1,1,1
4875,l1,female,54,Nagykanizsa,Szakorvos ,188,4,2,4,1,1,2,1,1,3,2,1,0,1,72744,0,0,1,0,1,0,0,1,0,0,2,1,0,1,0,2,3,6478,2,0,1,1,2,0,0,0,0,1,0,1,3
4876,l1,female,63,Budakeszi,Lakatos ,191,1,0,1,1,1,1,1,2,3,0,0,0,1,188819,0,0,0,0,1,0,0,1,1,1,1,1,0,4,2,3,1,0,3,1,1,0,1,1,1,1,0,1,1,0,1
4877,l1,male,59,Nagybajcs,Szakorvos ,188,1,0,3,1,1,1,1,1,3,2,0,0,1,245350,1,0,1,1,1,1,1,1,1,1,5,1,0,4,0,1,0,315,3,1,1,1,0,1,1,2,2,1,1,1,1
4878,l1,male,59,Budakeszi,Lakatos ,168,1,0,4,1,1,1,1,1,2,1,4,0,0,59820,1,0,0,0,1,1,0,1,0,0,2,0,0,1,0,3,4,606,2,1,1,3,0,0,0,0,0,0,1,0,3
4879,l0,male,36,Nagykanizsa,asztalos ,157,3,0,3,1,1,1,1,2,2,0,0,0,1,332009,1,0,0,0,1,1,0,1,0,0,5,1,1,1,2,0,2,0,2,3,1,3,2,0,0,0,0,1,1,0,1
4880,l1,male,53,Budakeszi,Lakatos ,163,4,0,4,1,1,2,1,1,3,3,1,0,0,88543,0,0,1,0,1,0,0,0,0,0,1,2,0,4,0,0,0,417,2,3,1,3,2,1,0,1,0,1,1,1,1
4881,l1,male,36,Nagybajcs,Szakorvos ,161,3,0,2,0,1,1,1,2,2,2,1,0,0,215690,0,0,0,0,1,0,1,1,1,1,1,1,0,1,2,0,0,409,2,1,0,2,1,0,0,1,0,0,1,1,3
4882,l1,male,38,Budakeszi,Szakorvos ,173,1,0,4,0,1,1,1,1,2,0,0,0,0,0,1,1,1,0,1,0,1,1,1,1,1,1,0,1,0,0,3,421,3,0,1,1,2,0,0,1,0,0,1,0,1
4883,l0,male,34,Budakeszi,asztalos ,168,4,0,1,1,1,1,1,1,2,0,0,0,0,0,0,0,0,0,1,0,1,1,0,0,1,0,0,0,2,1,3,270,2,2,1,3,1,0,0,1,2,1,1,1,3
4884,l1,female,58,Nagykanizsa,Szakorvos ,176,4,0,4,1,1,1,1,1,2,3,1,0,0,37755,0,0,1,1,1,0,1,1,0,0,0,1,0,1,2,0,0,0,1,1,1,2,0,1,1,1,0,0,1,1,1
4885,l0,male,34,Nagykanizsa,asztalos ,161,2,1,3,1,1,1,1,1,2,8,4,0,0,27843,1,0,0,0,1,1,0,1,1,1,4,2,0,4,0,0,3,424,2,1,1,3,1,0,0,0,0,1,1,0,0
4886,l0,female,44,Budakeszi,Szakorvos ,163,2,0,4,1,1,2,1,1,2,2,0,0,1,235642,1,0,1,1,1,0,1,1,1,1,0,1,0,1,2,0,3,4500,2,2,1,3,1,1,1,1,2,1,1,1,1
4887,l0,female,29,Budakeszi,Szakorvos ,188,0,0,2,1,1,2,1,1,3,3,1,0,0,163030,1,0,0,0,1,0,0,1,1,1,4,1,0,0,0,0,0,222,2,1,1,3,1,1,0,1,1,0,0,0,4
4888,l1,male,59,Budakeszi,asztalos ,166,4,2,3,0,1,1,1,1,3,0,0,0,1,239807,1,1,0,0,1,0,0,1,1,1,1,1,0,0,0,0,0,483,2,1,1,1,2,0,0,1,0,0,1,1,3
4889,l1,female,59,Nagykanizsa,Lakatos ,176,0,0,3,1,1,1,1,1,0,0,0,0,0,0,1,0,0,0,1,0,0,1,0,0,3,1,0,1,0,1,2,365,3,0,1,3,1,0,0,0,0,1,1,0,1
4890,l1,male,40,Nagykanizsa,Lakatos ,193,0,1,4,1,1,1,1,1,2,11,1,0,1,347895,1,1,0,1,0,1,0,1,1,1,1,2,0,0,0,3,0,927,2,1,1,3,0,1,1,2,0,1,1,1,1
4891,l0,male,59,Budakeszi,asztalos ,171,4,0,3,1,1,1,1,3,0,3,1,0,0,291431,0,0,0,0,1,0,0,0,1,1,1,0,0,1,1,0,3,0,2,3,1,3,2,1,0,1,2,0,0,0,1
4892,l1,male,59,Nagykanizsa,Szakorvos ,165,1,2,4,1,1,1,1,2,2,1,4,0,0,137693,1,0,0,0,1,1,0,1,0,0,1,0,0,1,2,0,0,234,2,3,1,3,2,0,0,1,0,1,1,1,0
4893,l1,male,33,Nagykanizsa,Lakatos ,166,3,0,4,0,1,1,1,3,2,0,0,0,1,0,1,0,0,0,1,0,0,1,1,1,3,1,0,1,0,0,4,760,3,1,1,1,2,1,1,2,1,0,1,1,0
4894,l1,female,41,Nagykanizsa,Szakorvos ,189,4,0,2,0,1,1,1,1,0,1,4,0,1,544865,1,0,1,1,1,1,1,1,1,0,1,1,0,4,0,0,1,0,3,1,1,2,2,1,1,1,0,0,0,0,3
4895,l1,male,41,Nagykanizsa,Szakorvos ,171,3,2,3,1,1,1,1,1,2,1,0,0,0,178254,0,0,1,1,1,0,0,1,1,1,0,1,0,1,2,0,3,145,2,1,1,1,2,1,0,1,1,1,0,0,1
4896,l1,male,48,Budakeszi,Lakatos ,169,0,0,1,1,1,1,1,1,2,0,1,0,0,244396,0,0,1,0,1,0,0,1,1,1,1,1,1,1,2,0,0,0,2,2,1,3,1,0,0,1,0,0,1,0,4
4897,l1,male,58,Budakeszi,asztalos ,169,4,0,3,1,1,1,1,1,2,0,0,0,0,129371,0,0,0,0,0,0,0,1,0,0,0,1,0,0,2,0,3,201,1,0,1,1,2,1,1,1,2,1,0,0,3
4898,l1,male,45,Nagykanizsa,Lakatos ,162,4,0,4,1,1,1,1,1,2,0,0,0,1,216967,1,0,0,0,1,1,0,1,1,0,1,0,0,1,0,0,1,0,2,1,1,1,2,0,0,2,0,1,1,1,1
4899,l0,male,33,Nagykanizsa,Lakatos ,163,0,0,1,1,1,2,1,2,2,0,0,0,0,0,0,0,0,0,1,0,1,1,1,0,1,1,0,1,0,1,3,114,3,1,1,3,1,1,1,1,2,1,1,0,1
4900,l0,female,54,Nagykanizsa,Lakatos ,178,3,0,3,1,1,1,1,0,2,5,4,0,0,0,1,0,1,0,1,1,1,0,0,0,1,2,0,1,3,0,0,0,2,1,1,0,2,0,0,1,0,0,0,1,3
4901,l1,male,60,Nagykanizsa,Lakatos ,178,0,2,3,1,0,0,1,1,2,0,0,0,0,111841,0,0,0,0,0,0,1,1,1,1,1,1,0,1,0,0,0,359,2,3,1,1,1,0,1,1,0,0,1,1,1
4902,l1,male,47,Budakeszi,Lakatos ,175,4,0,3,1,1,1,1,1,2,3,1,0,0,114967,1,0,0,1,1,0,0,1,0,0,1,1,0,1,0,0,0,662,2,3,1,1,1,1,1,2,0,0,1,0,3
4903,l0,female,44,Nagykanizsa,Lakatos ,178,3,0,4,0,1,1,0,1,3,1,0,0,0,0,1,0,1,0,1,0,0,1,0,0,1,1,0,0,2,0,3,219,2,0,1,1,2,0,0,0,2,1,1,1,0
4904,l0,male,40,Budakeszi,asztalos ,181,2,0,3,1,1,1,0,1,0,6,1,0,0,122229,1,0,0,1,1,0,1,1,1,0,1,0,0,1,0,0,0,602,2,3,1,3,2,0,0,1,1,1,1,1,2
4905,l1,male,27,Nagykanizsa,Lakatos ,160,3,0,3,1,1,2,0,0,0,3,1,0,0,56750,1,0,0,0,1,0,0,1,1,1,0,1,0,0,0,1,2,115,2,1,1,3,2,0,0,2,2,0,1,0,0
4906,l0,male,41,Budakeszi,asztalos ,173,4,0,3,0,1,2,1,1,2,1,4,0,1,13035,1,0,0,0,0,0,0,1,1,1,1,0,0,4,0,1,1,0,2,1,1,3,0,1,0,1,2,0,1,1,1
4907,l1,male,55,Nagykanizsa,Lakatos ,186,4,2,4,1,1,1,1,1,2,1,1,0,0,0,1,1,0,0,1,0,1,1,1,1,5,2,1,1,0,0,0,450,3,3,1,3,3,0,0,1,0,0,1,0,3
4908,l0,male,41,Nagybajcs,asztalos ,168,4,0,1,1,1,1,1,2,2,3,0,0,0,396824,1,0,0,0,1,0,1,1,0,0,0,1,0,1,0,3,4,12448,1,0,1,3,1,0,0,1,0,0,0,0,1
4909,l0,male,55,Budakeszi,asztalos ,167,3,0,0,1,1,1,0,2,3,1,1,0,1,0,0,0,0,0,1,0,1,1,1,1,1,1,0,0,2,0,2,0,2,1,1,1,2,0,1,1,1,1,0,0,1
4910,l1,male,28,Nagykanizsa,asztalos ,166,4,0,4,0,1,1,1,2,2,4,1,0,0,0,0,0,1,0,1,0,0,1,1,1,1,3,0,1,0,0,1,0,3,1,1,1,2,0,0,1,0,0,1,1,1
4911,l0,male,37,Nagybajcs,asztalos ,166,4,0,3,1,1,1,1,1,2,7,4,0,0,221070,1,0,1,0,1,0,1,1,1,1,0,0,0,1,2,0,1,289,2,3,1,1,2,0,1,1,2,0,1,0,1
4912,l1,male,63,Budakeszi,asztalos ,175,3,0,3,1,1,1,1,2,3,2,0,0,1,165891,0,0,1,0,1,1,1,1,1,1,1,1,0,4,0,1,4,219,2,1,1,2,0,1,0,1,2,1,1,1,1
4913,l0,male,29,Nagykanizsa,asztalos ,168,2,0,3,0,1,1,1,1,2,2,4,0,0,179191,1,0,0,0,1,1,1,0,0,0,1,0,0,1,0,0,4,291,1,1,1,3,0,0,1,1,2,0,1,1,1
4914,l0,male,25,Nagykanizsa,asztalos ,165,3,0,3,0,1,1,1,2,2,4,4,0,0,0,0,0,0,0,1,0,1,1,1,0,3,1,1,3,2,1,3,0,3,3,1,1,2,1,1,1,0,0,1,1,4
4915,l1,male,32,Nagykanizsa,Szakorvos ,177,1,2,3,1,1,1,1,1,3,0,0,0,1,217553,0,0,0,1,1,0,1,0,1,1,1,1,0,1,2,0,4,202,2,0,1,2,2,1,1,1,2,0,0,0,3
4916,l0,male,40,Nagykanizsa,Lakatos ,172,3,2,1,0,0,0,0,1,0,6,4,0,0,0,1,0,0,1,1,1,1,1,1,1,2,1,0,0,0,0,4,777,2,1,1,2,1,1,1,1,2,1,1,1,1
4917,l1,male,34,Nagykanizsa,asztalos ,168,3,0,2,1,1,1,1,1,2,3,0,0,1,320114,1,0,1,0,0,0,0,0,0,0,1,1,0,3,2,0,0,117,3,2,1,1,2,1,1,2,2,1,1,1,1
4918,l1,male,31,Nagybajcs,Lakatos ,162,3,2,4,0,1,1,1,1,0,2,1,0,0,34148,1,0,0,1,1,0,1,0,0,0,1,1,0,1,2,2,4,8917,1,0,1,1,2,1,1,2,2,0,1,0,1
4919,l1,male,48,Nagykanizsa,Szakorvos ,180,4,0,3,1,1,2,1,1,3,3,4,0,0,259931,1,0,0,0,0,0,0,0,1,0,3,1,0,1,2,0,3,0,2,1,1,1,2,0,0,1,0,0,1,1,1
4920,l0,male,43,Nagykanizsa,Lakatos ,169,4,0,1,1,1,2,1,1,1,1,0,0,0,491604,1,0,0,0,1,1,0,1,0,0,5,2,0,0,0,0,4,384,2,1,1,2,2,1,0,1,2,0,0,0,2
4921,l0,male,54,Nagykanizsa,asztalos ,164,4,0,3,1,1,1,0,1,2,0,0,0,0,0,0,0,0,0,1,1,0,1,1,1,5,1,1,1,2,0,1,0,2,3,1,3,2,1,1,2,2,1,0,0,3
4922,l1,male,36,Budakeszi,Szakorvos ,174,3,2,3,1,1,2,1,1,2,2,1,0,1,0,0,0,1,1,1,1,1,1,1,0,4,1,0,1,0,0,0,0,2,1,1,1,0,1,0,2,2,1,1,1,0
4923,l0,male,57,Budakeszi,Lakatos ,194,3,0,1,1,1,1,1,1,3,1,1,0,0,394984,0,0,1,0,1,1,1,1,1,1,2,1,0,1,2,0,0,513,1,0,1,2,2,0,0,1,2,0,1,0,3
4924,l1,female,25,Nagykanizsa,Lakatos ,191,0,0,3,0,1,1,1,2,0,1,0,0,0,6456,1,0,0,0,1,0,0,1,1,1,1,0,1,1,0,2,4,171,3,3,1,1,1,0,1,1,0,0,1,1,1
4925,l1,male,30,Budakeszi,Lakatos ,168,4,2,1,1,1,1,1,2,3,2,1,0,0,56317,1,0,1,0,1,1,1,1,1,0,2,2,0,1,0,0,4,22,2,3,1,3,1,1,0,1,0,1,0,0,0
4926,l1,male,30,Nagykanizsa,asztalos ,170,4,0,3,1,1,1,0,1,2,6,4,0,1,110281,1,0,0,0,1,1,0,0,1,0,5,0,0,1,2,0,0,0,2,1,1,3,1,1,1,0,0,1,1,0,1
4927,l0,male,57,Nagykanizsa,asztalos ,160,3,0,3,1,1,2,1,1,3,3,4,0,0,517717,1,0,0,0,1,1,1,1,1,0,5,2,1,1,0,0,1,0,3,3,1,3,2,0,0,1,0,0,1,0,0
4928,l0,male,25,Nagykanizsa,asztalos ,182,4,2,3,1,1,1,1,2,2,0,4,0,0,583262,1,0,1,0,1,0,1,1,1,1,5,1,0,1,2,0,1,0,2,3,1,1,2,1,0,2,0,0,1,0,1
4929,l0,male,41,Nagykanizsa,Lakatos ,171,0,1,4,0,1,1,0,1,2,0,0,0,0,110873,1,0,1,0,0,0,1,1,1,1,0,1,0,1,2,2,4,0,2,1,1,2,1,1,1,1,0,1,0,0,3
4930,l0,male,28,Nagykanizsa,Lakatos ,168,3,0,2,0,1,2,1,3,2,2,1,0,1,267821,1,0,1,0,1,0,0,1,1,1,1,1,1,1,0,0,0,376,3,3,1,1,2,0,1,1,0,0,1,0,1
4931,l1,male,54,Budakeszi,Lakatos ,173,4,0,3,1,1,1,0,2,3,1,0,0,0,0,1,1,0,0,1,0,0,1,0,0,5,1,0,1,2,3,4,296,3,3,1,1,0,0,0,1,1,0,0,0,1
4932,l1,male,63,Nagykanizsa,Szakorvos ,175,3,1,3,1,1,1,1,1,2,2,0,0,0,131604,1,0,0,0,0,1,0,0,1,1,2,1,0,1,2,1,0,5924,3,1,1,1,2,0,0,0,0,0,0,0,2
4933,l1,male,64,Budakeszi,Szakorvos ,174,3,2,3,1,1,1,1,1,2,0,0,0,0,0,1,0,0,0,0,1,1,1,1,1,1,1,0,1,2,1,0,3943,2,2,1,1,1,0,0,1,0,0,1,0,0
4934,l1,male,54,Budakeszi,asztalos ,168,4,1,3,1,1,1,1,1,2,1,1,0,0,320331,0,1,1,0,1,0,1,1,1,1,1,1,0,1,0,0,1,469,2,1,1,1,1,0,0,1,1,1,1,0,0
4935,l1,male,33,Nagykanizsa,Lakatos ,170,0,0,3,1,1,1,1,1,2,3,1,0,0,293699,1,0,0,0,0,0,0,1,1,0,1,2,1,1,0,0,0,0,3,3,1,1,0,0,1,0,1,1,0,0,2
4936,l0,male,33,Budakeszi,asztalos ,158,0,0,3,1,1,1,1,1,2,3,1,0,0,329763,0,0,0,0,1,0,1,1,1,1,5,1,0,4,0,0,1,0,2,1,1,2,0,0,0,2,2,0,1,0,0
4937,l1,male,44,Nagykanizsa,Szakorvos ,160,2,0,2,0,0,1,1,1,2,0,0,0,0,9304,1,0,0,0,1,0,1,1,1,0,2,1,0,2,0,0,0,2707,1,0,1,2,2,1,1,1,0,0,0,0,2
4938,l1,female,40,Nagykanizsa,asztalos ,182,0,0,2,1,1,1,1,1,2,1,4,0,1,275338,1,1,1,1,0,1,0,1,1,1,0,2,0,0,0,3,4,7427,2,1,1,1,0,1,0,1,1,1,1,1,2
4939,l0,male,47,Nagykanizsa,Lakatos ,182,0,0,3,1,1,1,1,2,2,8,4,0,1,366970,1,1,0,0,1,0,0,1,1,1,1,0,0,4,0,0,1,6518,1,1,1,1,1,1,1,1,0,0,0,0,1
4940,l1,male,34,Budakeszi,Lakatos ,174,2,0,4,0,1,1,1,2,3,3,1,0,0,33919,1,0,0,0,0,0,0,1,0,0,1,0,0,4,0,0,3,271,2,3,1,1,2,1,1,1,0,1,0,0,2
4941,l0,male,30,Nagykanizsa,Szakorvos ,168,4,0,4,1,1,1,1,1,2,0,0,0,0,307232,1,0,0,0,1,1,0,1,1,0,1,1,0,4,0,0,4,300,2,1,1,3,1,0,0,0,0,1,1,1,1
4942,l0,female,39,Nagykanizsa,Szakorvos ,180,3,0,3,1,1,1,1,2,3,2,0,0,0,149751,1,0,1,0,0,1,1,1,1,0,5,0,0,1,0,1,3,331,3,3,0,1,0,1,0,1,2,0,1,0,3
4943,l1,male,58,Budakeszi,Lakatos ,184,0,0,2,1,1,1,1,1,2,4,4,0,1,0,1,0,0,0,1,1,0,1,0,0,3,1,0,4,4,0,3,236,2,1,1,3,2,0,0,0,0,1,1,1,1
4944,l1,female,52,Budakeszi,Szakorvos ,157,1,0,3,1,1,1,1,1,2,3,4,0,0,89070,1,0,0,0,1,0,0,1,0,0,1,1,0,4,4,3,4,9986,3,3,1,3,2,1,1,2,1,1,1,1,1
4945,l1,female,53,Nagykanizsa,Szakorvos ,161,0,0,4,1,1,1,1,1,2,5,0,0,1,0,0,0,1,1,1,1,0,0,0,0,2,2,0,0,0,0,0,104,1,0,1,3,2,1,1,1,1,0,0,0,4
4946,l1,male,46,Budakeszi,asztalos ,167,3,2,3,1,1,1,0,2,2,0,0,0,0,83572,0,0,0,0,1,0,0,1,1,0,0,1,0,4,2,0,0,0,3,0,1,3,0,0,1,2,0,1,1,0,1
4947,l1,female,57,Nagykanizsa,Szakorvos ,183,4,0,2,1,1,1,1,1,2,2,1,0,0,0,0,0,0,1,1,1,1,1,1,0,1,1,0,0,2,2,3,700,2,1,1,2,0,1,0,1,2,1,1,0,2
4948,l0,male,27,Nagykanizsa,Lakatos ,174,3,0,1,1,1,1,1,2,2,2,1,0,0,49769,0,0,0,1,0,1,0,0,1,1,1,1,0,0,0,0,2,504,3,3,1,2,0,0,0,1,2,1,0,0,3
4949,l1,male,49,Nagykanizsa,Szakorvos ,187,3,0,3,1,1,1,0,1,3,5,0,0,0,115833,0,0,1,0,1,1,0,1,0,0,5,1,0,4,3,0,4,536,2,1,1,3,1,1,1,1,0,1,1,1,1
4950,l1,male,56,Nagykanizsa,Lakatos ,171,0,1,4,1,1,1,1,1,2,1,0,0,1,0,1,0,0,0,1,0,0,1,1,0,5,0,1,1,0,0,0,200,3,3,0,3,1,1,1,2,2,0,0,0,1
4951,l1,female,36,Nagykanizsa,Szakorvos ,164,3,0,4,1,1,2,1,1,0,0,0,0,0,371054,0,1,0,0,1,0,0,1,0,0,3,1,0,1,0,0,3,0,2,1,1,1,2,1,1,1,0,0,0,0,1
4952,l1,female,51,Nagykanizsa,Lakatos ,178,0,2,3,0,1,2,1,1,3,0,0,0,0,109594,1,1,1,0,1,0,0,1,1,1,0,2,0,1,2,0,3,243,3,3,1,3,0,1,0,1,2,0,1,0,1
4953,l0,male,48,Nagykanizsa,asztalos ,160,4,0,3,1,1,1,1,2,2,1,0,0,0,161794,1,0,0,0,0,0,1,1,1,0,0,0,0,0,2,0,0,296,2,1,1,1,0,0,0,2,2,1,1,1,1
4954,l0,male,56,Nagykanizsa,asztalos ,166,4,0,1,1,1,1,0,1,2,0,0,0,0,389365,1,0,1,0,0,0,0,1,1,1,0,1,0,1,0,0,1,208,2,1,1,0,2,0,1,0,0,1,1,1,1
4955,l1,female,48,Budakeszi,Szakorvos ,166,3,0,2,1,1,2,1,1,2,3,1,0,1,0,1,0,0,0,1,0,1,1,1,0,1,1,0,1,4,0,3,0,3,0,1,1,0,0,0,1,1,0,0,0,1
4956,l1,female,56,Nagykanizsa,Szakorvos ,199,4,0,4,1,1,1,1,1,3,1,0,0,0,356850,1,0,0,0,1,0,1,1,1,0,5,1,0,0,0,0,0,70,2,1,1,1,0,0,0,2,0,1,1,0,4
4957,l0,male,49,Budakeszi,asztalos ,159,3,1,3,1,1,2,1,2,0,1,0,0,0,187869,1,0,1,0,1,0,0,1,1,1,5,3,1,1,2,0,3,270,3,1,1,2,1,0,0,2,2,1,1,1,1
4958,l0,male,37,Budakeszi,asztalos ,168,0,0,1,0,1,1,1,1,2,0,0,0,1,141045,1,0,1,0,1,1,1,1,1,1,5,2,0,1,2,4,4,327,2,0,1,3,2,0,0,0,0,1,0,0,4
4959,l1,male,38,Nagykanizsa,Szakorvos ,172,1,0,4,0,1,1,1,2,2,0,0,0,1,0,0,0,0,0,0,1,1,0,0,0,1,2,0,3,2,0,0,407,1,1,1,2,1,1,1,1,0,1,0,0,0
4960,l0,male,27,Nagykanizsa,asztalos ,176,0,0,3,1,1,1,1,1,2,1,1,0,1,0,0,0,0,0,0,0,0,0,0,0,1,1,0,0,2,0,0,0,3,1,1,2,0,0,1,2,1,1,1,0,1
4961,l0,male,32,Budakeszi,asztalos ,161,0,0,3,1,1,2,1,2,3,1,1,0,1,20590,1,0,0,0,1,0,1,1,0,0,1,1,0,1,1,0,0,0,3,3,1,3,2,0,1,1,2,0,0,0,1
4962,l1,male,29,Budakeszi,Szakorvos ,172,4,1,4,1,1,2,0,1,2,7,4,0,0,91269,0,0,0,0,1,0,1,1,1,1,5,1,0,1,1,0,0,0,2,1,1,3,2,0,0,2,2,0,0,0,3
4963,l1,male,38,Nagykanizsa,asztalos ,172,1,0,3,1,1,1,1,1,0,2,1,0,0,250309,1,0,0,0,1,1,1,1,1,1,1,1,0,1,0,0,1,482,2,3,1,2,2,0,0,1,2,0,1,0,2
4964,l0,male,49,Budakeszi,asztalos ,157,0,0,3,1,1,1,1,1,2,1,1,0,0,149229,0,0,1,0,1,1,1,1,1,0,5,1,0,1,2,1,3,439,1,0,1,2,2,1,1,1,0,1,0,0,1
4965,l0,male,27,Budakeszi,asztalos ,173,3,0,3,0,1,1,0,2,3,7,4,0,0,328396,1,0,0,1,1,1,1,1,1,1,3,1,0,0,0,0,3,6768,2,3,1,2,2,0,0,1,0,1,0,0,1
4966,l0,male,46,Budakeszi,asztalos ,170,1,0,3,1,1,1,1,3,0,2,1,0,1,483937,1,0,0,0,1,0,0,1,1,0,4,3,0,0,0,0,3,213,3,3,1,1,1,1,1,1,1,0,0,0,2
4967,l1,male,43,Budakeszi,Lakatos ,155,4,0,1,1,1,1,1,2,2,2,1,0,1,141483,0,0,0,1,1,0,0,1,0,0,5,0,0,1,0,0,1,499,3,3,1,1,2,1,1,2,1,0,1,0,1
4968,l1,male,55,Nagykanizsa,Szakorvos ,168,4,0,1,0,1,2,1,2,2,1,0,0,1,672666,0,0,1,0,0,0,0,1,1,0,2,1,0,1,2,0,0,454,3,1,0,1,0,1,1,2,2,0,1,0,2
4969,l1,male,30,Budakeszi,asztalos ,153,3,2,3,1,1,1,1,1,2,1,1,0,0,0,0,0,0,1,0,0,0,0,1,1,0,3,0,1,0,1,0,7044,2,1,1,1,0,1,0,2,1,0,1,1,1
4970,l0,male,50,Nagykanizsa,Lakatos ,183,4,0,4,1,1,1,1,1,0,0,0,0,0,191360,1,0,0,0,1,0,1,0,1,0,3,1,0,1,1,0,4,0,2,0,1,2,1,0,0,1,0,1,1,1,0
4971,l1,female,45,Nagykanizsa,Lakatos ,177,3,2,1,1,1,2,1,2,2,1,1,0,0,22773,0,0,0,0,0,0,0,1,1,1,2,1,0,4,0,0,0,0,1,0,1,1,1,0,0,1,0,0,1,1,0
4972,l1,male,49,Budakeszi,Lakatos ,173,4,1,4,0,1,1,1,4,3,2,1,0,0,0,1,0,0,0,0,0,1,1,0,0,1,1,0,0,0,0,3,0,3,0,1,1,2,1,0,1,0,0,0,0,1
4973,l1,male,62,Budakeszi,Lakatos ,159,4,2,3,1,1,1,1,1,3,10,4,0,0,249101,1,0,0,0,0,0,0,1,1,0,1,3,0,0,2,4,4,0,2,0,1,0,2,1,0,1,2,1,1,1,1
4974,l1,female,37,Nagykanizsa,Lakatos ,171,0,2,2,0,1,1,1,1,2,0,0,0,0,9410,1,0,1,0,1,0,1,1,1,0,5,0,0,0,4,0,0,655,2,3,1,2,0,1,0,1,0,0,1,1,1
4975,l0,male,52,Budakeszi,Szakorvos ,161,4,0,2,1,1,1,1,4,3,2,1,0,1,65683,1,0,0,0,1,0,0,1,1,0,0,1,0,1,2,0,3,222,2,1,1,1,2,0,0,0,0,0,1,1,1
4976,l0,female,48,Budakeszi,Lakatos ,173,4,0,1,1,1,1,0,2,1,0,4,0,0,0,1,0,0,0,0,0,1,1,1,0,5,3,0,1,0,0,4,0,0,1,1,2,2,1,0,2,2,0,0,0,1
4977,l1,female,46,Nagybajcs,Szakorvos ,163,0,2,4,1,1,1,1,1,2,5,1,0,1,13211456,1,0,1,0,0,0,0,1,1,1,1,1,0,1,1,0,0,577,2,2,1,2,2,1,1,0,0,1,0,0,1
4978,l1,male,40,Nagykanizsa,Lakatos ,157,4,1,3,0,1,2,1,2,3,4,4,0,0,55473,1,0,0,0,1,0,0,0,0,1,4,0,0,1,2,0,1,0,3,0,1,3,1,0,0,1,2,1,1,1,1
4979,l1,male,60,Nagykanizsa,asztalos ,175,4,0,3,1,1,0,1,2,2,5,4,0,1,321589,1,0,0,1,1,1,0,0,1,1,1,2,0,0,2,3,1,0,3,1,1,3,1,1,1,2,2,0,1,1,3
4980,l1,male,28,Budakeszi,Lakatos ,175,1,0,2,1,1,1,1,4,2,2,1,0,0,0,1,0,0,0,1,0,0,1,1,1,1,3,0,1,2,0,2,101,2,2,1,3,2,0,1,0,2,0,1,1,3
4981,l0,male,42,Budakeszi,Szakorvos ,166,3,0,4,0,1,1,1,1,2,4,0,0,0,324217,0,0,0,0,1,1,0,1,1,0,5,1,0,1,2,0,1,35,2,1,1,2,1,0,0,2,2,1,0,0,1
4982,l1,male,63,Nagykanizsa,Lakatos ,170,3,0,3,1,1,1,1,1,3,11,0,0,0,248474,1,0,0,0,1,0,1,1,0,0,5,1,0,0,0,0,3,0,2,0,1,3,1,1,0,2,2,0,1,1,1
4983,l0,male,42,Nagykanizsa,Lakatos ,168,4,0,1,0,1,1,0,3,3,1,1,0,0,0,1,0,0,0,1,0,0,1,1,1,1,1,0,4,2,0,1,0,2,0,1,3,2,0,0,1,2,0,0,1,1
4984,l0,male,28,Nagybajcs,asztalos ,160,1,0,0,1,1,1,1,1,2,5,4,0,0,172612,1,0,0,0,1,0,0,1,1,1,5,2,0,4,2,0,4,548,1,1,1,1,2,1,1,2,1,0,1,1,2
4985,l1,female,36,Budakeszi,Lakatos ,180,3,2,3,1,1,1,1,1,2,10,4,0,1,46042,1,0,0,0,1,0,0,0,1,0,1,1,0,1,1,0,4,0,2,0,1,3,2,1,1,1,0,0,0,0,1
4986,l0,male,28,Nagybajcs,asztalos ,164,4,2,3,1,1,1,1,4,2,0,0,0,1,201430,1,0,1,0,1,1,1,1,1,0,3,1,0,1,0,1,3,523,1,1,1,2,2,0,0,0,0,1,0,0,4
4987,l1,male,43,Nagybajcs,asztalos ,168,4,0,3,0,1,2,1,2,0,6,4,0,1,0,0,0,0,1,1,1,0,1,0,0,1,1,0,1,0,0,0,0,3,1,1,2,1,1,1,1,2,1,1,1,1
4988,l1,male,53,Budakeszi,Lakatos ,158,3,0,2,0,1,2,1,1,2,0,0,0,0,269194,1,0,1,1,1,0,1,1,0,0,4,2,0,0,0,0,2,0,2,1,1,2,2,1,1,2,0,1,0,0,2
4989,l1,male,45,Budakeszi,Lakatos ,172,3,0,3,1,1,1,1,1,2,1,1,0,0,218069,0,0,0,0,1,0,0,1,1,0,4,0,0,1,2,0,0,2881,2,3,1,1,2,1,1,2,2,1,0,0,0
4990,l1,male,43,Budakeszi,asztalos ,162,3,0,3,1,1,1,1,3,2,1,0,0,0,451049,1,0,1,0,1,0,1,1,1,1,3,2,0,3,0,1,4,3604,1,1,1,3,1,0,0,1,0,1,1,1,1
4991,l0,male,57,Nagykanizsa,asztalos ,175,3,0,1,0,1,1,1,1,0,2,1,0,0,121599,1,1,1,0,1,0,1,1,0,0,5,1,0,1,4,0,1,6661,2,1,1,1,2,0,0,2,0,1,1,0,2
4992,l0,male,46,Nagykanizsa,Lakatos ,179,2,0,2,1,1,1,1,1,1,14,0,0,0,399890,0,0,0,0,1,1,1,1,1,1,3,2,0,1,0,0,1,69,2,2,1,0,0,1,0,1,0,1,1,0,1
4993,l1,female,51,Budakeszi,asztalos ,172,3,0,3,1,1,1,1,1,3,7,4,0,1,500591,1,0,1,0,0,1,0,1,1,1,0,1,0,3,0,0,3,328,2,0,1,2,2,0,0,0,1,0,1,1,3
4994,l1,male,65,Budakeszi,Szakorvos ,177,4,0,2,0,1,1,1,0,2,6,1,0,0,418358,1,0,1,0,1,0,0,1,1,1,1,3,0,4,1,0,0,93,1,1,1,2,0,0,0,2,1,1,1,1,1
4995,l1,male,45,Budakeszi,Lakatos ,160,0,0,4,1,1,1,0,2,2,1,0,0,0,0,1,0,0,0,1,0,1,0,1,1,1,0,0,3,2,0,1,293,2,0,1,1,2,1,0,0,0,1,1,1,3
4996,l0,male,55,Nagykanizsa,asztalos ,173,3,2,4,0,1,1,1,1,2,11,1,0,1,48769,0,0,0,0,0,1,0,1,0,0,3,0,0,1,0,0,4,335,2,1,0,1,1,1,1,0,0,1,0,0,1
4997,l0,male,29,Budakeszi,asztalos ,179,4,0,2,1,1,1,1,1,3,3,1,0,1,0,1,0,0,0,1,1,1,1,1,1,1,2,0,0,0,0,0,0,2,2,1,1,1,1,0,1,1,0,1,0,1
4998,l1,female,55,Nagykanizsa,Szakorvos ,180,4,0,3,1,1,2,1,2,2,2,1,0,0,190368,0,0,0,1,0,0,0,1,1,0,5,1,1,1,2,0,0,561,3,3,1,1,2,0,1,1,0,1,1,1,3
4999,l1,female,59,Nagykanizsa,Lakatos ,177,4,0,3,0,1,1,1,1,2,2,1,0,0,0,1,0,0,0,1,1,0,1,1,1,4,1,1,1,0,0,0,0,3,3,1,3,2,1,1,1,0,1,0,0,1
